ERROR - Dependency scan failed at insn: 0x0012: SGET r221 in method: com.scottyab.rootbeer.Const.<clinit>():void, file: /workspace/xh/fixp_148608.dex
java.lang.IllegalArgumentException: newPosition < 0: (-2051686912 < 0)
	at java.base/java.nio.Buffer.createPositionException(Buffer.java:351)
	at java.base/java.nio.Buffer.position(Buffer.java:326)
	at java.base/java.nio.ByteBuffer.position(ByteBuffer.java:1561)
	at jadx.plugins.input.dex.sections.SectionReader.absPos(SectionReader.java:82)
	at jadx.plugins.input.dex.sections.SectionReader.getString(SectionReader.java:175)
	at jadx.plugins.input.dex.sections.SectionReader.getType(SectionReader.java:165)
	at jadx.plugins.input.dex.sections.SectionReader.fillFieldData(SectionReader.java:194)
	at jadx.plugins.input.dex.sections.SectionReader.getFieldRef(SectionReader.java:183)
	at jadx.plugins.input.dex.insns.DexInsnData.getIndexAsField(DexInsnData.java:131)
	at jadx.core.dex.visitors.usage.UsageInfoVisitor.processInsn(UsageInfoVisitor.java:150)
	at jadx.core.dex.visitors.usage.UsageInfoVisitor.lambda$processInstructions$0(UsageInfoVisitor.java:130)
	at jadx.plugins.input.dex.sections.DexCodeReader.visitInstructions(DexCodeReader.java:86)
	at jadx.core.dex.visitors.usage.UsageInfoVisitor.processInstructions(UsageInfoVisitor.java:128)
	at jadx.core.dex.visitors.usage.UsageInfoVisitor.processMethod(UsageInfoVisitor.java:113)
	at jadx.core.dex.visitors.usage.UsageInfoVisitor.processClass(UsageInfoVisitor.java:101)
	at jadx.core.dex.visitors.usage.UsageInfoVisitor.buildUsageData(UsageInfoVisitor.java:81)
	at jadx.core.dex.visitors.usage.UsageInfoVisitor.init(UsageInfoVisitor.java:65)
	at jadx.core.dex.nodes.RootNode.runPreDecompileStage(RootNode.java:356)
	at jadx.api.JadxDecompiler.load(JadxDecompiler.java:136)
	at jadx.cli.JadxCLI.runSave(JadxCLI.java:71)
	at jadx.cli.JadxCLI.execute(JadxCLI.java:44)
	at jadx.cli.JadxCLI.execute(JadxCLI.java:33)
	at jadx.cli.JadxCLI.main(JadxCLI.java:26)
ERROR - Dependency scan failed at insn: 0x0038: SPUT r225 in method: com.scottyab.rootbeer.Const.<clinit>():void, file: /workspace/xh/fixp_148608.dex
java.lang.IllegalArgumentException: newPosition > limit: (329254596 > 3323492)
	at java.base/java.nio.Buffer.createPositionException(Buffer.java:351)
	at java.base/java.nio.Buffer.position(Buffer.java:326)
	at java.base/java.nio.ByteBuffer.position(ByteBuffer.java:1561)
	at jadx.plugins.input.dex.sections.SectionReader.absPos(SectionReader.java:82)
	at jadx.plugins.input.dex.sections.SectionReader.getString(SectionReader.java:175)
	at jadx.plugins.input.dex.sections.SectionReader.getType(SectionReader.java:165)
	at jadx.plugins.input.dex.sections.SectionReader.fillFieldData(SectionReader.java:194)
	at jadx.plugins.input.dex.sections.SectionReader.getFieldRef(SectionReader.java:183)
	at jadx.plugins.input.dex.insns.DexInsnData.getIndexAsField(DexInsnData.java:131)
	at jadx.core.dex.visitors.usage.UsageInfoVisitor.processInsn(UsageInfoVisitor.java:150)
	at jadx.core.dex.visitors.usage.UsageInfoVisitor.lambda$processInstructions$0(UsageInfoVisitor.java:130)
	at jadx.plugins.input.dex.sections.DexCodeReader.visitInstructions(DexCodeReader.java:86)
	at jadx.core.dex.visitors.usage.UsageInfoVisitor.processInstructions(UsageInfoVisitor.java:128)
	at jadx.core.dex.visitors.usage.UsageInfoVisitor.processMethod(UsageInfoVisitor.java:113)
	at jadx.core.dex.visitors.usage.UsageInfoVisitor.processClass(UsageInfoVisitor.java:101)
	at jadx.core.dex.visitors.usage.UsageInfoVisitor.buildUsageData(UsageInfoVisitor.java:81)
	at jadx.core.dex.visitors.usage.UsageInfoVisitor.init(UsageInfoVisitor.java:65)
	at jadx.core.dex.nodes.RootNode.runPreDecompileStage(RootNode.java:356)
	at jadx.api.JadxDecompiler.load(JadxDecompiler.java:136)
	at jadx.cli.JadxCLI.runSave(JadxCLI.java:71)
	at jadx.cli.JadxCLI.execute(JadxCLI.java:44)
	at jadx.cli.JadxCLI.execute(JadxCLI.java:33)
	at jadx.cli.JadxCLI.main(JadxCLI.java:26)
ERROR - Dependency scan failed at insn: 0x003C: SGET r153 in method: com.scottyab.rootbeer.Const.<clinit>():void, file: /workspace/xh/fixp_148608.dex
java.lang.NullPointerException: Cannot invoke "jadx.core.dex.instructions.args.ArgType.hashCode()" because "this.type" is null
	at jadx.core.dex.info.FieldInfo.hashCode(FieldInfo.java:102)
	at java.base/java.util.HashMap.hash(HashMap.java:338)
	at java.base/java.util.HashMap.getNode(HashMap.java:577)
	at java.base/java.util.HashMap.get(HashMap.java:565)
	at jadx.core.dex.info.InfoStorage.getField(InfoStorage.java:57)
	at jadx.core.dex.info.FieldInfo.fromRef(FieldInfo.java:33)
	at jadx.core.dex.visitors.usage.UsageInfoVisitor.processInsn(UsageInfoVisitor.java:150)
	at jadx.core.dex.visitors.usage.UsageInfoVisitor.lambda$processInstructions$0(UsageInfoVisitor.java:130)
	at jadx.plugins.input.dex.sections.DexCodeReader.visitInstructions(DexCodeReader.java:86)
	at jadx.core.dex.visitors.usage.UsageInfoVisitor.processInstructions(UsageInfoVisitor.java:128)
	at jadx.core.dex.visitors.usage.UsageInfoVisitor.processMethod(UsageInfoVisitor.java:113)
	at jadx.core.dex.visitors.usage.UsageInfoVisitor.processClass(UsageInfoVisitor.java:101)
	at jadx.core.dex.visitors.usage.UsageInfoVisitor.buildUsageData(UsageInfoVisitor.java:81)
	at jadx.core.dex.visitors.usage.UsageInfoVisitor.init(UsageInfoVisitor.java:65)
	at jadx.core.dex.nodes.RootNode.runPreDecompileStage(RootNode.java:356)
	at jadx.api.JadxDecompiler.load(JadxDecompiler.java:136)
	at jadx.cli.JadxCLI.runSave(JadxCLI.java:71)
	at jadx.cli.JadxCLI.execute(JadxCLI.java:44)
	at jadx.cli.JadxCLI.execute(JadxCLI.java:33)
	at jadx.cli.JadxCLI.main(JadxCLI.java:26)
ERROR - Dependency scan failed at insn: 0x0040: IPUT r15, r13 in method: com.scottyab.rootbeer.Const.<clinit>():void, file: /workspace/xh/fixp_148608.dex
java.lang.IllegalArgumentException: newPosition < 0: (-1592182212 < 0)
	at java.base/java.nio.Buffer.createPositionException(Buffer.java:351)
	at java.base/java.nio.Buffer.position(Buffer.java:326)
	at java.base/java.nio.ByteBuffer.position(ByteBuffer.java:1561)
	at jadx.plugins.input.dex.sections.SectionReader.absPos(SectionReader.java:82)
	at jadx.plugins.input.dex.sections.SectionReader.getString(SectionReader.java:175)
	at jadx.plugins.input.dex.sections.SectionReader.fillFieldData(SectionReader.java:195)
	at jadx.plugins.input.dex.sections.SectionReader.getFieldRef(SectionReader.java:183)
	at jadx.plugins.input.dex.insns.DexInsnData.getIndexAsField(DexInsnData.java:131)
	at jadx.core.dex.visitors.usage.UsageInfoVisitor.processInsn(UsageInfoVisitor.java:150)
	at jadx.core.dex.visitors.usage.UsageInfoVisitor.lambda$processInstructions$0(UsageInfoVisitor.java:130)
	at jadx.plugins.input.dex.sections.DexCodeReader.visitInstructions(DexCodeReader.java:86)
	at jadx.core.dex.visitors.usage.UsageInfoVisitor.processInstructions(UsageInfoVisitor.java:128)
	at jadx.core.dex.visitors.usage.UsageInfoVisitor.processMethod(UsageInfoVisitor.java:113)
	at jadx.core.dex.visitors.usage.UsageInfoVisitor.processClass(UsageInfoVisitor.java:101)
	at jadx.core.dex.visitors.usage.UsageInfoVisitor.buildUsageData(UsageInfoVisitor.java:81)
	at jadx.core.dex.visitors.usage.UsageInfoVisitor.init(UsageInfoVisitor.java:65)
	at jadx.core.dex.nodes.RootNode.runPreDecompileStage(RootNode.java:356)
	at jadx.api.JadxDecompiler.load(JadxDecompiler.java:136)
	at jadx.cli.JadxCLI.runSave(JadxCLI.java:71)
	at jadx.cli.JadxCLI.execute(JadxCLI.java:44)
	at jadx.cli.JadxCLI.execute(JadxCLI.java:33)
	at jadx.cli.JadxCLI.main(JadxCLI.java:26)
ERROR - Dependency scan failed at insn: 0x0047: FILLED_NEW_ARRAY_RANGE r36759, r36760, r36761, r36762, r36763, r36764, r36765, r36766, r36767, r36768, r36769, r36770, r36771, r36772, r36773, r36774, r36775, r36776, r36777, r36778, r36779, r36780, r36781, r36782, r36783, r36784, r36785, r36786, r36787, r36788, r36789, r36790, r36791, r36792, r36793, r36794, r36795, r36796, r36797, r36798, r36799, r36800, r36801, r36802, r36803, r36804, r36805, r36806, r36807, r36808, r36809, r36810, r36811, r36812, r36813, r36814, r36815, r36816, r36817, r36818, r36819, r36820, r36821, r36822, r36823, r36824, r36825, r36826, r36827, r36828, r36829, r36830, r36831, r36832, r36833, r36834, r36835, r36836, r36837, r36838, r36839, r36840, r36841, r36842, r36843, r36844, r36845, r36846, r36847, r36848, r36849, r36850, r36851, r36852, r36853, r36854, r36855, r36856, r36857, r36858, r36859, r36860, r36861, r36862, r36863, r36864, r36865, r36866, r36867, r36868, r36869, r36870, r36871, r36872, r36873, r36874, r36875, r36876, r36877, r36878, r36879, r36880, r36881, r36882, r36883, r36884, r36885, r36886, r36887, r36888, r36889, r36890, r36891, r36892, r36893, r36894, r36895, r36896, r36897, r36898, r36899, r36900, r36901, r36902, r36903, r36904, r36905, r36906, r36907, r36908, r36909, r36910, r36911, r36912, r36913, r36914, r36915, r36916, r36917, r36918, r36919, r36920, r36921, r36922, r36923, r36924, r36925, r36926, r36927, r36928, r36929, r36930, r36931, r36932, r36933, r36934, r36935, r36936, r36937, r36938, r36939, r36940, r36941, r36942, r36943, r36944, r36945, r36946, r36947, r36948, r36949, r36950, r36951, r36952, r36953, r36954, r36955, r36956, r36957, r36958 in method: com.scottyab.rootbeer.Const.<clinit>():void, file: /workspace/xh/fixp_148608.dex
java.lang.IllegalArgumentException: newPosition < 0: (-773232048 < 0)
	at java.base/java.nio.Buffer.createPositionException(Buffer.java:351)
	at java.base/java.nio.Buffer.position(Buffer.java:326)
	at java.base/java.nio.ByteBuffer.position(ByteBuffer.java:1561)
	at jadx.plugins.input.dex.sections.SectionReader.absPos(SectionReader.java:82)
	at jadx.plugins.input.dex.sections.SectionReader.getString(SectionReader.java:175)
	at jadx.plugins.input.dex.sections.SectionReader.getType(SectionReader.java:165)
	at jadx.plugins.input.dex.insns.DexInsnData.getIndexAsType(DexInsnData.java:126)
	at jadx.core.dex.visitors.usage.UsageInfoVisitor.processInsn(UsageInfoVisitor.java:144)
	at jadx.core.dex.visitors.usage.UsageInfoVisitor.lambda$processInstructions$0(UsageInfoVisitor.java:130)
	at jadx.plugins.input.dex.sections.DexCodeReader.visitInstructions(DexCodeReader.java:86)
	at jadx.core.dex.visitors.usage.UsageInfoVisitor.processInstructions(UsageInfoVisitor.java:128)
	at jadx.core.dex.visitors.usage.UsageInfoVisitor.processMethod(UsageInfoVisitor.java:113)
	at jadx.core.dex.visitors.usage.UsageInfoVisitor.processClass(UsageInfoVisitor.java:101)
	at jadx.core.dex.visitors.usage.UsageInfoVisitor.buildUsageData(UsageInfoVisitor.java:81)
	at jadx.core.dex.visitors.usage.UsageInfoVisitor.init(UsageInfoVisitor.java:65)
	at jadx.core.dex.nodes.RootNode.runPreDecompileStage(RootNode.java:356)
	at jadx.api.JadxDecompiler.load(JadxDecompiler.java:136)
	at jadx.cli.JadxCLI.runSave(JadxCLI.java:71)
	at jadx.cli.JadxCLI.execute(JadxCLI.java:44)
	at jadx.cli.JadxCLI.execute(JadxCLI.java:33)
	at jadx.cli.JadxCLI.main(JadxCLI.java:26)
ERROR - Dependency scan failed at insn: 0x0051: IPUT r4, r0 in method: com.scottyab.rootbeer.Const.<clinit>():void, file: /workspace/xh/fixp_148608.dex
java.lang.NullPointerException: Cannot invoke "jadx.core.dex.instructions.args.ArgType.hashCode()" because "this.type" is null
	at jadx.core.dex.info.FieldInfo.hashCode(FieldInfo.java:102)
	at java.base/java.util.HashMap.hash(HashMap.java:338)
	at java.base/java.util.HashMap.getNode(HashMap.java:577)
	at java.base/java.util.HashMap.get(HashMap.java:565)
	at jadx.core.dex.info.InfoStorage.getField(InfoStorage.java:57)
	at jadx.core.dex.info.FieldInfo.fromRef(FieldInfo.java:33)
	at jadx.core.dex.visitors.usage.UsageInfoVisitor.processInsn(UsageInfoVisitor.java:150)
	at jadx.core.dex.visitors.usage.UsageInfoVisitor.lambda$processInstructions$0(UsageInfoVisitor.java:130)
	at jadx.plugins.input.dex.sections.DexCodeReader.visitInstructions(DexCodeReader.java:86)
	at jadx.core.dex.visitors.usage.UsageInfoVisitor.processInstructions(UsageInfoVisitor.java:128)
	at jadx.core.dex.visitors.usage.UsageInfoVisitor.processMethod(UsageInfoVisitor.java:113)
	at jadx.core.dex.visitors.usage.UsageInfoVisitor.processClass(UsageInfoVisitor.java:101)
	at jadx.core.dex.visitors.usage.UsageInfoVisitor.buildUsageData(UsageInfoVisitor.java:81)
	at jadx.core.dex.visitors.usage.UsageInfoVisitor.init(UsageInfoVisitor.java:65)
	at jadx.core.dex.nodes.RootNode.runPreDecompileStage(RootNode.java:356)
	at jadx.api.JadxDecompiler.load(JadxDecompiler.java:136)
	at jadx.cli.JadxCLI.runSave(JadxCLI.java:71)
	at jadx.cli.JadxCLI.execute(JadxCLI.java:44)
	at jadx.cli.JadxCLI.execute(JadxCLI.java:33)
	at jadx.cli.JadxCLI.main(JadxCLI.java:26)
ERROR - Dependency scan failed at insn: 0x006D: INVOKE_SUPER_RANGE r43118, r43119, r43120, r43121, r43122, r43123, r43124, r43125, r43126, r43127, r43128 in method: com.scottyab.rootbeer.Const.<clinit>():void, file: /workspace/xh/fixp_148608.dex
java.lang.IllegalArgumentException: newPosition > limit: (2035183212 > 3323492)
	at java.base/java.nio.Buffer.createPositionException(Buffer.java:351)
	at java.base/java.nio.Buffer.position(Buffer.java:326)
	at java.base/java.nio.ByteBuffer.position(ByteBuffer.java:1561)
	at jadx.plugins.input.dex.sections.SectionReader.absPos(SectionReader.java:82)
	at jadx.plugins.input.dex.sections.SectionReader.readTypeListAt(SectionReader.java:141)
	at jadx.plugins.input.dex.sections.SectionReader.loadMethodRef(SectionReader.java:269)
	at jadx.plugins.input.dex.sections.DexMethodRef.load(DexMethodRef.java:28)
	at jadx.core.dex.info.MethodInfo.fromRef(MethodInfo.java:47)
	at jadx.core.dex.visitors.usage.UsageInfoVisitor.processInsn(UsageInfoVisitor.java:165)
	at jadx.core.dex.visitors.usage.UsageInfoVisitor.lambda$processInstructions$0(UsageInfoVisitor.java:130)
	at jadx.plugins.input.dex.sections.DexCodeReader.visitInstructions(DexCodeReader.java:86)
	at jadx.core.dex.visitors.usage.UsageInfoVisitor.processInstructions(UsageInfoVisitor.java:128)
	at jadx.core.dex.visitors.usage.UsageInfoVisitor.processMethod(UsageInfoVisitor.java:113)
	at jadx.core.dex.visitors.usage.UsageInfoVisitor.processClass(UsageInfoVisitor.java:101)
	at jadx.core.dex.visitors.usage.UsageInfoVisitor.buildUsageData(UsageInfoVisitor.java:81)
	at jadx.core.dex.visitors.usage.UsageInfoVisitor.init(UsageInfoVisitor.java:65)
	at jadx.core.dex.nodes.RootNode.runPreDecompileStage(RootNode.java:356)
	at jadx.api.JadxDecompiler.load(JadxDecompiler.java:136)
	at jadx.cli.JadxCLI.runSave(JadxCLI.java:71)
	at jadx.cli.JadxCLI.execute(JadxCLI.java:44)
	at jadx.cli.JadxCLI.execute(JadxCLI.java:33)
	at jadx.cli.JadxCLI.main(JadxCLI.java:26)
ERROR - Dependency scan failed at insn: 0x0078: IGET r0, r7 in method: com.scottyab.rootbeer.Const.<clinit>():void, file: /workspace/xh/fixp_148608.dex
java.lang.IllegalArgumentException: newPosition < 0: (-1377711704 < 0)
	at java.base/java.nio.Buffer.createPositionException(Buffer.java:351)
	at java.base/java.nio.Buffer.position(Buffer.java:326)
	at java.base/java.nio.ByteBuffer.position(ByteBuffer.java:1561)
	at jadx.plugins.input.dex.sections.SectionReader.absPos(SectionReader.java:82)
	at jadx.plugins.input.dex.sections.SectionReader.getString(SectionReader.java:175)
	at jadx.plugins.input.dex.sections.SectionReader.getType(SectionReader.java:165)
	at jadx.plugins.input.dex.sections.SectionReader.getFieldRef(SectionReader.java:184)
	at jadx.plugins.input.dex.insns.DexInsnData.getIndexAsField(DexInsnData.java:131)
	at jadx.core.dex.visitors.usage.UsageInfoVisitor.processInsn(UsageInfoVisitor.java:150)
	at jadx.core.dex.visitors.usage.UsageInfoVisitor.lambda$processInstructions$0(UsageInfoVisitor.java:130)
	at jadx.plugins.input.dex.sections.DexCodeReader.visitInstructions(DexCodeReader.java:86)
	at jadx.core.dex.visitors.usage.UsageInfoVisitor.processInstructions(UsageInfoVisitor.java:128)
	at jadx.core.dex.visitors.usage.UsageInfoVisitor.processMethod(UsageInfoVisitor.java:113)
	at jadx.core.dex.visitors.usage.UsageInfoVisitor.processClass(UsageInfoVisitor.java:101)
	at jadx.core.dex.visitors.usage.UsageInfoVisitor.buildUsageData(UsageInfoVisitor.java:81)
	at jadx.core.dex.visitors.usage.UsageInfoVisitor.init(UsageInfoVisitor.java:65)
	at jadx.core.dex.nodes.RootNode.runPreDecompileStage(RootNode.java:356)
	at jadx.api.JadxDecompiler.load(JadxDecompiler.java:136)
	at jadx.cli.JadxCLI.runSave(JadxCLI.java:71)
	at jadx.cli.JadxCLI.execute(JadxCLI.java:44)
	at jadx.cli.JadxCLI.execute(JadxCLI.java:33)
	at jadx.cli.JadxCLI.main(JadxCLI.java:26)
ERROR - Dependency scan failed at insn: 0x007E: NEW_ARRAY r5, r8 in method: com.scottyab.rootbeer.Const.<clinit>():void, file: /workspace/xh/fixp_148608.dex
java.lang.IllegalArgumentException: newPosition < 0: (-1850112724 < 0)
	at java.base/java.nio.Buffer.createPositionException(Buffer.java:351)
	at java.base/java.nio.Buffer.position(Buffer.java:326)
	at java.base/java.nio.ByteBuffer.position(ByteBuffer.java:1561)
	at jadx.plugins.input.dex.sections.SectionReader.absPos(SectionReader.java:82)
	at jadx.plugins.input.dex.sections.SectionReader.getString(SectionReader.java:175)
	at jadx.plugins.input.dex.sections.SectionReader.getType(SectionReader.java:165)
	at jadx.plugins.input.dex.insns.DexInsnData.getIndexAsType(DexInsnData.java:126)
	at jadx.core.dex.visitors.usage.UsageInfoVisitor.processInsn(UsageInfoVisitor.java:144)
	at jadx.core.dex.visitors.usage.UsageInfoVisitor.lambda$processInstructions$0(UsageInfoVisitor.java:130)
	at jadx.plugins.input.dex.sections.DexCodeReader.visitInstructions(DexCodeReader.java:86)
	at jadx.core.dex.visitors.usage.UsageInfoVisitor.processInstructions(UsageInfoVisitor.java:128)
	at jadx.core.dex.visitors.usage.UsageInfoVisitor.processMethod(UsageInfoVisitor.java:113)
	at jadx.core.dex.visitors.usage.UsageInfoVisitor.processClass(UsageInfoVisitor.java:101)
	at jadx.core.dex.visitors.usage.UsageInfoVisitor.buildUsageData(UsageInfoVisitor.java:81)
	at jadx.core.dex.visitors.usage.UsageInfoVisitor.init(UsageInfoVisitor.java:65)
	at jadx.core.dex.nodes.RootNode.runPreDecompileStage(RootNode.java:356)
	at jadx.api.JadxDecompiler.load(JadxDecompiler.java:136)
	at jadx.cli.JadxCLI.runSave(JadxCLI.java:71)
	at jadx.cli.JadxCLI.execute(JadxCLI.java:44)
	at jadx.cli.JadxCLI.execute(JadxCLI.java:33)
	at jadx.cli.JadxCLI.main(JadxCLI.java:26)
ERROR - Dependency scan failed at insn: 0x0082: IGET r6, r0 in method: com.scottyab.rootbeer.Const.<clinit>():void, file: /workspace/xh/fixp_148608.dex
java.lang.IllegalArgumentException: newPosition < 0: (-1514288640 < 0)
	at java.base/java.nio.Buffer.createPositionException(Buffer.java:351)
	at java.base/java.nio.Buffer.position(Buffer.java:326)
	at java.base/java.nio.ByteBuffer.position(ByteBuffer.java:1561)
	at jadx.plugins.input.dex.sections.SectionReader.absPos(SectionReader.java:82)
	at jadx.plugins.input.dex.sections.SectionReader.getString(SectionReader.java:175)
	at jadx.plugins.input.dex.sections.SectionReader.getType(SectionReader.java:165)
	at jadx.plugins.input.dex.sections.SectionReader.fillFieldData(SectionReader.java:194)
	at jadx.plugins.input.dex.sections.SectionReader.getFieldRef(SectionReader.java:183)
	at jadx.plugins.input.dex.insns.DexInsnData.getIndexAsField(DexInsnData.java:131)
	at jadx.core.dex.visitors.usage.UsageInfoVisitor.processInsn(UsageInfoVisitor.java:150)
	at jadx.core.dex.visitors.usage.UsageInfoVisitor.lambda$processInstructions$0(UsageInfoVisitor.java:130)
	at jadx.plugins.input.dex.sections.DexCodeReader.visitInstructions(DexCodeReader.java:86)
	at jadx.core.dex.visitors.usage.UsageInfoVisitor.processInstructions(UsageInfoVisitor.java:128)
	at jadx.core.dex.visitors.usage.UsageInfoVisitor.processMethod(UsageInfoVisitor.java:113)
	at jadx.core.dex.visitors.usage.UsageInfoVisitor.processClass(UsageInfoVisitor.java:101)
	at jadx.core.dex.visitors.usage.UsageInfoVisitor.buildUsageData(UsageInfoVisitor.java:81)
	at jadx.core.dex.visitors.usage.UsageInfoVisitor.init(UsageInfoVisitor.java:65)
	at jadx.core.dex.nodes.RootNode.runPreDecompileStage(RootNode.java:356)
	at jadx.api.JadxDecompiler.load(JadxDecompiler.java:136)
	at jadx.cli.JadxCLI.runSave(JadxCLI.java:71)
	at jadx.cli.JadxCLI.execute(JadxCLI.java:44)
	at jadx.cli.JadxCLI.execute(JadxCLI.java:33)
	at jadx.cli.JadxCLI.main(JadxCLI.java:26)
ERROR - Dependency scan failed at insn: 0x0087: IPUT r8, r9 in method: com.scottyab.rootbeer.Const.<clinit>():void, file: /workspace/xh/fixp_148608.dex
java.lang.IllegalArgumentException: newPosition > limit: (1295855996 > 3323492)
	at java.base/java.nio.Buffer.createPositionException(Buffer.java:351)
	at java.base/java.nio.Buffer.position(Buffer.java:326)
	at java.base/java.nio.ByteBuffer.position(ByteBuffer.java:1561)
	at jadx.plugins.input.dex.sections.SectionReader.absPos(SectionReader.java:82)
	at jadx.plugins.input.dex.sections.SectionReader.getString(SectionReader.java:175)
	at jadx.plugins.input.dex.sections.SectionReader.getType(SectionReader.java:165)
	at jadx.plugins.input.dex.sections.SectionReader.fillFieldData(SectionReader.java:194)
	at jadx.plugins.input.dex.sections.SectionReader.getFieldRef(SectionReader.java:183)
	at jadx.plugins.input.dex.insns.DexInsnData.getIndexAsField(DexInsnData.java:131)
	at jadx.core.dex.visitors.usage.UsageInfoVisitor.processInsn(UsageInfoVisitor.java:150)
	at jadx.core.dex.visitors.usage.UsageInfoVisitor.lambda$processInstructions$0(UsageInfoVisitor.java:130)
	at jadx.plugins.input.dex.sections.DexCodeReader.visitInstructions(DexCodeReader.java:86)
	at jadx.core.dex.visitors.usage.UsageInfoVisitor.processInstructions(UsageInfoVisitor.java:128)
	at jadx.core.dex.visitors.usage.UsageInfoVisitor.processMethod(UsageInfoVisitor.java:113)
	at jadx.core.dex.visitors.usage.UsageInfoVisitor.processClass(UsageInfoVisitor.java:101)
	at jadx.core.dex.visitors.usage.UsageInfoVisitor.buildUsageData(UsageInfoVisitor.java:81)
	at jadx.core.dex.visitors.usage.UsageInfoVisitor.init(UsageInfoVisitor.java:65)
	at jadx.core.dex.nodes.RootNode.runPreDecompileStage(RootNode.java:356)
	at jadx.api.JadxDecompiler.load(JadxDecompiler.java:136)
	at jadx.cli.JadxCLI.runSave(JadxCLI.java:71)
	at jadx.cli.JadxCLI.execute(JadxCLI.java:44)
	at jadx.cli.JadxCLI.execute(JadxCLI.java:33)
	at jadx.cli.JadxCLI.main(JadxCLI.java:26)
ERROR - Dependency scan failed at insn: 0x008E: IPUT r9, r11 in method: com.scottyab.rootbeer.Const.<clinit>():void, file: /workspace/xh/fixp_148608.dex
java.lang.IllegalArgumentException: newPosition > limit: (467406272 > 3323492)
	at java.base/java.nio.Buffer.createPositionException(Buffer.java:351)
	at java.base/java.nio.Buffer.position(Buffer.java:326)
	at java.base/java.nio.ByteBuffer.position(ByteBuffer.java:1561)
	at jadx.plugins.input.dex.sections.SectionReader.absPos(SectionReader.java:82)
	at jadx.plugins.input.dex.sections.SectionReader.getString(SectionReader.java:175)
	at jadx.plugins.input.dex.sections.SectionReader.getType(SectionReader.java:165)
	at jadx.plugins.input.dex.sections.SectionReader.fillFieldData(SectionReader.java:194)
	at jadx.plugins.input.dex.sections.SectionReader.getFieldRef(SectionReader.java:183)
	at jadx.plugins.input.dex.insns.DexInsnData.getIndexAsField(DexInsnData.java:131)
	at jadx.core.dex.visitors.usage.UsageInfoVisitor.processInsn(UsageInfoVisitor.java:150)
	at jadx.core.dex.visitors.usage.UsageInfoVisitor.lambda$processInstructions$0(UsageInfoVisitor.java:130)
	at jadx.plugins.input.dex.sections.DexCodeReader.visitInstructions(DexCodeReader.java:86)
	at jadx.core.dex.visitors.usage.UsageInfoVisitor.processInstructions(UsageInfoVisitor.java:128)
	at jadx.core.dex.visitors.usage.UsageInfoVisitor.processMethod(UsageInfoVisitor.java:113)
	at jadx.core.dex.visitors.usage.UsageInfoVisitor.processClass(UsageInfoVisitor.java:101)
	at jadx.core.dex.visitors.usage.UsageInfoVisitor.buildUsageData(UsageInfoVisitor.java:81)
	at jadx.core.dex.visitors.usage.UsageInfoVisitor.init(UsageInfoVisitor.java:65)
	at jadx.core.dex.nodes.RootNode.runPreDecompileStage(RootNode.java:356)
	at jadx.api.JadxDecompiler.load(JadxDecompiler.java:136)
	at jadx.cli.JadxCLI.runSave(JadxCLI.java:71)
	at jadx.cli.JadxCLI.execute(JadxCLI.java:44)
	at jadx.cli.JadxCLI.execute(JadxCLI.java:33)
	at jadx.cli.JadxCLI.main(JadxCLI.java:26)
ERROR - Dependency scan failed at insn: 0x0090: IPUT r0, r13 in method: com.scottyab.rootbeer.Const.<clinit>():void, file: /workspace/xh/fixp_148608.dex
java.lang.IllegalArgumentException: newPosition < 0: (-1314002780 < 0)
	at java.base/java.nio.Buffer.createPositionException(Buffer.java:351)
	at java.base/java.nio.Buffer.position(Buffer.java:326)
	at java.base/java.nio.ByteBuffer.position(ByteBuffer.java:1561)
	at jadx.plugins.input.dex.sections.SectionReader.absPos(SectionReader.java:82)
	at jadx.plugins.input.dex.sections.SectionReader.getString(SectionReader.java:175)
	at jadx.plugins.input.dex.sections.SectionReader.fillFieldData(SectionReader.java:195)
	at jadx.plugins.input.dex.sections.SectionReader.getFieldRef(SectionReader.java:183)
	at jadx.plugins.input.dex.insns.DexInsnData.getIndexAsField(DexInsnData.java:131)
	at jadx.core.dex.visitors.usage.UsageInfoVisitor.processInsn(UsageInfoVisitor.java:150)
	at jadx.core.dex.visitors.usage.UsageInfoVisitor.lambda$processInstructions$0(UsageInfoVisitor.java:130)
	at jadx.plugins.input.dex.sections.DexCodeReader.visitInstructions(DexCodeReader.java:86)
	at jadx.core.dex.visitors.usage.UsageInfoVisitor.processInstructions(UsageInfoVisitor.java:128)
	at jadx.core.dex.visitors.usage.UsageInfoVisitor.processMethod(UsageInfoVisitor.java:113)
	at jadx.core.dex.visitors.usage.UsageInfoVisitor.processClass(UsageInfoVisitor.java:101)
	at jadx.core.dex.visitors.usage.UsageInfoVisitor.buildUsageData(UsageInfoVisitor.java:81)
	at jadx.core.dex.visitors.usage.UsageInfoVisitor.init(UsageInfoVisitor.java:65)
	at jadx.core.dex.nodes.RootNode.runPreDecompileStage(RootNode.java:356)
	at jadx.api.JadxDecompiler.load(JadxDecompiler.java:136)
	at jadx.cli.JadxCLI.runSave(JadxCLI.java:71)
	at jadx.cli.JadxCLI.execute(JadxCLI.java:44)
	at jadx.cli.JadxCLI.execute(JadxCLI.java:33)
	at jadx.cli.JadxCLI.main(JadxCLI.java:26)
ERROR - Dependency scan failed at insn: 0x0096: INVOKE_VIRTUAL_RANGE r24412, r24413, r24414, r24415, r24416, r24417, r24418, r24419, r24420, r24421, r24422, r24423, r24424, r24425, r24426, r24427, r24428, r24429, r24430, r24431, r24432, r24433, r24434, r24435, r24436, r24437, r24438, r24439, r24440, r24441, r24442, r24443, r24444, r24445, r24446, r24447, r24448, r24449, r24450, r24451, r24452, r24453, r24454, r24455, r24456, r24457, r24458, r24459, r24460, r24461, r24462, r24463, r24464, r24465, r24466, r24467, r24468, r24469, r24470, r24471, r24472, r24473, r24474, r24475, r24476, r24477, r24478, r24479, r24480, r24481, r24482, r24483, r24484, r24485, r24486, r24487, r24488, r24489, r24490, r24491, r24492, r24493, r24494, r24495, r24496, r24497, r24498, r24499, r24500, r24501, r24502, r24503, r24504, r24505, r24506, r24507, r24508, r24509, r24510, r24511, r24512, r24513, r24514, r24515, r24516, r24517, r24518, r24519, r24520, r24521, r24522, r24523, r24524, r24525, r24526, r24527, r24528, r24529, r24530, r24531, r24532, r24533, r24534, r24535, r24536, r24537, r24538, r24539, r24540, r24541, r24542, r24543, r24544, r24545, r24546, r24547, r24548, r24549, r24550, r24551, r24552, r24553, r24554, r24555, r24556, r24557, r24558, r24559, r24560, r24561, r24562, r24563, r24564, r24565, r24566, r24567, r24568, r24569, r24570, r24571, r24572, r24573, r24574, r24575, r24576, r24577, r24578, r24579, r24580, r24581, r24582, r24583, r24584, r24585, r24586 in method: com.scottyab.rootbeer.Const.<clinit>():void, file: /workspace/xh/fixp_148608.dex
java.lang.IllegalArgumentException: newPosition > limit: (1768715375 > 3323492)
	at java.base/java.nio.Buffer.createPositionException(Buffer.java:351)
	at java.base/java.nio.Buffer.position(Buffer.java:326)
	at java.base/java.nio.ByteBuffer.position(ByteBuffer.java:1561)
	at jadx.plugins.input.dex.sections.SectionReader.absPos(SectionReader.java:82)
	at jadx.plugins.input.dex.sections.SectionReader.readTypeListAt(SectionReader.java:141)
	at jadx.plugins.input.dex.sections.SectionReader.loadMethodRef(SectionReader.java:269)
	at jadx.plugins.input.dex.sections.DexMethodRef.load(DexMethodRef.java:28)
	at jadx.core.dex.info.MethodInfo.fromRef(MethodInfo.java:47)
	at jadx.core.dex.visitors.usage.UsageInfoVisitor.processInsn(UsageInfoVisitor.java:165)
	at jadx.core.dex.visitors.usage.UsageInfoVisitor.lambda$processInstructions$0(UsageInfoVisitor.java:130)
	at jadx.plugins.input.dex.sections.DexCodeReader.visitInstructions(DexCodeReader.java:86)
	at jadx.core.dex.visitors.usage.UsageInfoVisitor.processInstructions(UsageInfoVisitor.java:128)
	at jadx.core.dex.visitors.usage.UsageInfoVisitor.processMethod(UsageInfoVisitor.java:113)
	at jadx.core.dex.visitors.usage.UsageInfoVisitor.processClass(UsageInfoVisitor.java:101)
	at jadx.core.dex.visitors.usage.UsageInfoVisitor.buildUsageData(UsageInfoVisitor.java:81)
	at jadx.core.dex.visitors.usage.UsageInfoVisitor.init(UsageInfoVisitor.java:65)
	at jadx.core.dex.nodes.RootNode.runPreDecompileStage(RootNode.java:356)
	at jadx.api.JadxDecompiler.load(JadxDecompiler.java:136)
	at jadx.cli.JadxCLI.runSave(JadxCLI.java:71)
	at jadx.cli.JadxCLI.execute(JadxCLI.java:44)
	at jadx.cli.JadxCLI.execute(JadxCLI.java:33)
	at jadx.cli.JadxCLI.main(JadxCLI.java:26)
ERROR - Dependency scan failed at insn: 0x009A: IPUT r13, r1 in method: com.scottyab.rootbeer.Const.<clinit>():void, file: /workspace/xh/fixp_148608.dex
java.lang.IllegalArgumentException: newPosition > limit: (32098820 > 3323492)
	at java.base/java.nio.Buffer.createPositionException(Buffer.java:351)
	at java.base/java.nio.Buffer.position(Buffer.java:326)
	at java.base/java.nio.ByteBuffer.position(ByteBuffer.java:1561)
	at jadx.plugins.input.dex.sections.SectionReader.absPos(SectionReader.java:82)
	at jadx.plugins.input.dex.sections.SectionReader.getString(SectionReader.java:175)
	at jadx.plugins.input.dex.sections.SectionReader.fillFieldData(SectionReader.java:195)
	at jadx.plugins.input.dex.sections.SectionReader.getFieldRef(SectionReader.java:183)
	at jadx.plugins.input.dex.insns.DexInsnData.getIndexAsField(DexInsnData.java:131)
	at jadx.core.dex.visitors.usage.UsageInfoVisitor.processInsn(UsageInfoVisitor.java:150)
	at jadx.core.dex.visitors.usage.UsageInfoVisitor.lambda$processInstructions$0(UsageInfoVisitor.java:130)
	at jadx.plugins.input.dex.sections.DexCodeReader.visitInstructions(DexCodeReader.java:86)
	at jadx.core.dex.visitors.usage.UsageInfoVisitor.processInstructions(UsageInfoVisitor.java:128)
	at jadx.core.dex.visitors.usage.UsageInfoVisitor.processMethod(UsageInfoVisitor.java:113)
	at jadx.core.dex.visitors.usage.UsageInfoVisitor.processClass(UsageInfoVisitor.java:101)
	at jadx.core.dex.visitors.usage.UsageInfoVisitor.buildUsageData(UsageInfoVisitor.java:81)
	at jadx.core.dex.visitors.usage.UsageInfoVisitor.init(UsageInfoVisitor.java:65)
	at jadx.core.dex.nodes.RootNode.runPreDecompileStage(RootNode.java:356)
	at jadx.api.JadxDecompiler.load(JadxDecompiler.java:136)
	at jadx.cli.JadxCLI.runSave(JadxCLI.java:71)
	at jadx.cli.JadxCLI.execute(JadxCLI.java:44)
	at jadx.cli.JadxCLI.execute(JadxCLI.java:33)
	at jadx.cli.JadxCLI.main(JadxCLI.java:26)
ERROR - Dependency scan failed at insn: 0x00AA: INVOKE_DIRECT r3, r0, r0, r0, r10, r24417, r24418, r24419, r24420, r24421, r24422, r24423 in method: com.scottyab.rootbeer.Const.<clinit>():void, file: /workspace/xh/fixp_148608.dex
java.lang.IllegalArgumentException: newPosition < 0: (-610804949 < 0)
	at java.base/java.nio.Buffer.createPositionException(Buffer.java:351)
	at java.base/java.nio.Buffer.position(Buffer.java:326)
	at java.base/java.nio.ByteBuffer.position(ByteBuffer.java:1561)
	at jadx.plugins.input.dex.sections.SectionReader.absPos(SectionReader.java:82)
	at jadx.plugins.input.dex.sections.SectionReader.readTypeListAt(SectionReader.java:141)
	at jadx.plugins.input.dex.sections.SectionReader.loadMethodRef(SectionReader.java:269)
	at jadx.plugins.input.dex.sections.DexMethodRef.load(DexMethodRef.java:28)
	at jadx.core.dex.info.MethodInfo.fromRef(MethodInfo.java:47)
	at jadx.core.dex.visitors.usage.UsageInfoVisitor.processInsn(UsageInfoVisitor.java:165)
	at jadx.core.dex.visitors.usage.UsageInfoVisitor.lambda$processInstructions$0(UsageInfoVisitor.java:130)
	at jadx.plugins.input.dex.sections.DexCodeReader.visitInstructions(DexCodeReader.java:86)
	at jadx.core.dex.visitors.usage.UsageInfoVisitor.processInstructions(UsageInfoVisitor.java:128)
	at jadx.core.dex.visitors.usage.UsageInfoVisitor.processMethod(UsageInfoVisitor.java:113)
	at jadx.core.dex.visitors.usage.UsageInfoVisitor.processClass(UsageInfoVisitor.java:101)
	at jadx.core.dex.visitors.usage.UsageInfoVisitor.buildUsageData(UsageInfoVisitor.java:81)
	at jadx.core.dex.visitors.usage.UsageInfoVisitor.init(UsageInfoVisitor.java:65)
	at jadx.core.dex.nodes.RootNode.runPreDecompileStage(RootNode.java:356)
	at jadx.api.JadxDecompiler.load(JadxDecompiler.java:136)
	at jadx.cli.JadxCLI.runSave(JadxCLI.java:71)
	at jadx.cli.JadxCLI.execute(JadxCLI.java:44)
	at jadx.cli.JadxCLI.execute(JadxCLI.java:33)
	at jadx.cli.JadxCLI.main(JadxCLI.java:26)
ERROR - Dependency scan failed at insn: 0x0007: INVOKE_POLYMORPHIC_RANGE r53411, r53412, r53413, r53414, r53415, r53416, r53417, r53418, r53419, r53420, r53421, r53422, r53423, r53424, r53425, r53426, r53427, r53428, r53429, r53430, r53431, r53432, r53433, r53434, r53435, r53436, r53437, r53438, r53439, r53440, r53441, r53442, r53443, r53444, r53445, r53446, r53447, r53448, r53449, r53450, r53451, r53452, r53453, r53454, r53455, r53456, r53457, r53458, r53459, r53460, r53461, r53462, r53463, r53464, r53465, r53466, r53467, r53468, r53469, r53470, r53471, r53472, r53473, r53474, r53475, r53476, r53477, r53478, r53479, r53480, r53481, r53482, r53483, r53484, r53485, r53486, r53487, r53488, r53489, r53490, r53491, r53492, r53493, r53494, r53495, r53496, r53497, r53498, r53499, r53500, r53501, r53502, r53503, r53504, r53505, r53506, r53507, r53508, r53509, r53510, r53511, r53512, r53513, r53514, r53515, r53516, r53517, r53518, r53519, r53520, r53521, r53522, r53523, r53524, r53525, r53526, r53527, r53528, r53529, r53530, r53531, r53532, r53533, r53534, r53535, r53536, r53537, r53538, r53539, r53540, r53541, r53542, r53543, r53544, r53545, r53546, r53547, r53548, r53549, r53550, r53551, r53552, r53553, r53554, r53555, r53556 in method: com.scottyab.rootbeer.Const.VBadE():void, file: /workspace/xh/fixp_148608.dex
java.lang.IllegalArgumentException: newPosition < 0: (-609494118 < 0)
	at java.base/java.nio.Buffer.createPositionException(Buffer.java:351)
	at java.base/java.nio.Buffer.position(Buffer.java:326)
	at java.base/java.nio.ByteBuffer.position(ByteBuffer.java:1561)
	at jadx.plugins.input.dex.sections.SectionReader.absPos(SectionReader.java:82)
	at jadx.plugins.input.dex.sections.SectionReader.readTypeListAt(SectionReader.java:141)
	at jadx.plugins.input.dex.sections.SectionReader.loadMethodRef(SectionReader.java:269)
	at jadx.plugins.input.dex.sections.DexMethodRef.load(DexMethodRef.java:28)
	at jadx.core.dex.info.MethodInfo.fromRef(MethodInfo.java:47)
	at jadx.core.dex.visitors.usage.UsageInfoVisitor.processInsn(UsageInfoVisitor.java:165)
	at jadx.core.dex.visitors.usage.UsageInfoVisitor.lambda$processInstructions$0(UsageInfoVisitor.java:130)
	at jadx.plugins.input.dex.sections.DexCodeReader.visitInstructions(DexCodeReader.java:86)
	at jadx.core.dex.visitors.usage.UsageInfoVisitor.processInstructions(UsageInfoVisitor.java:128)
	at jadx.core.dex.visitors.usage.UsageInfoVisitor.processMethod(UsageInfoVisitor.java:113)
	at jadx.core.dex.visitors.usage.UsageInfoVisitor.processClass(UsageInfoVisitor.java:101)
	at jadx.core.dex.visitors.usage.UsageInfoVisitor.buildUsageData(UsageInfoVisitor.java:81)
	at jadx.core.dex.visitors.usage.UsageInfoVisitor.init(UsageInfoVisitor.java:65)
	at jadx.core.dex.nodes.RootNode.runPreDecompileStage(RootNode.java:356)
	at jadx.api.JadxDecompiler.load(JadxDecompiler.java:136)
	at jadx.cli.JadxCLI.runSave(JadxCLI.java:71)
	at jadx.cli.JadxCLI.execute(JadxCLI.java:44)
	at jadx.cli.JadxCLI.execute(JadxCLI.java:33)
	at jadx.cli.JadxCLI.main(JadxCLI.java:26)
ERROR - Dependency scan failed at insn: 0x0024: INVOKE_VIRTUAL r8, r2, r1, r1, r1, r53416, r53417, r53418, r53419, r53420, r53421 in method: com.scottyab.rootbeer.Const.VBadE():void, file: /workspace/xh/fixp_148608.dex
java.lang.IllegalArgumentException: newPosition > limit: (795109743 > 3323492)
	at java.base/java.nio.Buffer.createPositionException(Buffer.java:351)
	at java.base/java.nio.Buffer.position(Buffer.java:326)
	at java.base/java.nio.ByteBuffer.position(ByteBuffer.java:1561)
	at jadx.plugins.input.dex.sections.SectionReader.absPos(SectionReader.java:82)
	at jadx.plugins.input.dex.sections.SectionReader.readTypeListAt(SectionReader.java:141)
	at jadx.plugins.input.dex.sections.SectionReader.loadMethodRef(SectionReader.java:269)
	at jadx.plugins.input.dex.sections.DexMethodRef.load(DexMethodRef.java:28)
	at jadx.core.dex.info.MethodInfo.fromRef(MethodInfo.java:47)
	at jadx.core.dex.visitors.usage.UsageInfoVisitor.processInsn(UsageInfoVisitor.java:165)
	at jadx.core.dex.visitors.usage.UsageInfoVisitor.lambda$processInstructions$0(UsageInfoVisitor.java:130)
	at jadx.plugins.input.dex.sections.DexCodeReader.visitInstructions(DexCodeReader.java:86)
	at jadx.core.dex.visitors.usage.UsageInfoVisitor.processInstructions(UsageInfoVisitor.java:128)
	at jadx.core.dex.visitors.usage.UsageInfoVisitor.processMethod(UsageInfoVisitor.java:113)
	at jadx.core.dex.visitors.usage.UsageInfoVisitor.processClass(UsageInfoVisitor.java:101)
	at jadx.core.dex.visitors.usage.UsageInfoVisitor.buildUsageData(UsageInfoVisitor.java:81)
	at jadx.core.dex.visitors.usage.UsageInfoVisitor.init(UsageInfoVisitor.java:65)
	at jadx.core.dex.nodes.RootNode.runPreDecompileStage(RootNode.java:356)
	at jadx.api.JadxDecompiler.load(JadxDecompiler.java:136)
	at jadx.cli.JadxCLI.runSave(JadxCLI.java:71)
	at jadx.cli.JadxCLI.execute(JadxCLI.java:44)
	at jadx.cli.JadxCLI.execute(JadxCLI.java:33)
	at jadx.cli.JadxCLI.main(JadxCLI.java:26)
ERROR - Dependency scan failed at insn: 0x0027: IGET r7, r9 in method: com.scottyab.rootbeer.Const.VBadE():void, file: /workspace/xh/fixp_148608.dex
java.lang.IllegalArgumentException: newPosition < 0: (-1178792660 < 0)
	at java.base/java.nio.Buffer.createPositionException(Buffer.java:351)
	at java.base/java.nio.Buffer.position(Buffer.java:326)
	at java.base/java.nio.ByteBuffer.position(ByteBuffer.java:1561)
	at jadx.plugins.input.dex.sections.SectionReader.absPos(SectionReader.java:82)
	at jadx.plugins.input.dex.sections.SectionReader.getString(SectionReader.java:175)
	at jadx.plugins.input.dex.sections.SectionReader.fillFieldData(SectionReader.java:195)
	at jadx.plugins.input.dex.sections.SectionReader.getFieldRef(SectionReader.java:183)
	at jadx.plugins.input.dex.insns.DexInsnData.getIndexAsField(DexInsnData.java:131)
	at jadx.core.dex.visitors.usage.UsageInfoVisitor.processInsn(UsageInfoVisitor.java:150)
	at jadx.core.dex.visitors.usage.UsageInfoVisitor.lambda$processInstructions$0(UsageInfoVisitor.java:130)
	at jadx.plugins.input.dex.sections.DexCodeReader.visitInstructions(DexCodeReader.java:86)
	at jadx.core.dex.visitors.usage.UsageInfoVisitor.processInstructions(UsageInfoVisitor.java:128)
	at jadx.core.dex.visitors.usage.UsageInfoVisitor.processMethod(UsageInfoVisitor.java:113)
	at jadx.core.dex.visitors.usage.UsageInfoVisitor.processClass(UsageInfoVisitor.java:101)
	at jadx.core.dex.visitors.usage.UsageInfoVisitor.buildUsageData(UsageInfoVisitor.java:81)
	at jadx.core.dex.visitors.usage.UsageInfoVisitor.init(UsageInfoVisitor.java:65)
	at jadx.core.dex.nodes.RootNode.runPreDecompileStage(RootNode.java:356)
	at jadx.api.JadxDecompiler.load(JadxDecompiler.java:136)
	at jadx.cli.JadxCLI.runSave(JadxCLI.java:71)
	at jadx.cli.JadxCLI.execute(JadxCLI.java:44)
	at jadx.cli.JadxCLI.execute(JadxCLI.java:33)
	at jadx.cli.JadxCLI.main(JadxCLI.java:26)
ERROR - Dependency scan failed at insn: 0x0029: CONST_CLASS r3 in method: com.scottyab.rootbeer.Const.VBadE():void, file: /workspace/xh/fixp_148608.dex
java.lang.IllegalArgumentException: newPosition < 0: (-778192380 < 0)
	at java.base/java.nio.Buffer.createPositionException(Buffer.java:351)
	at java.base/java.nio.Buffer.position(Buffer.java:326)
	at java.base/java.nio.ByteBuffer.position(ByteBuffer.java:1561)
	at jadx.plugins.input.dex.sections.SectionReader.absPos(SectionReader.java:82)
	at jadx.plugins.input.dex.sections.SectionReader.getString(SectionReader.java:175)
	at jadx.plugins.input.dex.sections.SectionReader.getType(SectionReader.java:165)
	at jadx.plugins.input.dex.insns.DexInsnData.getIndexAsType(DexInsnData.java:126)
	at jadx.core.dex.visitors.usage.UsageInfoVisitor.processInsn(UsageInfoVisitor.java:144)
	at jadx.core.dex.visitors.usage.UsageInfoVisitor.lambda$processInstructions$0(UsageInfoVisitor.java:130)
	at jadx.plugins.input.dex.sections.DexCodeReader.visitInstructions(DexCodeReader.java:86)
	at jadx.core.dex.visitors.usage.UsageInfoVisitor.processInstructions(UsageInfoVisitor.java:128)
	at jadx.core.dex.visitors.usage.UsageInfoVisitor.processMethod(UsageInfoVisitor.java:113)
	at jadx.core.dex.visitors.usage.UsageInfoVisitor.processClass(UsageInfoVisitor.java:101)
	at jadx.core.dex.visitors.usage.UsageInfoVisitor.buildUsageData(UsageInfoVisitor.java:81)
	at jadx.core.dex.visitors.usage.UsageInfoVisitor.init(UsageInfoVisitor.java:65)
	at jadx.core.dex.nodes.RootNode.runPreDecompileStage(RootNode.java:356)
	at jadx.api.JadxDecompiler.load(JadxDecompiler.java:136)
	at jadx.cli.JadxCLI.runSave(JadxCLI.java:71)
	at jadx.cli.JadxCLI.execute(JadxCLI.java:44)
	at jadx.cli.JadxCLI.execute(JadxCLI.java:33)
	at jadx.cli.JadxCLI.main(JadxCLI.java:26)
ERROR - Dependency scan failed at insn: 0x0034: INVOKE_VIRTUAL r2, r13 in method: com.scottyab.rootbeer.Const.VBadE():void, file: /workspace/xh/fixp_148608.dex
java.lang.IllegalArgumentException: newPosition > limit: (544501614 > 3323492)
	at java.base/java.nio.Buffer.createPositionException(Buffer.java:351)
	at java.base/java.nio.Buffer.position(Buffer.java:326)
	at java.base/java.nio.ByteBuffer.position(ByteBuffer.java:1561)
	at jadx.plugins.input.dex.sections.SectionReader.absPos(SectionReader.java:82)
	at jadx.plugins.input.dex.sections.SectionReader.readTypeListAt(SectionReader.java:141)
	at jadx.plugins.input.dex.sections.SectionReader.loadMethodRef(SectionReader.java:269)
	at jadx.plugins.input.dex.sections.DexMethodRef.load(DexMethodRef.java:28)
	at jadx.core.dex.info.MethodInfo.fromRef(MethodInfo.java:47)
	at jadx.core.dex.visitors.usage.UsageInfoVisitor.processInsn(UsageInfoVisitor.java:165)
	at jadx.core.dex.visitors.usage.UsageInfoVisitor.lambda$processInstructions$0(UsageInfoVisitor.java:130)
	at jadx.plugins.input.dex.sections.DexCodeReader.visitInstructions(DexCodeReader.java:86)
	at jadx.core.dex.visitors.usage.UsageInfoVisitor.processInstructions(UsageInfoVisitor.java:128)
	at jadx.core.dex.visitors.usage.UsageInfoVisitor.processMethod(UsageInfoVisitor.java:113)
	at jadx.core.dex.visitors.usage.UsageInfoVisitor.processClass(UsageInfoVisitor.java:101)
	at jadx.core.dex.visitors.usage.UsageInfoVisitor.buildUsageData(UsageInfoVisitor.java:81)
	at jadx.core.dex.visitors.usage.UsageInfoVisitor.init(UsageInfoVisitor.java:65)
	at jadx.core.dex.nodes.RootNode.runPreDecompileStage(RootNode.java:356)
	at jadx.api.JadxDecompiler.load(JadxDecompiler.java:136)
	at jadx.cli.JadxCLI.runSave(JadxCLI.java:71)
	at jadx.cli.JadxCLI.execute(JadxCLI.java:44)
	at jadx.cli.JadxCLI.execute(JadxCLI.java:33)
	at jadx.cli.JadxCLI.main(JadxCLI.java:26)
ERROR - Dependency scan failed at insn: 0x003C: SGET r177 in method: com.scottyab.rootbeer.Const.VBadE():void, file: /workspace/xh/fixp_148608.dex
java.lang.IllegalArgumentException: newPosition > limit: (483214760 > 3323492)
	at java.base/java.nio.Buffer.createPositionException(Buffer.java:351)
	at java.base/java.nio.Buffer.position(Buffer.java:326)
	at java.base/java.nio.ByteBuffer.position(ByteBuffer.java:1561)
	at jadx.plugins.input.dex.sections.SectionReader.absPos(SectionReader.java:82)
	at jadx.plugins.input.dex.sections.SectionReader.getString(SectionReader.java:175)
	at jadx.plugins.input.dex.sections.SectionReader.getType(SectionReader.java:165)
	at jadx.plugins.input.dex.sections.SectionReader.fillFieldData(SectionReader.java:194)
	at jadx.plugins.input.dex.sections.SectionReader.getFieldRef(SectionReader.java:183)
	at jadx.plugins.input.dex.insns.DexInsnData.getIndexAsField(DexInsnData.java:131)
	at jadx.core.dex.visitors.usage.UsageInfoVisitor.processInsn(UsageInfoVisitor.java:150)
	at jadx.core.dex.visitors.usage.UsageInfoVisitor.lambda$processInstructions$0(UsageInfoVisitor.java:130)
	at jadx.plugins.input.dex.sections.DexCodeReader.visitInstructions(DexCodeReader.java:86)
	at jadx.core.dex.visitors.usage.UsageInfoVisitor.processInstructions(UsageInfoVisitor.java:128)
	at jadx.core.dex.visitors.usage.UsageInfoVisitor.processMethod(UsageInfoVisitor.java:113)
	at jadx.core.dex.visitors.usage.UsageInfoVisitor.processClass(UsageInfoVisitor.java:101)
	at jadx.core.dex.visitors.usage.UsageInfoVisitor.buildUsageData(UsageInfoVisitor.java:81)
	at jadx.core.dex.visitors.usage.UsageInfoVisitor.init(UsageInfoVisitor.java:65)
	at jadx.core.dex.nodes.RootNode.runPreDecompileStage(RootNode.java:356)
	at jadx.api.JadxDecompiler.load(JadxDecompiler.java:136)
	at jadx.cli.JadxCLI.runSave(JadxCLI.java:71)
	at jadx.cli.JadxCLI.execute(JadxCLI.java:44)
	at jadx.cli.JadxCLI.execute(JadxCLI.java:33)
	at jadx.cli.JadxCLI.main(JadxCLI.java:26)
ERROR - Dependency scan failed at insn: 0x003E: SPUT r71 in method: com.scottyab.rootbeer.Const.VBadE():void, file: /workspace/xh/fixp_148608.dex
java.lang.IllegalArgumentException: newPosition < 0: (-782905796 < 0)
	at java.base/java.nio.Buffer.createPositionException(Buffer.java:351)
	at java.base/java.nio.Buffer.position(Buffer.java:326)
	at java.base/java.nio.ByteBuffer.position(ByteBuffer.java:1561)
	at jadx.plugins.input.dex.sections.SectionReader.absPos(SectionReader.java:82)
	at jadx.plugins.input.dex.sections.SectionReader.getString(SectionReader.java:175)
	at jadx.plugins.input.dex.sections.SectionReader.fillFieldData(SectionReader.java:195)
	at jadx.plugins.input.dex.sections.SectionReader.getFieldRef(SectionReader.java:183)
	at jadx.plugins.input.dex.insns.DexInsnData.getIndexAsField(DexInsnData.java:131)
	at jadx.core.dex.visitors.usage.UsageInfoVisitor.processInsn(UsageInfoVisitor.java:150)
	at jadx.core.dex.visitors.usage.UsageInfoVisitor.lambda$processInstructions$0(UsageInfoVisitor.java:130)
	at jadx.plugins.input.dex.sections.DexCodeReader.visitInstructions(DexCodeReader.java:86)
	at jadx.core.dex.visitors.usage.UsageInfoVisitor.processInstructions(UsageInfoVisitor.java:128)
	at jadx.core.dex.visitors.usage.UsageInfoVisitor.processMethod(UsageInfoVisitor.java:113)
	at jadx.core.dex.visitors.usage.UsageInfoVisitor.processClass(UsageInfoVisitor.java:101)
	at jadx.core.dex.visitors.usage.UsageInfoVisitor.buildUsageData(UsageInfoVisitor.java:81)
	at jadx.core.dex.visitors.usage.UsageInfoVisitor.init(UsageInfoVisitor.java:65)
	at jadx.core.dex.nodes.RootNode.runPreDecompileStage(RootNode.java:356)
	at jadx.api.JadxDecompiler.load(JadxDecompiler.java:136)
	at jadx.cli.JadxCLI.runSave(JadxCLI.java:71)
	at jadx.cli.JadxCLI.execute(JadxCLI.java:44)
	at jadx.cli.JadxCLI.execute(JadxCLI.java:33)
	at jadx.cli.JadxCLI.main(JadxCLI.java:26)
ERROR - Dependency scan failed in method: com.scottyab.rootbeer.Const.getPaths():java.lang.String[], file: /workspace/xh/fixp_148608.dex
java.lang.ArrayIndexOutOfBoundsException: Index 5 out of bounds for length 5
	at jadx.plugins.input.dex.insns.DexInsnData.toString(DexInsnData.java:251)
	at java.base/java.lang.String.valueOf(String.java:4530)
	at jadx.core.dex.visitors.usage.UsageInfoVisitor.lambda$processInstructions$0(UsageInfoVisitor.java:132)
	at jadx.plugins.input.dex.sections.DexCodeReader.visitInstructions(DexCodeReader.java:86)
	at jadx.core.dex.visitors.usage.UsageInfoVisitor.processInstructions(UsageInfoVisitor.java:128)
	at jadx.core.dex.visitors.usage.UsageInfoVisitor.processMethod(UsageInfoVisitor.java:113)
	at jadx.core.dex.visitors.usage.UsageInfoVisitor.processClass(UsageInfoVisitor.java:101)
	at jadx.core.dex.visitors.usage.UsageInfoVisitor.buildUsageData(UsageInfoVisitor.java:81)
	at jadx.core.dex.visitors.usage.UsageInfoVisitor.init(UsageInfoVisitor.java:65)
	at jadx.core.dex.nodes.RootNode.runPreDecompileStage(RootNode.java:356)
	at jadx.api.JadxDecompiler.load(JadxDecompiler.java:136)
	at jadx.cli.JadxCLI.runSave(JadxCLI.java:71)
	at jadx.cli.JadxCLI.execute(JadxCLI.java:44)
	at jadx.cli.JadxCLI.execute(JadxCLI.java:33)
	at jadx.cli.JadxCLI.main(JadxCLI.java:26)
ERROR - Dependency scan failed at insn: 0x0000: SGET r43 in method: com.scottyab.rootbeer.R.<init>():void, file: /workspace/xh/fixp_148608.dex
java.lang.IllegalArgumentException: newPosition > limit: (335605288 > 3323492)
	at java.base/java.nio.Buffer.createPositionException(Buffer.java:351)
	at java.base/java.nio.Buffer.position(Buffer.java:326)
	at java.base/java.nio.ByteBuffer.position(ByteBuffer.java:1561)
	at jadx.plugins.input.dex.sections.SectionReader.absPos(SectionReader.java:82)
	at jadx.plugins.input.dex.sections.SectionReader.getString(SectionReader.java:175)
	at jadx.plugins.input.dex.sections.SectionReader.getType(SectionReader.java:165)
	at jadx.plugins.input.dex.sections.SectionReader.fillFieldData(SectionReader.java:194)
	at jadx.plugins.input.dex.sections.SectionReader.getFieldRef(SectionReader.java:183)
	at jadx.plugins.input.dex.insns.DexInsnData.getIndexAsField(DexInsnData.java:131)
	at jadx.core.dex.visitors.usage.UsageInfoVisitor.processInsn(UsageInfoVisitor.java:150)
	at jadx.core.dex.visitors.usage.UsageInfoVisitor.lambda$processInstructions$0(UsageInfoVisitor.java:130)
	at jadx.plugins.input.dex.sections.DexCodeReader.visitInstructions(DexCodeReader.java:86)
	at jadx.core.dex.visitors.usage.UsageInfoVisitor.processInstructions(UsageInfoVisitor.java:128)
	at jadx.core.dex.visitors.usage.UsageInfoVisitor.processMethod(UsageInfoVisitor.java:113)
	at jadx.core.dex.visitors.usage.UsageInfoVisitor.processClass(UsageInfoVisitor.java:101)
	at jadx.core.dex.visitors.usage.UsageInfoVisitor.buildUsageData(UsageInfoVisitor.java:81)
	at jadx.core.dex.visitors.usage.UsageInfoVisitor.init(UsageInfoVisitor.java:65)
	at jadx.core.dex.nodes.RootNode.runPreDecompileStage(RootNode.java:356)
	at jadx.api.JadxDecompiler.load(JadxDecompiler.java:136)
	at jadx.cli.JadxCLI.runSave(JadxCLI.java:71)
	at jadx.cli.JadxCLI.execute(JadxCLI.java:44)
	at jadx.cli.JadxCLI.execute(JadxCLI.java:33)
	at jadx.cli.JadxCLI.main(JadxCLI.java:26)
ERROR - Dependency scan failed at insn: 0x0005: SGET r210 in method: com.scottyab.rootbeer.RootBeer.<init>(android.content.Context):void, file: /workspace/xh/fixp_148608.dex
java.lang.IllegalArgumentException: newPosition > limit: (1295855996 > 3323492)
	at java.base/java.nio.Buffer.createPositionException(Buffer.java:351)
	at java.base/java.nio.Buffer.position(Buffer.java:326)
	at java.base/java.nio.ByteBuffer.position(ByteBuffer.java:1561)
	at jadx.plugins.input.dex.sections.SectionReader.absPos(SectionReader.java:82)
	at jadx.plugins.input.dex.sections.SectionReader.getString(SectionReader.java:175)
	at jadx.plugins.input.dex.sections.SectionReader.getType(SectionReader.java:165)
	at jadx.plugins.input.dex.sections.SectionReader.fillFieldData(SectionReader.java:194)
	at jadx.plugins.input.dex.sections.SectionReader.getFieldRef(SectionReader.java:183)
	at jadx.plugins.input.dex.insns.DexInsnData.getIndexAsField(DexInsnData.java:131)
	at jadx.core.dex.visitors.usage.UsageInfoVisitor.processInsn(UsageInfoVisitor.java:150)
	at jadx.core.dex.visitors.usage.UsageInfoVisitor.lambda$processInstructions$0(UsageInfoVisitor.java:130)
	at jadx.plugins.input.dex.sections.DexCodeReader.visitInstructions(DexCodeReader.java:86)
	at jadx.core.dex.visitors.usage.UsageInfoVisitor.processInstructions(UsageInfoVisitor.java:128)
	at jadx.core.dex.visitors.usage.UsageInfoVisitor.processMethod(UsageInfoVisitor.java:113)
	at jadx.core.dex.visitors.usage.UsageInfoVisitor.processClass(UsageInfoVisitor.java:101)
	at jadx.core.dex.visitors.usage.UsageInfoVisitor.buildUsageData(UsageInfoVisitor.java:81)
	at jadx.core.dex.visitors.usage.UsageInfoVisitor.init(UsageInfoVisitor.java:65)
	at jadx.core.dex.nodes.RootNode.runPreDecompileStage(RootNode.java:356)
	at jadx.api.JadxDecompiler.load(JadxDecompiler.java:136)
	at jadx.cli.JadxCLI.runSave(JadxCLI.java:71)
	at jadx.cli.JadxCLI.execute(JadxCLI.java:44)
	at jadx.cli.JadxCLI.execute(JadxCLI.java:33)
	at jadx.cli.JadxCLI.main(JadxCLI.java:26)
ERROR - Dependency scan failed at insn: 0x0004: IGET r4, r4 in method: com.scottyab.rootbeer.RootBeer.isAnyPackageFromListInstalled(java.util.List<java.lang.String>):boolean, file: /workspace/xh/fixp_148608.dex
java.lang.IllegalArgumentException: newPosition < 0: (-859032464 < 0)
	at java.base/java.nio.Buffer.createPositionException(Buffer.java:351)
	at java.base/java.nio.Buffer.position(Buffer.java:326)
	at java.base/java.nio.ByteBuffer.position(ByteBuffer.java:1561)
	at jadx.plugins.input.dex.sections.SectionReader.absPos(SectionReader.java:82)
	at jadx.plugins.input.dex.sections.SectionReader.getString(SectionReader.java:175)
	at jadx.plugins.input.dex.sections.SectionReader.getType(SectionReader.java:165)
	at jadx.plugins.input.dex.sections.SectionReader.fillFieldData(SectionReader.java:194)
	at jadx.plugins.input.dex.sections.SectionReader.getFieldRef(SectionReader.java:183)
	at jadx.plugins.input.dex.insns.DexInsnData.getIndexAsField(DexInsnData.java:131)
	at jadx.core.dex.visitors.usage.UsageInfoVisitor.processInsn(UsageInfoVisitor.java:150)
	at jadx.core.dex.visitors.usage.UsageInfoVisitor.lambda$processInstructions$0(UsageInfoVisitor.java:130)
	at jadx.plugins.input.dex.sections.DexCodeReader.visitInstructions(DexCodeReader.java:86)
	at jadx.core.dex.visitors.usage.UsageInfoVisitor.processInstructions(UsageInfoVisitor.java:128)
	at jadx.core.dex.visitors.usage.UsageInfoVisitor.processMethod(UsageInfoVisitor.java:113)
	at jadx.core.dex.visitors.usage.UsageInfoVisitor.processClass(UsageInfoVisitor.java:101)
	at jadx.core.dex.visitors.usage.UsageInfoVisitor.buildUsageData(UsageInfoVisitor.java:81)
	at jadx.core.dex.visitors.usage.UsageInfoVisitor.init(UsageInfoVisitor.java:65)
	at jadx.core.dex.nodes.RootNode.runPreDecompileStage(RootNode.java:356)
	at jadx.api.JadxDecompiler.load(JadxDecompiler.java:136)
	at jadx.cli.JadxCLI.runSave(JadxCLI.java:71)
	at jadx.cli.JadxCLI.execute(JadxCLI.java:44)
	at jadx.cli.JadxCLI.execute(JadxCLI.java:33)
	at jadx.cli.JadxCLI.main(JadxCLI.java:26)
ERROR - Dependency scan failed at insn: 0x0006: INVOKE_CUSTOM_RANGE r22183, r22184, r22185 in method: com.scottyab.rootbeer.RootBeer.isAnyPackageFromListInstalled(java.util.List<java.lang.String>):boolean, file: /workspace/xh/fixp_148608.dex
jadx.plugins.input.dex.DexException: Unknown encoded value type: 0xd
	at jadx.plugins.input.dex.sections.annotations.EncodedValueParser.parseValue(EncodedValueParser.java:87)
	at jadx.plugins.input.dex.sections.annotations.EncodedValueParser.parseEncodedArray(EncodedValueParser.java:95)
	at jadx.plugins.input.dex.sections.SectionReader.getCallSite(SectionReader.java:209)
	at jadx.plugins.input.dex.insns.DexInsnData.getIndexAsCallSite(DexInsnData.java:141)
	at jadx.core.utils.input.InsnDataUtils.getCallSite(InsnDataUtils.java:27)
	at jadx.core.dex.visitors.usage.UsageInfoVisitor.processInsn(UsageInfoVisitor.java:174)
	at jadx.core.dex.visitors.usage.UsageInfoVisitor.lambda$processInstructions$0(UsageInfoVisitor.java:130)
	at jadx.plugins.input.dex.sections.DexCodeReader.visitInstructions(DexCodeReader.java:86)
	at jadx.core.dex.visitors.usage.UsageInfoVisitor.processInstructions(UsageInfoVisitor.java:128)
	at jadx.core.dex.visitors.usage.UsageInfoVisitor.processMethod(UsageInfoVisitor.java:113)
	at jadx.core.dex.visitors.usage.UsageInfoVisitor.processClass(UsageInfoVisitor.java:101)
	at jadx.core.dex.visitors.usage.UsageInfoVisitor.buildUsageData(UsageInfoVisitor.java:81)
	at jadx.core.dex.visitors.usage.UsageInfoVisitor.init(UsageInfoVisitor.java:65)
	at jadx.core.dex.nodes.RootNode.runPreDecompileStage(RootNode.java:356)
	at jadx.api.JadxDecompiler.load(JadxDecompiler.java:136)
	at jadx.cli.JadxCLI.runSave(JadxCLI.java:71)
	at jadx.cli.JadxCLI.execute(JadxCLI.java:44)
	at jadx.cli.JadxCLI.execute(JadxCLI.java:33)
	at jadx.cli.JadxCLI.main(JadxCLI.java:26)
ERROR - Dependency scan failed in method: com.scottyab.rootbeer.RootBeer.isAnyPackageFromListInstalled(java.util.List<java.lang.String>):boolean, file: /workspace/xh/fixp_148608.dex
java.lang.ArrayIndexOutOfBoundsException: Index 5 out of bounds for length 5
	at jadx.plugins.input.dex.insns.DexInsnData.toString(DexInsnData.java:251)
	at java.base/java.lang.String.valueOf(String.java:4530)
	at jadx.core.dex.visitors.usage.UsageInfoVisitor.lambda$processInstructions$0(UsageInfoVisitor.java:132)
	at jadx.plugins.input.dex.sections.DexCodeReader.visitInstructions(DexCodeReader.java:86)
	at jadx.core.dex.visitors.usage.UsageInfoVisitor.processInstructions(UsageInfoVisitor.java:128)
	at jadx.core.dex.visitors.usage.UsageInfoVisitor.processMethod(UsageInfoVisitor.java:113)
	at jadx.core.dex.visitors.usage.UsageInfoVisitor.processClass(UsageInfoVisitor.java:101)
	at jadx.core.dex.visitors.usage.UsageInfoVisitor.buildUsageData(UsageInfoVisitor.java:81)
	at jadx.core.dex.visitors.usage.UsageInfoVisitor.init(UsageInfoVisitor.java:65)
	at jadx.core.dex.nodes.RootNode.runPreDecompileStage(RootNode.java:356)
	at jadx.api.JadxDecompiler.load(JadxDecompiler.java:136)
	at jadx.cli.JadxCLI.runSave(JadxCLI.java:71)
	at jadx.cli.JadxCLI.execute(JadxCLI.java:44)
	at jadx.cli.JadxCLI.execute(JadxCLI.java:33)
	at jadx.cli.JadxCLI.main(JadxCLI.java:26)
ERROR - Dependency scan failed at insn: 0x000B: IPUT r5, r12 in method: com.scottyab.rootbeer.RootBeer.mountReader():java.lang.String[], file: /workspace/xh/fixp_148608.dex
java.lang.IllegalArgumentException: newPosition < 0: (-1714321888 < 0)
	at java.base/java.nio.Buffer.createPositionException(Buffer.java:351)
	at java.base/java.nio.Buffer.position(Buffer.java:326)
	at java.base/java.nio.ByteBuffer.position(ByteBuffer.java:1561)
	at jadx.plugins.input.dex.sections.SectionReader.absPos(SectionReader.java:82)
	at jadx.plugins.input.dex.sections.SectionReader.getString(SectionReader.java:175)
	at jadx.plugins.input.dex.sections.SectionReader.fillFieldData(SectionReader.java:195)
	at jadx.plugins.input.dex.sections.SectionReader.getFieldRef(SectionReader.java:183)
	at jadx.plugins.input.dex.insns.DexInsnData.getIndexAsField(DexInsnData.java:131)
	at jadx.core.dex.visitors.usage.UsageInfoVisitor.processInsn(UsageInfoVisitor.java:150)
	at jadx.core.dex.visitors.usage.UsageInfoVisitor.lambda$processInstructions$0(UsageInfoVisitor.java:130)
	at jadx.plugins.input.dex.sections.DexCodeReader.visitInstructions(DexCodeReader.java:86)
	at jadx.core.dex.visitors.usage.UsageInfoVisitor.processInstructions(UsageInfoVisitor.java:128)
	at jadx.core.dex.visitors.usage.UsageInfoVisitor.processMethod(UsageInfoVisitor.java:113)
	at jadx.core.dex.visitors.usage.UsageInfoVisitor.processClass(UsageInfoVisitor.java:101)
	at jadx.core.dex.visitors.usage.UsageInfoVisitor.buildUsageData(UsageInfoVisitor.java:81)
	at jadx.core.dex.visitors.usage.UsageInfoVisitor.init(UsageInfoVisitor.java:65)
	at jadx.core.dex.nodes.RootNode.runPreDecompileStage(RootNode.java:356)
	at jadx.api.JadxDecompiler.load(JadxDecompiler.java:136)
	at jadx.cli.JadxCLI.runSave(JadxCLI.java:71)
	at jadx.cli.JadxCLI.execute(JadxCLI.java:44)
	at jadx.cli.JadxCLI.execute(JadxCLI.java:33)
	at jadx.cli.JadxCLI.main(JadxCLI.java:26)
ERROR - Dependency scan failed at insn: 0x0017: INSTANCE_OF r12, r4 in method: com.scottyab.rootbeer.RootBeer.mountReader():java.lang.String[], file: /workspace/xh/fixp_148608.dex
java.lang.IllegalArgumentException: newPosition > limit: (101451540 > 3323492)
	at java.base/java.nio.Buffer.createPositionException(Buffer.java:351)
	at java.base/java.nio.Buffer.position(Buffer.java:326)
	at java.base/java.nio.ByteBuffer.position(ByteBuffer.java:1561)
	at jadx.plugins.input.dex.sections.SectionReader.absPos(SectionReader.java:82)
	at jadx.plugins.input.dex.sections.SectionReader.getString(SectionReader.java:175)
	at jadx.plugins.input.dex.sections.SectionReader.getType(SectionReader.java:165)
	at jadx.plugins.input.dex.insns.DexInsnData.getIndexAsType(DexInsnData.java:126)
	at jadx.core.dex.visitors.usage.UsageInfoVisitor.processInsn(UsageInfoVisitor.java:144)
	at jadx.core.dex.visitors.usage.UsageInfoVisitor.lambda$processInstructions$0(UsageInfoVisitor.java:130)
	at jadx.plugins.input.dex.sections.DexCodeReader.visitInstructions(DexCodeReader.java:86)
	at jadx.core.dex.visitors.usage.UsageInfoVisitor.processInstructions(UsageInfoVisitor.java:128)
	at jadx.core.dex.visitors.usage.UsageInfoVisitor.processMethod(UsageInfoVisitor.java:113)
	at jadx.core.dex.visitors.usage.UsageInfoVisitor.processClass(UsageInfoVisitor.java:101)
	at jadx.core.dex.visitors.usage.UsageInfoVisitor.buildUsageData(UsageInfoVisitor.java:81)
	at jadx.core.dex.visitors.usage.UsageInfoVisitor.init(UsageInfoVisitor.java:65)
	at jadx.core.dex.nodes.RootNode.runPreDecompileStage(RootNode.java:356)
	at jadx.api.JadxDecompiler.load(JadxDecompiler.java:136)
	at jadx.cli.JadxCLI.runSave(JadxCLI.java:71)
	at jadx.cli.JadxCLI.execute(JadxCLI.java:44)
	at jadx.cli.JadxCLI.execute(JadxCLI.java:33)
	at jadx.cli.JadxCLI.main(JadxCLI.java:26)
ERROR - Dependency scan failed at insn: 0x002A: IPUT r5, r7 in method: com.scottyab.rootbeer.RootBeer.mountReader():java.lang.String[], file: /workspace/xh/fixp_148608.dex
java.lang.IllegalArgumentException: newPosition > limit: (527175064 > 3323492)
	at java.base/java.nio.Buffer.createPositionException(Buffer.java:351)
	at java.base/java.nio.Buffer.position(Buffer.java:326)
	at java.base/java.nio.ByteBuffer.position(ByteBuffer.java:1561)
	at jadx.plugins.input.dex.sections.SectionReader.absPos(SectionReader.java:82)
	at jadx.plugins.input.dex.sections.SectionReader.getString(SectionReader.java:175)
	at jadx.plugins.input.dex.sections.SectionReader.getType(SectionReader.java:165)
	at jadx.plugins.input.dex.sections.SectionReader.fillFieldData(SectionReader.java:194)
	at jadx.plugins.input.dex.sections.SectionReader.getFieldRef(SectionReader.java:183)
	at jadx.plugins.input.dex.insns.DexInsnData.getIndexAsField(DexInsnData.java:131)
	at jadx.core.dex.visitors.usage.UsageInfoVisitor.processInsn(UsageInfoVisitor.java:150)
	at jadx.core.dex.visitors.usage.UsageInfoVisitor.lambda$processInstructions$0(UsageInfoVisitor.java:130)
	at jadx.plugins.input.dex.sections.DexCodeReader.visitInstructions(DexCodeReader.java:86)
	at jadx.core.dex.visitors.usage.UsageInfoVisitor.processInstructions(UsageInfoVisitor.java:128)
	at jadx.core.dex.visitors.usage.UsageInfoVisitor.processMethod(UsageInfoVisitor.java:113)
	at jadx.core.dex.visitors.usage.UsageInfoVisitor.processClass(UsageInfoVisitor.java:101)
	at jadx.core.dex.visitors.usage.UsageInfoVisitor.buildUsageData(UsageInfoVisitor.java:81)
	at jadx.core.dex.visitors.usage.UsageInfoVisitor.init(UsageInfoVisitor.java:65)
	at jadx.core.dex.nodes.RootNode.runPreDecompileStage(RootNode.java:356)
	at jadx.api.JadxDecompiler.load(JadxDecompiler.java:136)
	at jadx.cli.JadxCLI.runSave(JadxCLI.java:71)
	at jadx.cli.JadxCLI.execute(JadxCLI.java:44)
	at jadx.cli.JadxCLI.execute(JadxCLI.java:33)
	at jadx.cli.JadxCLI.main(JadxCLI.java:26)
ERROR - Dependency scan failed in method: com.scottyab.rootbeer.RootBeer.propsReader():java.lang.String[], file: /workspace/xh/fixp_148608.dex
java.lang.ArrayIndexOutOfBoundsException: Index 5 out of bounds for length 5
	at jadx.plugins.input.dex.insns.DexInsnData.toString(DexInsnData.java:251)
	at java.base/java.lang.String.valueOf(String.java:4530)
	at jadx.core.dex.visitors.usage.UsageInfoVisitor.lambda$processInstructions$0(UsageInfoVisitor.java:132)
	at jadx.plugins.input.dex.sections.DexCodeReader.visitInstructions(DexCodeReader.java:86)
	at jadx.core.dex.visitors.usage.UsageInfoVisitor.processInstructions(UsageInfoVisitor.java:128)
	at jadx.core.dex.visitors.usage.UsageInfoVisitor.processMethod(UsageInfoVisitor.java:113)
	at jadx.core.dex.visitors.usage.UsageInfoVisitor.processClass(UsageInfoVisitor.java:101)
	at jadx.core.dex.visitors.usage.UsageInfoVisitor.buildUsageData(UsageInfoVisitor.java:81)
	at jadx.core.dex.visitors.usage.UsageInfoVisitor.init(UsageInfoVisitor.java:65)
	at jadx.core.dex.nodes.RootNode.runPreDecompileStage(RootNode.java:356)
	at jadx.api.JadxDecompiler.load(JadxDecompiler.java:136)
	at jadx.cli.JadxCLI.runSave(JadxCLI.java:71)
	at jadx.cli.JadxCLI.execute(JadxCLI.java:44)
	at jadx.cli.JadxCLI.execute(JadxCLI.java:33)
	at jadx.cli.JadxCLI.main(JadxCLI.java:26)
ERROR - Dependency scan failed at insn: 0x0005: IGET r7, r11 in method: com.scottyab.rootbeer.RootBeer.canLoadNativeLibrary():boolean, file: /workspace/xh/fixp_148608.dex
java.lang.ArrayIndexOutOfBoundsException: Index 0 out of bounds for length 0
	at jadx.plugins.input.dex.utils.MUtf8.decode(MUtf8.java:17)
	at jadx.plugins.input.dex.sections.SectionReader.getString(SectionReader.java:178)
	at jadx.plugins.input.dex.sections.SectionReader.getType(SectionReader.java:165)
	at jadx.plugins.input.dex.sections.SectionReader.fillFieldData(SectionReader.java:194)
	at jadx.plugins.input.dex.sections.SectionReader.getFieldRef(SectionReader.java:183)
	at jadx.plugins.input.dex.insns.DexInsnData.getIndexAsField(DexInsnData.java:131)
	at jadx.core.dex.visitors.usage.UsageInfoVisitor.processInsn(UsageInfoVisitor.java:150)
	at jadx.core.dex.visitors.usage.UsageInfoVisitor.lambda$processInstructions$0(UsageInfoVisitor.java:130)
	at jadx.plugins.input.dex.sections.DexCodeReader.visitInstructions(DexCodeReader.java:86)
	at jadx.core.dex.visitors.usage.UsageInfoVisitor.processInstructions(UsageInfoVisitor.java:128)
	at jadx.core.dex.visitors.usage.UsageInfoVisitor.processMethod(UsageInfoVisitor.java:113)
	at jadx.core.dex.visitors.usage.UsageInfoVisitor.processClass(UsageInfoVisitor.java:101)
	at jadx.core.dex.visitors.usage.UsageInfoVisitor.buildUsageData(UsageInfoVisitor.java:81)
	at jadx.core.dex.visitors.usage.UsageInfoVisitor.init(UsageInfoVisitor.java:65)
	at jadx.core.dex.nodes.RootNode.runPreDecompileStage(RootNode.java:356)
	at jadx.api.JadxDecompiler.load(JadxDecompiler.java:136)
	at jadx.cli.JadxCLI.runSave(JadxCLI.java:71)
	at jadx.cli.JadxCLI.execute(JadxCLI.java:44)
	at jadx.cli.JadxCLI.execute(JadxCLI.java:33)
	at jadx.cli.JadxCLI.main(JadxCLI.java:26)
ERROR - Dependency scan failed at insn: 0x0007: INVOKE_VIRTUAL_RANGE r30808, r30809, r30810, r30811, r30812, r30813, r30814, r30815, r30816, r30817, r30818, r30819, r30820, r30821, r30822, r30823, r30824, r30825, r30826, r30827, r30828, r30829, r30830, r30831, r30832, r30833, r30834, r30835, r30836, r30837, r30838, r30839, r30840, r30841, r30842, r30843, r30844, r30845, r30846, r30847, r30848, r30849, r30850, r30851, r30852, r30853, r30854, r30855, r30856, r30857, r30858, r30859, r30860, r30861, r30862, r30863, r30864, r30865, r30866, r30867, r30868, r30869, r30870, r30871, r30872, r30873, r30874, r30875, r30876, r30877, r30878, r30879, r30880, r30881, r30882, r30883, r30884, r30885, r30886, r30887, r30888, r30889, r30890, r30891, r30892, r30893, r30894, r30895, r30896, r30897, r30898, r30899, r30900, r30901, r30902, r30903, r30904, r30905, r30906, r30907, r30908, r30909, r30910, r30911, r30912, r30913, r30914, r30915, r30916, r30917, r30918, r30919, r30920, r30921, r30922, r30923, r30924, r30925, r30926, r30927, r30928, r30929, r30930, r30931, r30932, r30933, r30934, r30935, r30936, r30937, r30938, r30939, r30940, r30941, r30942, r30943, r30944, r30945, r30946, r30947, r30948, r30949, r30950, r30951, r30952, r30953, r30954, r30955, r30956, r30957, r30958, r30959, r30960, r30961, r30962, r30963, r30964, r30965, r30966, r30967, r30968, r30969, r30970, r30971, r30972, r30973, r30974, r30975, r30976, r30977, r30978, r30979, r30980, r30981, r30982, r30983, r30984, r30985, r30986, r30987 in method: com.scottyab.rootbeer.RootBeer.canLoadNativeLibrary():boolean, file: /workspace/xh/fixp_148608.dex
java.lang.IllegalArgumentException: newPosition < 0: (-610280550 < 0)
	at java.base/java.nio.Buffer.createPositionException(Buffer.java:351)
	at java.base/java.nio.Buffer.position(Buffer.java:326)
	at java.base/java.nio.ByteBuffer.position(ByteBuffer.java:1561)
	at jadx.plugins.input.dex.sections.SectionReader.absPos(SectionReader.java:82)
	at jadx.plugins.input.dex.sections.SectionReader.readTypeListAt(SectionReader.java:141)
	at jadx.plugins.input.dex.sections.SectionReader.loadMethodRef(SectionReader.java:269)
	at jadx.plugins.input.dex.sections.DexMethodRef.load(DexMethodRef.java:28)
	at jadx.core.dex.info.MethodInfo.fromRef(MethodInfo.java:47)
	at jadx.core.dex.visitors.usage.UsageInfoVisitor.processInsn(UsageInfoVisitor.java:165)
	at jadx.core.dex.visitors.usage.UsageInfoVisitor.lambda$processInstructions$0(UsageInfoVisitor.java:130)
	at jadx.plugins.input.dex.sections.DexCodeReader.visitInstructions(DexCodeReader.java:86)
	at jadx.core.dex.visitors.usage.UsageInfoVisitor.processInstructions(UsageInfoVisitor.java:128)
	at jadx.core.dex.visitors.usage.UsageInfoVisitor.processMethod(UsageInfoVisitor.java:113)
	at jadx.core.dex.visitors.usage.UsageInfoVisitor.processClass(UsageInfoVisitor.java:101)
	at jadx.core.dex.visitors.usage.UsageInfoVisitor.buildUsageData(UsageInfoVisitor.java:81)
	at jadx.core.dex.visitors.usage.UsageInfoVisitor.init(UsageInfoVisitor.java:65)
	at jadx.core.dex.nodes.RootNode.runPreDecompileStage(RootNode.java:356)
	at jadx.api.JadxDecompiler.load(JadxDecompiler.java:136)
	at jadx.cli.JadxCLI.runSave(JadxCLI.java:71)
	at jadx.cli.JadxCLI.execute(JadxCLI.java:44)
	at jadx.cli.JadxCLI.execute(JadxCLI.java:33)
	at jadx.cli.JadxCLI.main(JadxCLI.java:26)
ERROR - Dependency scan failed at insn: 0x0000: FILLED_NEW_ARRAY_RANGE r38766, r38767, r38768, r38769, r38770, r38771, r38772, r38773, r38774, r38775, r38776, r38777, r38778, r38779, r38780, r38781, r38782, r38783, r38784, r38785, r38786, r38787, r38788, r38789, r38790, r38791, r38792, r38793, r38794, r38795, r38796, r38797, r38798, r38799, r38800, r38801, r38802, r38803, r38804, r38805, r38806, r38807, r38808, r38809, r38810, r38811, r38812, r38813, r38814, r38815, r38816, r38817, r38818, r38819, r38820, r38821, r38822, r38823, r38824, r38825, r38826, r38827, r38828, r38829, r38830, r38831, r38832, r38833, r38834, r38835, r38836, r38837, r38838, r38839, r38840, r38841, r38842, r38843, r38844, r38845, r38846, r38847, r38848, r38849, r38850, r38851, r38852, r38853, r38854, r38855, r38856, r38857, r38858, r38859, r38860, r38861, r38862, r38863, r38864, r38865, r38866, r38867, r38868, r38869, r38870, r38871, r38872, r38873, r38874, r38875, r38876, r38877, r38878, r38879, r38880, r38881, r38882, r38883, r38884, r38885, r38886, r38887, r38888, r38889, r38890, r38891, r38892, r38893, r38894, r38895, r38896, r38897, r38898, r38899, r38900, r38901, r38902, r38903, r38904, r38905, r38906, r38907, r38908, r38909, r38910, r38911, r38912, r38913, r38914, r38915, r38916, r38917, r38918, r38919, r38920, r38921, r38922, r38923, r38924, r38925, r38926, r38927, r38928, r38929, r38930, r38931, r38932, r38933, r38934, r38935 in method: com.scottyab.rootbeer.RootBeer.checkForBinary(java.lang.String):boolean, file: /workspace/xh/fixp_148608.dex
java.lang.IllegalArgumentException: newPosition < 0: (-439454214 < 0)
	at java.base/java.nio.Buffer.createPositionException(Buffer.java:351)
	at java.base/java.nio.Buffer.position(Buffer.java:326)
	at java.base/java.nio.ByteBuffer.position(ByteBuffer.java:1561)
	at jadx.plugins.input.dex.sections.SectionReader.absPos(SectionReader.java:82)
	at jadx.plugins.input.dex.sections.SectionReader.getString(SectionReader.java:177)
	at jadx.plugins.input.dex.sections.SectionReader.getType(SectionReader.java:165)
	at jadx.plugins.input.dex.insns.DexInsnData.getIndexAsType(DexInsnData.java:126)
	at jadx.core.dex.visitors.usage.UsageInfoVisitor.processInsn(UsageInfoVisitor.java:144)
	at jadx.core.dex.visitors.usage.UsageInfoVisitor.lambda$processInstructions$0(UsageInfoVisitor.java:130)
	at jadx.plugins.input.dex.sections.DexCodeReader.visitInstructions(DexCodeReader.java:86)
	at jadx.core.dex.visitors.usage.UsageInfoVisitor.processInstructions(UsageInfoVisitor.java:128)
	at jadx.core.dex.visitors.usage.UsageInfoVisitor.processMethod(UsageInfoVisitor.java:113)
	at jadx.core.dex.visitors.usage.UsageInfoVisitor.processClass(UsageInfoVisitor.java:101)
	at jadx.core.dex.visitors.usage.UsageInfoVisitor.buildUsageData(UsageInfoVisitor.java:81)
	at jadx.core.dex.visitors.usage.UsageInfoVisitor.init(UsageInfoVisitor.java:65)
	at jadx.core.dex.nodes.RootNode.runPreDecompileStage(RootNode.java:356)
	at jadx.api.JadxDecompiler.load(JadxDecompiler.java:136)
	at jadx.cli.JadxCLI.runSave(JadxCLI.java:71)
	at jadx.cli.JadxCLI.execute(JadxCLI.java:44)
	at jadx.cli.JadxCLI.execute(JadxCLI.java:33)
	at jadx.cli.JadxCLI.main(JadxCLI.java:26)
ERROR - Dependency scan failed at insn: 0x0017: IPUT r8, r14 in method: com.scottyab.rootbeer.RootBeer.checkForBinary(java.lang.String):boolean, file: /workspace/xh/fixp_148608.dex
java.lang.IllegalArgumentException: newPosition < 0: (-843720176 < 0)
	at java.base/java.nio.Buffer.createPositionException(Buffer.java:351)
	at java.base/java.nio.Buffer.position(Buffer.java:326)
	at java.base/java.nio.ByteBuffer.position(ByteBuffer.java:1561)
	at jadx.plugins.input.dex.sections.SectionReader.absPos(SectionReader.java:82)
	at jadx.plugins.input.dex.sections.SectionReader.getString(SectionReader.java:175)
	at jadx.plugins.input.dex.sections.SectionReader.fillFieldData(SectionReader.java:195)
	at jadx.plugins.input.dex.sections.SectionReader.getFieldRef(SectionReader.java:183)
	at jadx.plugins.input.dex.insns.DexInsnData.getIndexAsField(DexInsnData.java:131)
	at jadx.core.dex.visitors.usage.UsageInfoVisitor.processInsn(UsageInfoVisitor.java:150)
	at jadx.core.dex.visitors.usage.UsageInfoVisitor.lambda$processInstructions$0(UsageInfoVisitor.java:130)
	at jadx.plugins.input.dex.sections.DexCodeReader.visitInstructions(DexCodeReader.java:86)
	at jadx.core.dex.visitors.usage.UsageInfoVisitor.processInstructions(UsageInfoVisitor.java:128)
	at jadx.core.dex.visitors.usage.UsageInfoVisitor.processMethod(UsageInfoVisitor.java:113)
	at jadx.core.dex.visitors.usage.UsageInfoVisitor.processClass(UsageInfoVisitor.java:101)
	at jadx.core.dex.visitors.usage.UsageInfoVisitor.buildUsageData(UsageInfoVisitor.java:81)
	at jadx.core.dex.visitors.usage.UsageInfoVisitor.init(UsageInfoVisitor.java:65)
	at jadx.core.dex.nodes.RootNode.runPreDecompileStage(RootNode.java:356)
	at jadx.api.JadxDecompiler.load(JadxDecompiler.java:136)
	at jadx.cli.JadxCLI.runSave(JadxCLI.java:71)
	at jadx.cli.JadxCLI.execute(JadxCLI.java:44)
	at jadx.cli.JadxCLI.execute(JadxCLI.java:33)
	at jadx.cli.JadxCLI.main(JadxCLI.java:26)
ERROR - Dependency scan failed at insn: 0x001A: IGET r3, r14 in method: com.scottyab.rootbeer.RootBeer.checkForBinary(java.lang.String):boolean, file: /workspace/xh/fixp_148608.dex
java.lang.IllegalArgumentException: newPosition < 0: (-1113212428 < 0)
	at java.base/java.nio.Buffer.createPositionException(Buffer.java:351)
	at java.base/java.nio.Buffer.position(Buffer.java:326)
	at java.base/java.nio.ByteBuffer.position(ByteBuffer.java:1561)
	at jadx.plugins.input.dex.sections.SectionReader.absPos(SectionReader.java:82)
	at jadx.plugins.input.dex.sections.SectionReader.getString(SectionReader.java:175)
	at jadx.plugins.input.dex.sections.SectionReader.getType(SectionReader.java:165)
	at jadx.plugins.input.dex.sections.SectionReader.fillFieldData(SectionReader.java:194)
	at jadx.plugins.input.dex.sections.SectionReader.getFieldRef(SectionReader.java:183)
	at jadx.plugins.input.dex.insns.DexInsnData.getIndexAsField(DexInsnData.java:131)
	at jadx.core.dex.visitors.usage.UsageInfoVisitor.processInsn(UsageInfoVisitor.java:150)
	at jadx.core.dex.visitors.usage.UsageInfoVisitor.lambda$processInstructions$0(UsageInfoVisitor.java:130)
	at jadx.plugins.input.dex.sections.DexCodeReader.visitInstructions(DexCodeReader.java:86)
	at jadx.core.dex.visitors.usage.UsageInfoVisitor.processInstructions(UsageInfoVisitor.java:128)
	at jadx.core.dex.visitors.usage.UsageInfoVisitor.processMethod(UsageInfoVisitor.java:113)
	at jadx.core.dex.visitors.usage.UsageInfoVisitor.processClass(UsageInfoVisitor.java:101)
	at jadx.core.dex.visitors.usage.UsageInfoVisitor.buildUsageData(UsageInfoVisitor.java:81)
	at jadx.core.dex.visitors.usage.UsageInfoVisitor.init(UsageInfoVisitor.java:65)
	at jadx.core.dex.nodes.RootNode.runPreDecompileStage(RootNode.java:356)
	at jadx.api.JadxDecompiler.load(JadxDecompiler.java:136)
	at jadx.cli.JadxCLI.runSave(JadxCLI.java:71)
	at jadx.cli.JadxCLI.execute(JadxCLI.java:44)
	at jadx.cli.JadxCLI.execute(JadxCLI.java:33)
	at jadx.cli.JadxCLI.main(JadxCLI.java:26)
ERROR - Dependency scan failed at insn: 0x0021: IGET r10, r6 in method: com.scottyab.rootbeer.RootBeer.checkForBinary(java.lang.String):boolean, file: /workspace/xh/fixp_148608.dex
java.lang.IllegalArgumentException: newPosition > limit: (8643760 > 3323492)
	at java.base/java.nio.Buffer.createPositionException(Buffer.java:351)
	at java.base/java.nio.Buffer.position(Buffer.java:326)
	at java.base/java.nio.ByteBuffer.position(ByteBuffer.java:1561)
	at jadx.plugins.input.dex.sections.SectionReader.absPos(SectionReader.java:82)
	at jadx.plugins.input.dex.sections.SectionReader.getString(SectionReader.java:175)
	at jadx.plugins.input.dex.sections.SectionReader.fillFieldData(SectionReader.java:195)
	at jadx.plugins.input.dex.sections.SectionReader.getFieldRef(SectionReader.java:183)
	at jadx.plugins.input.dex.insns.DexInsnData.getIndexAsField(DexInsnData.java:131)
	at jadx.core.dex.visitors.usage.UsageInfoVisitor.processInsn(UsageInfoVisitor.java:150)
	at jadx.core.dex.visitors.usage.UsageInfoVisitor.lambda$processInstructions$0(UsageInfoVisitor.java:130)
	at jadx.plugins.input.dex.sections.DexCodeReader.visitInstructions(DexCodeReader.java:86)
	at jadx.core.dex.visitors.usage.UsageInfoVisitor.processInstructions(UsageInfoVisitor.java:128)
	at jadx.core.dex.visitors.usage.UsageInfoVisitor.processMethod(UsageInfoVisitor.java:113)
	at jadx.core.dex.visitors.usage.UsageInfoVisitor.processClass(UsageInfoVisitor.java:101)
	at jadx.core.dex.visitors.usage.UsageInfoVisitor.buildUsageData(UsageInfoVisitor.java:81)
	at jadx.core.dex.visitors.usage.UsageInfoVisitor.init(UsageInfoVisitor.java:65)
	at jadx.core.dex.nodes.RootNode.runPreDecompileStage(RootNode.java:356)
	at jadx.api.JadxDecompiler.load(JadxDecompiler.java:136)
	at jadx.cli.JadxCLI.runSave(JadxCLI.java:71)
	at jadx.cli.JadxCLI.execute(JadxCLI.java:44)
	at jadx.cli.JadxCLI.execute(JadxCLI.java:33)
	at jadx.cli.JadxCLI.main(JadxCLI.java:26)
ERROR - Dependency scan failed at insn: 0x002F: INVOKE_POLYMORPHIC r13, r3, r14, r2 in method: com.scottyab.rootbeer.RootBeer.checkForBinary(java.lang.String):boolean, file: /workspace/xh/fixp_148608.dex
java.lang.IllegalArgumentException: newPosition > limit: (1751733625 > 3323492)
	at java.base/java.nio.Buffer.createPositionException(Buffer.java:351)
	at java.base/java.nio.Buffer.position(Buffer.java:326)
	at java.base/java.nio.ByteBuffer.position(ByteBuffer.java:1561)
	at jadx.plugins.input.dex.sections.SectionReader.absPos(SectionReader.java:82)
	at jadx.plugins.input.dex.sections.SectionReader.readTypeListAt(SectionReader.java:141)
	at jadx.plugins.input.dex.sections.SectionReader.loadMethodRef(SectionReader.java:269)
	at jadx.plugins.input.dex.sections.DexMethodRef.load(DexMethodRef.java:28)
	at jadx.core.dex.info.MethodInfo.fromRef(MethodInfo.java:47)
	at jadx.core.dex.visitors.usage.UsageInfoVisitor.processInsn(UsageInfoVisitor.java:165)
	at jadx.core.dex.visitors.usage.UsageInfoVisitor.lambda$processInstructions$0(UsageInfoVisitor.java:130)
	at jadx.plugins.input.dex.sections.DexCodeReader.visitInstructions(DexCodeReader.java:86)
	at jadx.core.dex.visitors.usage.UsageInfoVisitor.processInstructions(UsageInfoVisitor.java:128)
	at jadx.core.dex.visitors.usage.UsageInfoVisitor.processMethod(UsageInfoVisitor.java:113)
	at jadx.core.dex.visitors.usage.UsageInfoVisitor.processClass(UsageInfoVisitor.java:101)
	at jadx.core.dex.visitors.usage.UsageInfoVisitor.buildUsageData(UsageInfoVisitor.java:81)
	at jadx.core.dex.visitors.usage.UsageInfoVisitor.init(UsageInfoVisitor.java:65)
	at jadx.core.dex.nodes.RootNode.runPreDecompileStage(RootNode.java:356)
	at jadx.api.JadxDecompiler.load(JadxDecompiler.java:136)
	at jadx.cli.JadxCLI.runSave(JadxCLI.java:71)
	at jadx.cli.JadxCLI.execute(JadxCLI.java:44)
	at jadx.cli.JadxCLI.execute(JadxCLI.java:33)
	at jadx.cli.JadxCLI.main(JadxCLI.java:26)
ERROR - Dependency scan failed at insn: 0x0039: INSTANCE_OF r11, r13 in method: com.scottyab.rootbeer.RootBeer.checkForBinary(java.lang.String):boolean, file: /workspace/xh/fixp_148608.dex
java.lang.IllegalArgumentException: newPosition > limit: (8607712 > 3323492)
	at java.base/java.nio.Buffer.createPositionException(Buffer.java:351)
	at java.base/java.nio.Buffer.position(Buffer.java:326)
	at java.base/java.nio.ByteBuffer.position(ByteBuffer.java:1561)
	at jadx.plugins.input.dex.sections.SectionReader.absPos(SectionReader.java:82)
	at jadx.plugins.input.dex.sections.SectionReader.getString(SectionReader.java:175)
	at jadx.plugins.input.dex.sections.SectionReader.getType(SectionReader.java:165)
	at jadx.plugins.input.dex.insns.DexInsnData.getIndexAsType(DexInsnData.java:126)
	at jadx.core.dex.visitors.usage.UsageInfoVisitor.processInsn(UsageInfoVisitor.java:144)
	at jadx.core.dex.visitors.usage.UsageInfoVisitor.lambda$processInstructions$0(UsageInfoVisitor.java:130)
	at jadx.plugins.input.dex.sections.DexCodeReader.visitInstructions(DexCodeReader.java:86)
	at jadx.core.dex.visitors.usage.UsageInfoVisitor.processInstructions(UsageInfoVisitor.java:128)
	at jadx.core.dex.visitors.usage.UsageInfoVisitor.processMethod(UsageInfoVisitor.java:113)
	at jadx.core.dex.visitors.usage.UsageInfoVisitor.processClass(UsageInfoVisitor.java:101)
	at jadx.core.dex.visitors.usage.UsageInfoVisitor.buildUsageData(UsageInfoVisitor.java:81)
	at jadx.core.dex.visitors.usage.UsageInfoVisitor.init(UsageInfoVisitor.java:65)
	at jadx.core.dex.nodes.RootNode.runPreDecompileStage(RootNode.java:356)
	at jadx.api.JadxDecompiler.load(JadxDecompiler.java:136)
	at jadx.cli.JadxCLI.runSave(JadxCLI.java:71)
	at jadx.cli.JadxCLI.execute(JadxCLI.java:44)
	at jadx.cli.JadxCLI.execute(JadxCLI.java:33)
	at jadx.cli.JadxCLI.main(JadxCLI.java:26)
ERROR - Dependency scan failed at insn: 0x0006: INVOKE_CUSTOM_RANGE r12, r13, r14, r15, r16, r17, r18, r19, r20, r21, r22, r23, r24, r25, r26, r27, r28, r29, r30, r31, r32, r33, r34, r35, r36, r37, r38, r39, r40, r41, r42, r43, r44, r45, r46, r47, r48, r49, r50, r51, r52, r53, r54, r55, r56, r57, r58, r59, r60, r61, r62, r63 in method: com.scottyab.rootbeer.RootBeer.checkForBusyBoxBinary():boolean, file: /workspace/xh/fixp_148608.dex
java.lang.IllegalArgumentException: newPosition > limit: (175662436 > 3323492)
	at java.base/java.nio.Buffer.createPositionException(Buffer.java:351)
	at java.base/java.nio.Buffer.position(Buffer.java:326)
	at java.base/java.nio.ByteBuffer.position(ByteBuffer.java:1561)
	at jadx.plugins.input.dex.sections.SectionReader.absPos(SectionReader.java:82)
	at jadx.plugins.input.dex.sections.SectionReader.getCallSite(SectionReader.java:208)
	at jadx.plugins.input.dex.insns.DexInsnData.getIndexAsCallSite(DexInsnData.java:141)
	at jadx.core.utils.input.InsnDataUtils.getCallSite(InsnDataUtils.java:27)
	at jadx.core.dex.visitors.usage.UsageInfoVisitor.processInsn(UsageInfoVisitor.java:174)
	at jadx.core.dex.visitors.usage.UsageInfoVisitor.lambda$processInstructions$0(UsageInfoVisitor.java:130)
	at jadx.plugins.input.dex.sections.DexCodeReader.visitInstructions(DexCodeReader.java:86)
	at jadx.core.dex.visitors.usage.UsageInfoVisitor.processInstructions(UsageInfoVisitor.java:128)
	at jadx.core.dex.visitors.usage.UsageInfoVisitor.processMethod(UsageInfoVisitor.java:113)
	at jadx.core.dex.visitors.usage.UsageInfoVisitor.processClass(UsageInfoVisitor.java:101)
	at jadx.core.dex.visitors.usage.UsageInfoVisitor.buildUsageData(UsageInfoVisitor.java:81)
	at jadx.core.dex.visitors.usage.UsageInfoVisitor.init(UsageInfoVisitor.java:65)
	at jadx.core.dex.nodes.RootNode.runPreDecompileStage(RootNode.java:356)
	at jadx.api.JadxDecompiler.load(JadxDecompiler.java:136)
	at jadx.cli.JadxCLI.runSave(JadxCLI.java:71)
	at jadx.cli.JadxCLI.execute(JadxCLI.java:44)
	at jadx.cli.JadxCLI.execute(JadxCLI.java:33)
	at jadx.cli.JadxCLI.main(JadxCLI.java:26)
ERROR - Dependency scan failed at insn: 0x0004: FILLED_NEW_ARRAY r13 in method: com.scottyab.rootbeer.RootBeer.checkForDangerousProps():boolean, file: /workspace/xh/fixp_148608.dex
java.lang.IllegalArgumentException: newPosition > limit: (15583748 > 3323492)
	at java.base/java.nio.Buffer.createPositionException(Buffer.java:351)
	at java.base/java.nio.Buffer.position(Buffer.java:326)
	at java.base/java.nio.ByteBuffer.position(ByteBuffer.java:1561)
	at jadx.plugins.input.dex.sections.SectionReader.absPos(SectionReader.java:82)
	at jadx.plugins.input.dex.sections.SectionReader.getString(SectionReader.java:175)
	at jadx.plugins.input.dex.sections.SectionReader.getType(SectionReader.java:165)
	at jadx.plugins.input.dex.insns.DexInsnData.getIndexAsType(DexInsnData.java:126)
	at jadx.core.dex.visitors.usage.UsageInfoVisitor.processInsn(UsageInfoVisitor.java:144)
	at jadx.core.dex.visitors.usage.UsageInfoVisitor.lambda$processInstructions$0(UsageInfoVisitor.java:130)
	at jadx.plugins.input.dex.sections.DexCodeReader.visitInstructions(DexCodeReader.java:86)
	at jadx.core.dex.visitors.usage.UsageInfoVisitor.processInstructions(UsageInfoVisitor.java:128)
	at jadx.core.dex.visitors.usage.UsageInfoVisitor.processMethod(UsageInfoVisitor.java:113)
	at jadx.core.dex.visitors.usage.UsageInfoVisitor.processClass(UsageInfoVisitor.java:101)
	at jadx.core.dex.visitors.usage.UsageInfoVisitor.buildUsageData(UsageInfoVisitor.java:81)
	at jadx.core.dex.visitors.usage.UsageInfoVisitor.init(UsageInfoVisitor.java:65)
	at jadx.core.dex.nodes.RootNode.runPreDecompileStage(RootNode.java:356)
	at jadx.api.JadxDecompiler.load(JadxDecompiler.java:136)
	at jadx.cli.JadxCLI.runSave(JadxCLI.java:71)
	at jadx.cli.JadxCLI.execute(JadxCLI.java:44)
	at jadx.cli.JadxCLI.execute(JadxCLI.java:33)
	at jadx.cli.JadxCLI.main(JadxCLI.java:26)
ERROR - Dependency scan failed at insn: 0x000D: SPUT r107 in method: com.scottyab.rootbeer.RootBeer.checkForDangerousProps():boolean, file: /workspace/xh/fixp_148608.dex
java.lang.IllegalArgumentException: newPosition > limit: (1287702016 > 3323492)
	at java.base/java.nio.Buffer.createPositionException(Buffer.java:351)
	at java.base/java.nio.Buffer.position(Buffer.java:326)
	at java.base/java.nio.ByteBuffer.position(ByteBuffer.java:1561)
	at jadx.plugins.input.dex.sections.SectionReader.absPos(SectionReader.java:82)
	at jadx.plugins.input.dex.sections.SectionReader.getString(SectionReader.java:175)
	at jadx.plugins.input.dex.sections.SectionReader.getType(SectionReader.java:165)
	at jadx.plugins.input.dex.sections.SectionReader.fillFieldData(SectionReader.java:194)
	at jadx.plugins.input.dex.sections.SectionReader.getFieldRef(SectionReader.java:183)
	at jadx.plugins.input.dex.insns.DexInsnData.getIndexAsField(DexInsnData.java:131)
	at jadx.core.dex.visitors.usage.UsageInfoVisitor.processInsn(UsageInfoVisitor.java:150)
	at jadx.core.dex.visitors.usage.UsageInfoVisitor.lambda$processInstructions$0(UsageInfoVisitor.java:130)
	at jadx.plugins.input.dex.sections.DexCodeReader.visitInstructions(DexCodeReader.java:86)
	at jadx.core.dex.visitors.usage.UsageInfoVisitor.processInstructions(UsageInfoVisitor.java:128)
	at jadx.core.dex.visitors.usage.UsageInfoVisitor.processMethod(UsageInfoVisitor.java:113)
	at jadx.core.dex.visitors.usage.UsageInfoVisitor.processClass(UsageInfoVisitor.java:101)
	at jadx.core.dex.visitors.usage.UsageInfoVisitor.buildUsageData(UsageInfoVisitor.java:81)
	at jadx.core.dex.visitors.usage.UsageInfoVisitor.init(UsageInfoVisitor.java:65)
	at jadx.core.dex.nodes.RootNode.runPreDecompileStage(RootNode.java:356)
	at jadx.api.JadxDecompiler.load(JadxDecompiler.java:136)
	at jadx.cli.JadxCLI.runSave(JadxCLI.java:71)
	at jadx.cli.JadxCLI.execute(JadxCLI.java:44)
	at jadx.cli.JadxCLI.execute(JadxCLI.java:33)
	at jadx.cli.JadxCLI.main(JadxCLI.java:26)
ERROR - Dependency scan failed at insn: 0x0012: IGET r7, r5 in method: com.scottyab.rootbeer.RootBeer.checkForDangerousProps():boolean, file: /workspace/xh/fixp_148608.dex
java.lang.IllegalArgumentException: newPosition < 0: (-1782999488 < 0)
	at java.base/java.nio.Buffer.createPositionException(Buffer.java:351)
	at java.base/java.nio.Buffer.position(Buffer.java:326)
	at java.base/java.nio.ByteBuffer.position(ByteBuffer.java:1561)
	at jadx.plugins.input.dex.sections.SectionReader.absPos(SectionReader.java:82)
	at jadx.plugins.input.dex.sections.SectionReader.getString(SectionReader.java:175)
	at jadx.plugins.input.dex.sections.SectionReader.fillFieldData(SectionReader.java:195)
	at jadx.plugins.input.dex.sections.SectionReader.getFieldRef(SectionReader.java:183)
	at jadx.plugins.input.dex.insns.DexInsnData.getIndexAsField(DexInsnData.java:131)
	at jadx.core.dex.visitors.usage.UsageInfoVisitor.processInsn(UsageInfoVisitor.java:150)
	at jadx.core.dex.visitors.usage.UsageInfoVisitor.lambda$processInstructions$0(UsageInfoVisitor.java:130)
	at jadx.plugins.input.dex.sections.DexCodeReader.visitInstructions(DexCodeReader.java:86)
	at jadx.core.dex.visitors.usage.UsageInfoVisitor.processInstructions(UsageInfoVisitor.java:128)
	at jadx.core.dex.visitors.usage.UsageInfoVisitor.processMethod(UsageInfoVisitor.java:113)
	at jadx.core.dex.visitors.usage.UsageInfoVisitor.processClass(UsageInfoVisitor.java:101)
	at jadx.core.dex.visitors.usage.UsageInfoVisitor.buildUsageData(UsageInfoVisitor.java:81)
	at jadx.core.dex.visitors.usage.UsageInfoVisitor.init(UsageInfoVisitor.java:65)
	at jadx.core.dex.nodes.RootNode.runPreDecompileStage(RootNode.java:356)
	at jadx.api.JadxDecompiler.load(JadxDecompiler.java:136)
	at jadx.cli.JadxCLI.runSave(JadxCLI.java:71)
	at jadx.cli.JadxCLI.execute(JadxCLI.java:44)
	at jadx.cli.JadxCLI.execute(JadxCLI.java:33)
	at jadx.cli.JadxCLI.main(JadxCLI.java:26)
ERROR - Dependency scan failed in method: com.scottyab.rootbeer.RootBeer.checkForDangerousProps():boolean, file: /workspace/xh/fixp_148608.dex
java.lang.ArrayIndexOutOfBoundsException: Index 5 out of bounds for length 5
	at jadx.plugins.input.dex.insns.DexInsnData.toString(DexInsnData.java:251)
	at java.base/java.lang.String.valueOf(String.java:4530)
	at jadx.core.dex.visitors.usage.UsageInfoVisitor.lambda$processInstructions$0(UsageInfoVisitor.java:132)
	at jadx.plugins.input.dex.sections.DexCodeReader.visitInstructions(DexCodeReader.java:86)
	at jadx.core.dex.visitors.usage.UsageInfoVisitor.processInstructions(UsageInfoVisitor.java:128)
	at jadx.core.dex.visitors.usage.UsageInfoVisitor.processMethod(UsageInfoVisitor.java:113)
	at jadx.core.dex.visitors.usage.UsageInfoVisitor.processClass(UsageInfoVisitor.java:101)
	at jadx.core.dex.visitors.usage.UsageInfoVisitor.buildUsageData(UsageInfoVisitor.java:81)
	at jadx.core.dex.visitors.usage.UsageInfoVisitor.init(UsageInfoVisitor.java:65)
	at jadx.core.dex.nodes.RootNode.runPreDecompileStage(RootNode.java:356)
	at jadx.api.JadxDecompiler.load(JadxDecompiler.java:136)
	at jadx.cli.JadxCLI.runSave(JadxCLI.java:71)
	at jadx.cli.JadxCLI.execute(JadxCLI.java:44)
	at jadx.cli.JadxCLI.execute(JadxCLI.java:33)
	at jadx.cli.JadxCLI.main(JadxCLI.java:26)
ERROR - Dependency scan failed at insn: 0x0000: SGET r236 in method: com.scottyab.rootbeer.RootBeer.checkForMagiskBinary():boolean, file: /workspace/xh/fixp_148608.dex
java.lang.IllegalArgumentException: newPosition > limit: (872518148 > 3323492)
	at java.base/java.nio.Buffer.createPositionException(Buffer.java:351)
	at java.base/java.nio.Buffer.position(Buffer.java:326)
	at java.base/java.nio.ByteBuffer.position(ByteBuffer.java:1561)
	at jadx.plugins.input.dex.sections.SectionReader.absPos(SectionReader.java:82)
	at jadx.plugins.input.dex.sections.SectionReader.getString(SectionReader.java:175)
	at jadx.plugins.input.dex.sections.SectionReader.getType(SectionReader.java:165)
	at jadx.plugins.input.dex.sections.SectionReader.fillFieldData(SectionReader.java:194)
	at jadx.plugins.input.dex.sections.SectionReader.getFieldRef(SectionReader.java:183)
	at jadx.plugins.input.dex.insns.DexInsnData.getIndexAsField(DexInsnData.java:131)
	at jadx.core.dex.visitors.usage.UsageInfoVisitor.processInsn(UsageInfoVisitor.java:150)
	at jadx.core.dex.visitors.usage.UsageInfoVisitor.lambda$processInstructions$0(UsageInfoVisitor.java:130)
	at jadx.plugins.input.dex.sections.DexCodeReader.visitInstructions(DexCodeReader.java:86)
	at jadx.core.dex.visitors.usage.UsageInfoVisitor.processInstructions(UsageInfoVisitor.java:128)
	at jadx.core.dex.visitors.usage.UsageInfoVisitor.processMethod(UsageInfoVisitor.java:113)
	at jadx.core.dex.visitors.usage.UsageInfoVisitor.processClass(UsageInfoVisitor.java:101)
	at jadx.core.dex.visitors.usage.UsageInfoVisitor.buildUsageData(UsageInfoVisitor.java:81)
	at jadx.core.dex.visitors.usage.UsageInfoVisitor.init(UsageInfoVisitor.java:65)
	at jadx.core.dex.nodes.RootNode.runPreDecompileStage(RootNode.java:356)
	at jadx.api.JadxDecompiler.load(JadxDecompiler.java:136)
	at jadx.cli.JadxCLI.runSave(JadxCLI.java:71)
	at jadx.cli.JadxCLI.execute(JadxCLI.java:44)
	at jadx.cli.JadxCLI.execute(JadxCLI.java:33)
	at jadx.cli.JadxCLI.main(JadxCLI.java:26)
ERROR - Dependency scan failed at insn: 0x0008: IPUT r0, r5 in method: com.scottyab.rootbeer.RootBeer.checkForNativeLibraryReadAccess():boolean, file: /workspace/xh/fixp_148608.dex
java.lang.IllegalArgumentException: newPosition > limit: (8613184 > 3323492)
	at java.base/java.nio.Buffer.createPositionException(Buffer.java:351)
	at java.base/java.nio.Buffer.position(Buffer.java:326)
	at java.base/java.nio.ByteBuffer.position(ByteBuffer.java:1561)
	at jadx.plugins.input.dex.sections.SectionReader.absPos(SectionReader.java:82)
	at jadx.plugins.input.dex.sections.SectionReader.getString(SectionReader.java:175)
	at jadx.plugins.input.dex.sections.SectionReader.getType(SectionReader.java:165)
	at jadx.plugins.input.dex.sections.SectionReader.getFieldRef(SectionReader.java:184)
	at jadx.plugins.input.dex.insns.DexInsnData.getIndexAsField(DexInsnData.java:131)
	at jadx.core.dex.visitors.usage.UsageInfoVisitor.processInsn(UsageInfoVisitor.java:150)
	at jadx.core.dex.visitors.usage.UsageInfoVisitor.lambda$processInstructions$0(UsageInfoVisitor.java:130)
	at jadx.plugins.input.dex.sections.DexCodeReader.visitInstructions(DexCodeReader.java:86)
	at jadx.core.dex.visitors.usage.UsageInfoVisitor.processInstructions(UsageInfoVisitor.java:128)
	at jadx.core.dex.visitors.usage.UsageInfoVisitor.processMethod(UsageInfoVisitor.java:113)
	at jadx.core.dex.visitors.usage.UsageInfoVisitor.processClass(UsageInfoVisitor.java:101)
	at jadx.core.dex.visitors.usage.UsageInfoVisitor.buildUsageData(UsageInfoVisitor.java:81)
	at jadx.core.dex.visitors.usage.UsageInfoVisitor.init(UsageInfoVisitor.java:65)
	at jadx.core.dex.nodes.RootNode.runPreDecompileStage(RootNode.java:356)
	at jadx.api.JadxDecompiler.load(JadxDecompiler.java:136)
	at jadx.cli.JadxCLI.runSave(JadxCLI.java:71)
	at jadx.cli.JadxCLI.execute(JadxCLI.java:44)
	at jadx.cli.JadxCLI.execute(JadxCLI.java:33)
	at jadx.cli.JadxCLI.main(JadxCLI.java:26)
ERROR - Dependency scan failed in method: com.scottyab.rootbeer.RootBeer.checkForRWPaths():boolean, file: /workspace/xh/fixp_148608.dex
java.lang.ArrayIndexOutOfBoundsException: Index 5 out of bounds for length 5
	at jadx.plugins.input.dex.insns.DexInsnData.toString(DexInsnData.java:251)
	at java.base/java.lang.String.valueOf(String.java:4530)
	at jadx.core.dex.visitors.usage.UsageInfoVisitor.lambda$processInstructions$0(UsageInfoVisitor.java:132)
	at jadx.plugins.input.dex.sections.DexCodeReader.visitInstructions(DexCodeReader.java:86)
	at jadx.core.dex.visitors.usage.UsageInfoVisitor.processInstructions(UsageInfoVisitor.java:128)
	at jadx.core.dex.visitors.usage.UsageInfoVisitor.processMethod(UsageInfoVisitor.java:113)
	at jadx.core.dex.visitors.usage.UsageInfoVisitor.processClass(UsageInfoVisitor.java:101)
	at jadx.core.dex.visitors.usage.UsageInfoVisitor.buildUsageData(UsageInfoVisitor.java:81)
	at jadx.core.dex.visitors.usage.UsageInfoVisitor.init(UsageInfoVisitor.java:65)
	at jadx.core.dex.nodes.RootNode.runPreDecompileStage(RootNode.java:356)
	at jadx.api.JadxDecompiler.load(JadxDecompiler.java:136)
	at jadx.cli.JadxCLI.runSave(JadxCLI.java:71)
	at jadx.cli.JadxCLI.execute(JadxCLI.java:44)
	at jadx.cli.JadxCLI.execute(JadxCLI.java:33)
	at jadx.cli.JadxCLI.main(JadxCLI.java:26)
ERROR - Dependency scan failed at insn: 0x001B: CONST_CLASS r146 in method: com.scottyab.rootbeer.RootBeer.checkForRootNative():boolean, file: /workspace/xh/fixp_148608.dex
java.lang.IllegalArgumentException: newPosition > limit: (489162708 > 3323492)
	at java.base/java.nio.Buffer.createPositionException(Buffer.java:351)
	at java.base/java.nio.Buffer.position(Buffer.java:326)
	at java.base/java.nio.ByteBuffer.position(ByteBuffer.java:1561)
	at jadx.plugins.input.dex.sections.SectionReader.absPos(SectionReader.java:82)
	at jadx.plugins.input.dex.sections.SectionReader.getString(SectionReader.java:175)
	at jadx.plugins.input.dex.sections.SectionReader.getType(SectionReader.java:165)
	at jadx.plugins.input.dex.insns.DexInsnData.getIndexAsType(DexInsnData.java:126)
	at jadx.core.dex.visitors.usage.UsageInfoVisitor.processInsn(UsageInfoVisitor.java:144)
	at jadx.core.dex.visitors.usage.UsageInfoVisitor.lambda$processInstructions$0(UsageInfoVisitor.java:130)
	at jadx.plugins.input.dex.sections.DexCodeReader.visitInstructions(DexCodeReader.java:86)
	at jadx.core.dex.visitors.usage.UsageInfoVisitor.processInstructions(UsageInfoVisitor.java:128)
	at jadx.core.dex.visitors.usage.UsageInfoVisitor.processMethod(UsageInfoVisitor.java:113)
	at jadx.core.dex.visitors.usage.UsageInfoVisitor.processClass(UsageInfoVisitor.java:101)
	at jadx.core.dex.visitors.usage.UsageInfoVisitor.buildUsageData(UsageInfoVisitor.java:81)
	at jadx.core.dex.visitors.usage.UsageInfoVisitor.init(UsageInfoVisitor.java:65)
	at jadx.core.dex.nodes.RootNode.runPreDecompileStage(RootNode.java:356)
	at jadx.api.JadxDecompiler.load(JadxDecompiler.java:136)
	at jadx.cli.JadxCLI.runSave(JadxCLI.java:71)
	at jadx.cli.JadxCLI.execute(JadxCLI.java:44)
	at jadx.cli.JadxCLI.execute(JadxCLI.java:33)
	at jadx.cli.JadxCLI.main(JadxCLI.java:26)
ERROR - Dependency scan failed at insn: 0x0037: SGET r238 in method: com.scottyab.rootbeer.RootBeer.checkForRootNative():boolean, file: /workspace/xh/fixp_148608.dex
java.lang.IllegalArgumentException: newPosition < 0: (-1783519864 < 0)
	at java.base/java.nio.Buffer.createPositionException(Buffer.java:351)
	at java.base/java.nio.Buffer.position(Buffer.java:326)
	at java.base/java.nio.ByteBuffer.position(ByteBuffer.java:1561)
	at jadx.plugins.input.dex.sections.SectionReader.absPos(SectionReader.java:82)
	at jadx.plugins.input.dex.sections.SectionReader.getString(SectionReader.java:175)
	at jadx.plugins.input.dex.sections.SectionReader.fillFieldData(SectionReader.java:195)
	at jadx.plugins.input.dex.sections.SectionReader.getFieldRef(SectionReader.java:183)
	at jadx.plugins.input.dex.insns.DexInsnData.getIndexAsField(DexInsnData.java:131)
	at jadx.core.dex.visitors.usage.UsageInfoVisitor.processInsn(UsageInfoVisitor.java:150)
	at jadx.core.dex.visitors.usage.UsageInfoVisitor.lambda$processInstructions$0(UsageInfoVisitor.java:130)
	at jadx.plugins.input.dex.sections.DexCodeReader.visitInstructions(DexCodeReader.java:86)
	at jadx.core.dex.visitors.usage.UsageInfoVisitor.processInstructions(UsageInfoVisitor.java:128)
	at jadx.core.dex.visitors.usage.UsageInfoVisitor.processMethod(UsageInfoVisitor.java:113)
	at jadx.core.dex.visitors.usage.UsageInfoVisitor.processClass(UsageInfoVisitor.java:101)
	at jadx.core.dex.visitors.usage.UsageInfoVisitor.buildUsageData(UsageInfoVisitor.java:81)
	at jadx.core.dex.visitors.usage.UsageInfoVisitor.init(UsageInfoVisitor.java:65)
	at jadx.core.dex.nodes.RootNode.runPreDecompileStage(RootNode.java:356)
	at jadx.api.JadxDecompiler.load(JadxDecompiler.java:136)
	at jadx.cli.JadxCLI.runSave(JadxCLI.java:71)
	at jadx.cli.JadxCLI.execute(JadxCLI.java:44)
	at jadx.cli.JadxCLI.execute(JadxCLI.java:33)
	at jadx.cli.JadxCLI.main(JadxCLI.java:26)
ERROR - Dependency scan failed at insn: 0x0000: INVOKE_VIRTUAL_RANGE r5570, r5571, r5572, r5573, r5574, r5575, r5576, r5577, r5578, r5579, r5580, r5581, r5582, r5583, r5584, r5585, r5586, r5587, r5588, r5589, r5590, r5591, r5592, r5593, r5594, r5595, r5596, r5597, r5598, r5599, r5600, r5601, r5602, r5603, r5604, r5605, r5606, r5607, r5608, r5609, r5610, r5611, r5612, r5613, r5614, r5615, r5616, r5617, r5618, r5619, r5620, r5621, r5622, r5623, r5624, r5625, r5626, r5627, r5628, r5629, r5630, r5631, r5632, r5633, r5634, r5635, r5636, r5637, r5638, r5639, r5640, r5641, r5642, r5643, r5644, r5645, r5646, r5647, r5648, r5649, r5650, r5651, r5652, r5653, r5654, r5655, r5656, r5657, r5658, r5659, r5660, r5661, r5662, r5663, r5664, r5665, r5666, r5667, r5668, r5669, r5670, r5671, r5672, r5673, r5674, r5675, r5676, r5677, r5678, r5679 in method: com.scottyab.rootbeer.RootBeer.checkForSuBinary():boolean, file: /workspace/xh/fixp_148608.dex
java.lang.IllegalArgumentException: newPosition > limit: (1666347855 > 3323492)
	at java.base/java.nio.Buffer.createPositionException(Buffer.java:351)
	at java.base/java.nio.Buffer.position(Buffer.java:326)
	at java.base/java.nio.ByteBuffer.position(ByteBuffer.java:1561)
	at jadx.plugins.input.dex.sections.SectionReader.absPos(SectionReader.java:82)
	at jadx.plugins.input.dex.sections.SectionReader.readTypeListAt(SectionReader.java:141)
	at jadx.plugins.input.dex.sections.SectionReader.loadMethodRef(SectionReader.java:269)
	at jadx.plugins.input.dex.sections.DexMethodRef.load(DexMethodRef.java:28)
	at jadx.core.dex.info.MethodInfo.fromRef(MethodInfo.java:47)
	at jadx.core.dex.visitors.usage.UsageInfoVisitor.processInsn(UsageInfoVisitor.java:165)
	at jadx.core.dex.visitors.usage.UsageInfoVisitor.lambda$processInstructions$0(UsageInfoVisitor.java:130)
	at jadx.plugins.input.dex.sections.DexCodeReader.visitInstructions(DexCodeReader.java:86)
	at jadx.core.dex.visitors.usage.UsageInfoVisitor.processInstructions(UsageInfoVisitor.java:128)
	at jadx.core.dex.visitors.usage.UsageInfoVisitor.processMethod(UsageInfoVisitor.java:113)
	at jadx.core.dex.visitors.usage.UsageInfoVisitor.processClass(UsageInfoVisitor.java:101)
	at jadx.core.dex.visitors.usage.UsageInfoVisitor.buildUsageData(UsageInfoVisitor.java:81)
	at jadx.core.dex.visitors.usage.UsageInfoVisitor.init(UsageInfoVisitor.java:65)
	at jadx.core.dex.nodes.RootNode.runPreDecompileStage(RootNode.java:356)
	at jadx.api.JadxDecompiler.load(JadxDecompiler.java:136)
	at jadx.cli.JadxCLI.runSave(JadxCLI.java:71)
	at jadx.cli.JadxCLI.execute(JadxCLI.java:44)
	at jadx.cli.JadxCLI.execute(JadxCLI.java:33)
	at jadx.cli.JadxCLI.main(JadxCLI.java:26)
ERROR - Dependency scan failed at insn: 0x0007: SGET r229 in method: com.scottyab.rootbeer.RootBeer.checkSuExists():boolean, file: /workspace/xh/fixp_148608.dex
java.lang.IllegalArgumentException: newPosition > limit: (279188208 > 3323492)
	at java.base/java.nio.Buffer.createPositionException(Buffer.java:351)
	at java.base/java.nio.Buffer.position(Buffer.java:326)
	at java.base/java.nio.ByteBuffer.position(ByteBuffer.java:1561)
	at jadx.plugins.input.dex.sections.SectionReader.absPos(SectionReader.java:82)
	at jadx.plugins.input.dex.sections.SectionReader.getString(SectionReader.java:175)
	at jadx.plugins.input.dex.sections.SectionReader.getType(SectionReader.java:165)
	at jadx.plugins.input.dex.sections.SectionReader.fillFieldData(SectionReader.java:194)
	at jadx.plugins.input.dex.sections.SectionReader.getFieldRef(SectionReader.java:183)
	at jadx.plugins.input.dex.insns.DexInsnData.getIndexAsField(DexInsnData.java:131)
	at jadx.core.dex.visitors.usage.UsageInfoVisitor.processInsn(UsageInfoVisitor.java:150)
	at jadx.core.dex.visitors.usage.UsageInfoVisitor.lambda$processInstructions$0(UsageInfoVisitor.java:130)
	at jadx.plugins.input.dex.sections.DexCodeReader.visitInstructions(DexCodeReader.java:86)
	at jadx.core.dex.visitors.usage.UsageInfoVisitor.processInstructions(UsageInfoVisitor.java:128)
	at jadx.core.dex.visitors.usage.UsageInfoVisitor.processMethod(UsageInfoVisitor.java:113)
	at jadx.core.dex.visitors.usage.UsageInfoVisitor.processClass(UsageInfoVisitor.java:101)
	at jadx.core.dex.visitors.usage.UsageInfoVisitor.buildUsageData(UsageInfoVisitor.java:81)
	at jadx.core.dex.visitors.usage.UsageInfoVisitor.init(UsageInfoVisitor.java:65)
	at jadx.core.dex.nodes.RootNode.runPreDecompileStage(RootNode.java:356)
	at jadx.api.JadxDecompiler.load(JadxDecompiler.java:136)
	at jadx.cli.JadxCLI.runSave(JadxCLI.java:71)
	at jadx.cli.JadxCLI.execute(JadxCLI.java:44)
	at jadx.cli.JadxCLI.execute(JadxCLI.java:33)
	at jadx.cli.JadxCLI.main(JadxCLI.java:26)
ERROR - Dependency scan failed at insn: 0x0017: IPUT r10, r6 in method: com.scottyab.rootbeer.RootBeer.checkSuExists():boolean, file: /workspace/xh/fixp_148608.dex
java.lang.IllegalArgumentException: newPosition > limit: (354423512 > 3323492)
	at java.base/java.nio.Buffer.createPositionException(Buffer.java:351)
	at java.base/java.nio.Buffer.position(Buffer.java:326)
	at java.base/java.nio.ByteBuffer.position(ByteBuffer.java:1561)
	at jadx.plugins.input.dex.sections.SectionReader.absPos(SectionReader.java:82)
	at jadx.plugins.input.dex.sections.SectionReader.getString(SectionReader.java:175)
	at jadx.plugins.input.dex.sections.SectionReader.getType(SectionReader.java:165)
	at jadx.plugins.input.dex.sections.SectionReader.fillFieldData(SectionReader.java:194)
	at jadx.plugins.input.dex.sections.SectionReader.getFieldRef(SectionReader.java:183)
	at jadx.plugins.input.dex.insns.DexInsnData.getIndexAsField(DexInsnData.java:131)
	at jadx.core.dex.visitors.usage.UsageInfoVisitor.processInsn(UsageInfoVisitor.java:150)
	at jadx.core.dex.visitors.usage.UsageInfoVisitor.lambda$processInstructions$0(UsageInfoVisitor.java:130)
	at jadx.plugins.input.dex.sections.DexCodeReader.visitInstructions(DexCodeReader.java:86)
	at jadx.core.dex.visitors.usage.UsageInfoVisitor.processInstructions(UsageInfoVisitor.java:128)
	at jadx.core.dex.visitors.usage.UsageInfoVisitor.processMethod(UsageInfoVisitor.java:113)
	at jadx.core.dex.visitors.usage.UsageInfoVisitor.processClass(UsageInfoVisitor.java:101)
	at jadx.core.dex.visitors.usage.UsageInfoVisitor.buildUsageData(UsageInfoVisitor.java:81)
	at jadx.core.dex.visitors.usage.UsageInfoVisitor.init(UsageInfoVisitor.java:65)
	at jadx.core.dex.nodes.RootNode.runPreDecompileStage(RootNode.java:356)
	at jadx.api.JadxDecompiler.load(JadxDecompiler.java:136)
	at jadx.cli.JadxCLI.runSave(JadxCLI.java:71)
	at jadx.cli.JadxCLI.execute(JadxCLI.java:44)
	at jadx.cli.JadxCLI.execute(JadxCLI.java:33)
	at jadx.cli.JadxCLI.main(JadxCLI.java:26)
ERROR - Dependency scan failed at insn: 0x001A: INVOKE_POLYMORPHIC_RANGE r60495, r60496, r60497, r60498, r60499, r60500, r60501, r60502, r60503, r60504, r60505, r60506, r60507, r60508, r60509, r60510, r60511, r60512, r60513, r60514, r60515, r60516, r60517, r60518, r60519, r60520, r60521, r60522, r60523, r60524, r60525, r60526, r60527, r60528, r60529, r60530, r60531, r60532, r60533, r60534, r60535, r60536, r60537, r60538, r60539, r60540, r60541, r60542, r60543, r60544, r60545, r60546, r60547, r60548, r60549, r60550, r60551, r60552, r60553, r60554, r60555, r60556, r60557, r60558, r60559, r60560, r60561, r60562, r60563, r60564, r60565, r60566, r60567, r60568, r60569, r60570, r60571, r60572, r60573, r60574, r60575, r60576, r60577, r60578, r60579 in method: com.scottyab.rootbeer.RootBeer.checkSuExists():boolean, file: /workspace/xh/fixp_148608.dex
java.lang.IllegalArgumentException: newPosition > limit: (1280068684 > 3323492)
	at java.base/java.nio.Buffer.createPositionException(Buffer.java:351)
	at java.base/java.nio.Buffer.position(Buffer.java:326)
	at java.base/java.nio.ByteBuffer.position(ByteBuffer.java:1561)
	at jadx.plugins.input.dex.sections.SectionReader.absPos(SectionReader.java:82)
	at jadx.plugins.input.dex.sections.SectionReader.readTypeListAt(SectionReader.java:141)
	at jadx.plugins.input.dex.sections.SectionReader.loadMethodRef(SectionReader.java:269)
	at jadx.plugins.input.dex.sections.DexMethodRef.load(DexMethodRef.java:28)
	at jadx.core.dex.info.MethodInfo.fromRef(MethodInfo.java:47)
	at jadx.core.dex.visitors.usage.UsageInfoVisitor.processInsn(UsageInfoVisitor.java:165)
	at jadx.core.dex.visitors.usage.UsageInfoVisitor.lambda$processInstructions$0(UsageInfoVisitor.java:130)
	at jadx.plugins.input.dex.sections.DexCodeReader.visitInstructions(DexCodeReader.java:86)
	at jadx.core.dex.visitors.usage.UsageInfoVisitor.processInstructions(UsageInfoVisitor.java:128)
	at jadx.core.dex.visitors.usage.UsageInfoVisitor.processMethod(UsageInfoVisitor.java:113)
	at jadx.core.dex.visitors.usage.UsageInfoVisitor.processClass(UsageInfoVisitor.java:101)
	at jadx.core.dex.visitors.usage.UsageInfoVisitor.buildUsageData(UsageInfoVisitor.java:81)
	at jadx.core.dex.visitors.usage.UsageInfoVisitor.init(UsageInfoVisitor.java:65)
	at jadx.core.dex.nodes.RootNode.runPreDecompileStage(RootNode.java:356)
	at jadx.api.JadxDecompiler.load(JadxDecompiler.java:136)
	at jadx.cli.JadxCLI.runSave(JadxCLI.java:71)
	at jadx.cli.JadxCLI.execute(JadxCLI.java:44)
	at jadx.cli.JadxCLI.execute(JadxCLI.java:33)
	at jadx.cli.JadxCLI.main(JadxCLI.java:26)
ERROR - Dependency scan failed at insn: 0x0025: SGET r192 in method: com.scottyab.rootbeer.RootBeer.checkSuExists():boolean, file: /workspace/xh/fixp_148608.dex
java.lang.IllegalArgumentException: newPosition > limit: (336069724 > 3323492)
	at java.base/java.nio.Buffer.createPositionException(Buffer.java:351)
	at java.base/java.nio.Buffer.position(Buffer.java:326)
	at java.base/java.nio.ByteBuffer.position(ByteBuffer.java:1561)
	at jadx.plugins.input.dex.sections.SectionReader.absPos(SectionReader.java:82)
	at jadx.plugins.input.dex.sections.SectionReader.getString(SectionReader.java:175)
	at jadx.plugins.input.dex.sections.SectionReader.getType(SectionReader.java:165)
	at jadx.plugins.input.dex.sections.SectionReader.fillFieldData(SectionReader.java:194)
	at jadx.plugins.input.dex.sections.SectionReader.getFieldRef(SectionReader.java:183)
	at jadx.plugins.input.dex.insns.DexInsnData.getIndexAsField(DexInsnData.java:131)
	at jadx.core.dex.visitors.usage.UsageInfoVisitor.processInsn(UsageInfoVisitor.java:150)
	at jadx.core.dex.visitors.usage.UsageInfoVisitor.lambda$processInstructions$0(UsageInfoVisitor.java:130)
	at jadx.plugins.input.dex.sections.DexCodeReader.visitInstructions(DexCodeReader.java:86)
	at jadx.core.dex.visitors.usage.UsageInfoVisitor.processInstructions(UsageInfoVisitor.java:128)
	at jadx.core.dex.visitors.usage.UsageInfoVisitor.processMethod(UsageInfoVisitor.java:113)
	at jadx.core.dex.visitors.usage.UsageInfoVisitor.processClass(UsageInfoVisitor.java:101)
	at jadx.core.dex.visitors.usage.UsageInfoVisitor.buildUsageData(UsageInfoVisitor.java:81)
	at jadx.core.dex.visitors.usage.UsageInfoVisitor.init(UsageInfoVisitor.java:65)
	at jadx.core.dex.nodes.RootNode.runPreDecompileStage(RootNode.java:356)
	at jadx.api.JadxDecompiler.load(JadxDecompiler.java:136)
	at jadx.cli.JadxCLI.runSave(JadxCLI.java:71)
	at jadx.cli.JadxCLI.execute(JadxCLI.java:44)
	at jadx.cli.JadxCLI.execute(JadxCLI.java:33)
	at jadx.cli.JadxCLI.main(JadxCLI.java:26)
ERROR - Dependency scan failed at insn: 0x002E: SGET r111 in method: com.scottyab.rootbeer.RootBeer.checkSuExists():boolean, file: /workspace/xh/fixp_148608.dex
java.lang.IllegalArgumentException: newPosition < 0: (-936116072 < 0)
	at java.base/java.nio.Buffer.createPositionException(Buffer.java:351)
	at java.base/java.nio.Buffer.position(Buffer.java:326)
	at java.base/java.nio.ByteBuffer.position(ByteBuffer.java:1561)
	at jadx.plugins.input.dex.sections.SectionReader.absPos(SectionReader.java:82)
	at jadx.plugins.input.dex.sections.SectionReader.getString(SectionReader.java:175)
	at jadx.plugins.input.dex.sections.SectionReader.getType(SectionReader.java:165)
	at jadx.plugins.input.dex.sections.SectionReader.fillFieldData(SectionReader.java:194)
	at jadx.plugins.input.dex.sections.SectionReader.getFieldRef(SectionReader.java:183)
	at jadx.plugins.input.dex.insns.DexInsnData.getIndexAsField(DexInsnData.java:131)
	at jadx.core.dex.visitors.usage.UsageInfoVisitor.processInsn(UsageInfoVisitor.java:150)
	at jadx.core.dex.visitors.usage.UsageInfoVisitor.lambda$processInstructions$0(UsageInfoVisitor.java:130)
	at jadx.plugins.input.dex.sections.DexCodeReader.visitInstructions(DexCodeReader.java:86)
	at jadx.core.dex.visitors.usage.UsageInfoVisitor.processInstructions(UsageInfoVisitor.java:128)
	at jadx.core.dex.visitors.usage.UsageInfoVisitor.processMethod(UsageInfoVisitor.java:113)
	at jadx.core.dex.visitors.usage.UsageInfoVisitor.processClass(UsageInfoVisitor.java:101)
	at jadx.core.dex.visitors.usage.UsageInfoVisitor.buildUsageData(UsageInfoVisitor.java:81)
	at jadx.core.dex.visitors.usage.UsageInfoVisitor.init(UsageInfoVisitor.java:65)
	at jadx.core.dex.nodes.RootNode.runPreDecompileStage(RootNode.java:356)
	at jadx.api.JadxDecompiler.load(JadxDecompiler.java:136)
	at jadx.cli.JadxCLI.runSave(JadxCLI.java:71)
	at jadx.cli.JadxCLI.execute(JadxCLI.java:44)
	at jadx.cli.JadxCLI.execute(JadxCLI.java:33)
	at jadx.cli.JadxCLI.main(JadxCLI.java:26)
ERROR - Dependency scan failed at insn: 0x0001: IPUT r11, r12 in method: com.scottyab.rootbeer.RootBeer.detectPotentiallyDangerousApps():boolean, file: /workspace/xh/fixp_148608.dex
java.lang.NullPointerException: Cannot invoke "jadx.core.dex.instructions.args.ArgType.hashCode()" because "this.type" is null
	at jadx.core.dex.info.FieldInfo.hashCode(FieldInfo.java:102)
	at java.base/java.util.HashMap.hash(HashMap.java:338)
	at java.base/java.util.HashMap.getNode(HashMap.java:577)
	at java.base/java.util.HashMap.get(HashMap.java:565)
	at jadx.core.dex.info.InfoStorage.getField(InfoStorage.java:57)
	at jadx.core.dex.info.FieldInfo.fromRef(FieldInfo.java:33)
	at jadx.core.dex.visitors.usage.UsageInfoVisitor.processInsn(UsageInfoVisitor.java:150)
	at jadx.core.dex.visitors.usage.UsageInfoVisitor.lambda$processInstructions$0(UsageInfoVisitor.java:130)
	at jadx.plugins.input.dex.sections.DexCodeReader.visitInstructions(DexCodeReader.java:86)
	at jadx.core.dex.visitors.usage.UsageInfoVisitor.processInstructions(UsageInfoVisitor.java:128)
	at jadx.core.dex.visitors.usage.UsageInfoVisitor.processMethod(UsageInfoVisitor.java:113)
	at jadx.core.dex.visitors.usage.UsageInfoVisitor.processClass(UsageInfoVisitor.java:101)
	at jadx.core.dex.visitors.usage.UsageInfoVisitor.buildUsageData(UsageInfoVisitor.java:81)
	at jadx.core.dex.visitors.usage.UsageInfoVisitor.init(UsageInfoVisitor.java:65)
	at jadx.core.dex.nodes.RootNode.runPreDecompileStage(RootNode.java:356)
	at jadx.api.JadxDecompiler.load(JadxDecompiler.java:136)
	at jadx.cli.JadxCLI.runSave(JadxCLI.java:71)
	at jadx.cli.JadxCLI.execute(JadxCLI.java:44)
	at jadx.cli.JadxCLI.execute(JadxCLI.java:33)
	at jadx.cli.JadxCLI.main(JadxCLI.java:26)
ERROR - Dependency scan failed at insn: 0x0001: INVOKE_STATIC r0, r3, r5 in method: com.scottyab.rootbeer.RootBeer.detectPotentiallyDangerousApps(java.lang.String[]):boolean, file: /workspace/xh/fixp_148608.dex
java.lang.IllegalArgumentException: newPosition > limit: (1752200569 > 3323492)
	at java.base/java.nio.Buffer.createPositionException(Buffer.java:351)
	at java.base/java.nio.Buffer.position(Buffer.java:326)
	at java.base/java.nio.ByteBuffer.position(ByteBuffer.java:1561)
	at jadx.plugins.input.dex.sections.SectionReader.absPos(SectionReader.java:82)
	at jadx.plugins.input.dex.sections.SectionReader.readTypeListAt(SectionReader.java:141)
	at jadx.plugins.input.dex.sections.SectionReader.loadMethodRef(SectionReader.java:269)
	at jadx.plugins.input.dex.sections.DexMethodRef.load(DexMethodRef.java:28)
	at jadx.core.dex.info.MethodInfo.fromRef(MethodInfo.java:47)
	at jadx.core.dex.visitors.usage.UsageInfoVisitor.processInsn(UsageInfoVisitor.java:165)
	at jadx.core.dex.visitors.usage.UsageInfoVisitor.lambda$processInstructions$0(UsageInfoVisitor.java:130)
	at jadx.plugins.input.dex.sections.DexCodeReader.visitInstructions(DexCodeReader.java:86)
	at jadx.core.dex.visitors.usage.UsageInfoVisitor.processInstructions(UsageInfoVisitor.java:128)
	at jadx.core.dex.visitors.usage.UsageInfoVisitor.processMethod(UsageInfoVisitor.java:113)
	at jadx.core.dex.visitors.usage.UsageInfoVisitor.processClass(UsageInfoVisitor.java:101)
	at jadx.core.dex.visitors.usage.UsageInfoVisitor.buildUsageData(UsageInfoVisitor.java:81)
	at jadx.core.dex.visitors.usage.UsageInfoVisitor.init(UsageInfoVisitor.java:65)
	at jadx.core.dex.nodes.RootNode.runPreDecompileStage(RootNode.java:356)
	at jadx.api.JadxDecompiler.load(JadxDecompiler.java:136)
	at jadx.cli.JadxCLI.runSave(JadxCLI.java:71)
	at jadx.cli.JadxCLI.execute(JadxCLI.java:44)
	at jadx.cli.JadxCLI.execute(JadxCLI.java:33)
	at jadx.cli.JadxCLI.main(JadxCLI.java:26)
ERROR - Dependency scan failed at insn: 0x0010: SPUT r85 in method: com.scottyab.rootbeer.RootBeer.detectPotentiallyDangerousApps(java.lang.String[]):boolean, file: /workspace/xh/fixp_148608.dex
java.lang.IllegalArgumentException: newPosition > limit: (467407976 > 3323492)
	at java.base/java.nio.Buffer.createPositionException(Buffer.java:351)
	at java.base/java.nio.Buffer.position(Buffer.java:326)
	at java.base/java.nio.ByteBuffer.position(ByteBuffer.java:1561)
	at jadx.plugins.input.dex.sections.SectionReader.absPos(SectionReader.java:82)
	at jadx.plugins.input.dex.sections.SectionReader.getString(SectionReader.java:175)
	at jadx.plugins.input.dex.sections.SectionReader.getType(SectionReader.java:165)
	at jadx.plugins.input.dex.sections.SectionReader.fillFieldData(SectionReader.java:194)
	at jadx.plugins.input.dex.sections.SectionReader.getFieldRef(SectionReader.java:183)
	at jadx.plugins.input.dex.insns.DexInsnData.getIndexAsField(DexInsnData.java:131)
	at jadx.core.dex.visitors.usage.UsageInfoVisitor.processInsn(UsageInfoVisitor.java:150)
	at jadx.core.dex.visitors.usage.UsageInfoVisitor.lambda$processInstructions$0(UsageInfoVisitor.java:130)
	at jadx.plugins.input.dex.sections.DexCodeReader.visitInstructions(DexCodeReader.java:86)
	at jadx.core.dex.visitors.usage.UsageInfoVisitor.processInstructions(UsageInfoVisitor.java:128)
	at jadx.core.dex.visitors.usage.UsageInfoVisitor.processMethod(UsageInfoVisitor.java:113)
	at jadx.core.dex.visitors.usage.UsageInfoVisitor.processClass(UsageInfoVisitor.java:101)
	at jadx.core.dex.visitors.usage.UsageInfoVisitor.buildUsageData(UsageInfoVisitor.java:81)
	at jadx.core.dex.visitors.usage.UsageInfoVisitor.init(UsageInfoVisitor.java:65)
	at jadx.core.dex.nodes.RootNode.runPreDecompileStage(RootNode.java:356)
	at jadx.api.JadxDecompiler.load(JadxDecompiler.java:136)
	at jadx.cli.JadxCLI.runSave(JadxCLI.java:71)
	at jadx.cli.JadxCLI.execute(JadxCLI.java:44)
	at jadx.cli.JadxCLI.execute(JadxCLI.java:33)
	at jadx.cli.JadxCLI.main(JadxCLI.java:26)
ERROR - Dependency scan failed at insn: 0x0014: IPUT r14, r1 in method: com.scottyab.rootbeer.RootBeer.detectPotentiallyDangerousApps(java.lang.String[]):boolean, file: /workspace/xh/fixp_148608.dex
java.lang.ArrayIndexOutOfBoundsException: Index 0 out of bounds for length 0
	at jadx.plugins.input.dex.utils.MUtf8.decode(MUtf8.java:17)
	at jadx.plugins.input.dex.sections.SectionReader.getString(SectionReader.java:178)
	at jadx.plugins.input.dex.sections.SectionReader.getType(SectionReader.java:165)
	at jadx.plugins.input.dex.sections.SectionReader.fillFieldData(SectionReader.java:194)
	at jadx.plugins.input.dex.sections.SectionReader.getFieldRef(SectionReader.java:183)
	at jadx.plugins.input.dex.insns.DexInsnData.getIndexAsField(DexInsnData.java:131)
	at jadx.core.dex.visitors.usage.UsageInfoVisitor.processInsn(UsageInfoVisitor.java:150)
	at jadx.core.dex.visitors.usage.UsageInfoVisitor.lambda$processInstructions$0(UsageInfoVisitor.java:130)
	at jadx.plugins.input.dex.sections.DexCodeReader.visitInstructions(DexCodeReader.java:86)
	at jadx.core.dex.visitors.usage.UsageInfoVisitor.processInstructions(UsageInfoVisitor.java:128)
	at jadx.core.dex.visitors.usage.UsageInfoVisitor.processMethod(UsageInfoVisitor.java:113)
	at jadx.core.dex.visitors.usage.UsageInfoVisitor.processClass(UsageInfoVisitor.java:101)
	at jadx.core.dex.visitors.usage.UsageInfoVisitor.buildUsageData(UsageInfoVisitor.java:81)
	at jadx.core.dex.visitors.usage.UsageInfoVisitor.init(UsageInfoVisitor.java:65)
	at jadx.core.dex.nodes.RootNode.runPreDecompileStage(RootNode.java:356)
	at jadx.api.JadxDecompiler.load(JadxDecompiler.java:136)
	at jadx.cli.JadxCLI.runSave(JadxCLI.java:71)
	at jadx.cli.JadxCLI.execute(JadxCLI.java:44)
	at jadx.cli.JadxCLI.execute(JadxCLI.java:33)
	at jadx.cli.JadxCLI.main(JadxCLI.java:26)
ERROR - Dependency scan failed at insn: 0x0016: IPUT r11, r2 in method: com.scottyab.rootbeer.RootBeer.detectPotentiallyDangerousApps(java.lang.String[]):boolean, file: /workspace/xh/fixp_148608.dex
java.lang.IllegalArgumentException: newPosition < 0: (-1123500476 < 0)
	at java.base/java.nio.Buffer.createPositionException(Buffer.java:351)
	at java.base/java.nio.Buffer.position(Buffer.java:326)
	at java.base/java.nio.ByteBuffer.position(ByteBuffer.java:1561)
	at jadx.plugins.input.dex.sections.SectionReader.absPos(SectionReader.java:82)
	at jadx.plugins.input.dex.sections.SectionReader.getString(SectionReader.java:175)
	at jadx.plugins.input.dex.sections.SectionReader.fillFieldData(SectionReader.java:195)
	at jadx.plugins.input.dex.sections.SectionReader.getFieldRef(SectionReader.java:183)
	at jadx.plugins.input.dex.insns.DexInsnData.getIndexAsField(DexInsnData.java:131)
	at jadx.core.dex.visitors.usage.UsageInfoVisitor.processInsn(UsageInfoVisitor.java:150)
	at jadx.core.dex.visitors.usage.UsageInfoVisitor.lambda$processInstructions$0(UsageInfoVisitor.java:130)
	at jadx.plugins.input.dex.sections.DexCodeReader.visitInstructions(DexCodeReader.java:86)
	at jadx.core.dex.visitors.usage.UsageInfoVisitor.processInstructions(UsageInfoVisitor.java:128)
	at jadx.core.dex.visitors.usage.UsageInfoVisitor.processMethod(UsageInfoVisitor.java:113)
	at jadx.core.dex.visitors.usage.UsageInfoVisitor.processClass(UsageInfoVisitor.java:101)
	at jadx.core.dex.visitors.usage.UsageInfoVisitor.buildUsageData(UsageInfoVisitor.java:81)
	at jadx.core.dex.visitors.usage.UsageInfoVisitor.init(UsageInfoVisitor.java:65)
	at jadx.core.dex.nodes.RootNode.runPreDecompileStage(RootNode.java:356)
	at jadx.api.JadxDecompiler.load(JadxDecompiler.java:136)
	at jadx.cli.JadxCLI.runSave(JadxCLI.java:71)
	at jadx.cli.JadxCLI.execute(JadxCLI.java:44)
	at jadx.cli.JadxCLI.execute(JadxCLI.java:33)
	at jadx.cli.JadxCLI.main(JadxCLI.java:26)
ERROR - Dependency scan failed at insn: 0x000F: NEW_ARRAY r10, r8 in method: com.scottyab.rootbeer.RootBeer.detectRootCloakingApps():boolean, file: /workspace/xh/fixp_148608.dex
java.lang.IllegalArgumentException: newPosition > limit: (338430388 > 3323492)
	at java.base/java.nio.Buffer.createPositionException(Buffer.java:351)
	at java.base/java.nio.Buffer.position(Buffer.java:326)
	at java.base/java.nio.ByteBuffer.position(ByteBuffer.java:1561)
	at jadx.plugins.input.dex.sections.SectionReader.absPos(SectionReader.java:82)
	at jadx.plugins.input.dex.sections.SectionReader.getString(SectionReader.java:175)
	at jadx.plugins.input.dex.sections.SectionReader.getType(SectionReader.java:165)
	at jadx.plugins.input.dex.insns.DexInsnData.getIndexAsType(DexInsnData.java:126)
	at jadx.core.dex.visitors.usage.UsageInfoVisitor.processInsn(UsageInfoVisitor.java:144)
	at jadx.core.dex.visitors.usage.UsageInfoVisitor.lambda$processInstructions$0(UsageInfoVisitor.java:130)
	at jadx.plugins.input.dex.sections.DexCodeReader.visitInstructions(DexCodeReader.java:86)
	at jadx.core.dex.visitors.usage.UsageInfoVisitor.processInstructions(UsageInfoVisitor.java:128)
	at jadx.core.dex.visitors.usage.UsageInfoVisitor.processMethod(UsageInfoVisitor.java:113)
	at jadx.core.dex.visitors.usage.UsageInfoVisitor.processClass(UsageInfoVisitor.java:101)
	at jadx.core.dex.visitors.usage.UsageInfoVisitor.buildUsageData(UsageInfoVisitor.java:81)
	at jadx.core.dex.visitors.usage.UsageInfoVisitor.init(UsageInfoVisitor.java:65)
	at jadx.core.dex.nodes.RootNode.runPreDecompileStage(RootNode.java:356)
	at jadx.api.JadxDecompiler.load(JadxDecompiler.java:136)
	at jadx.cli.JadxCLI.runSave(JadxCLI.java:71)
	at jadx.cli.JadxCLI.execute(JadxCLI.java:44)
	at jadx.cli.JadxCLI.execute(JadxCLI.java:33)
	at jadx.cli.JadxCLI.main(JadxCLI.java:26)
ERROR - Dependency scan failed at insn: 0x0012: IPUT r8, r0 in method: com.scottyab.rootbeer.RootBeer.detectRootCloakingApps():boolean, file: /workspace/xh/fixp_148608.dex
java.lang.IllegalArgumentException: newPosition > limit: (262408984 > 3323492)
	at java.base/java.nio.Buffer.createPositionException(Buffer.java:351)
	at java.base/java.nio.Buffer.position(Buffer.java:326)
	at java.base/java.nio.ByteBuffer.position(ByteBuffer.java:1561)
	at jadx.plugins.input.dex.sections.SectionReader.absPos(SectionReader.java:82)
	at jadx.plugins.input.dex.sections.SectionReader.getString(SectionReader.java:175)
	at jadx.plugins.input.dex.sections.SectionReader.getType(SectionReader.java:165)
	at jadx.plugins.input.dex.sections.SectionReader.fillFieldData(SectionReader.java:194)
	at jadx.plugins.input.dex.sections.SectionReader.getFieldRef(SectionReader.java:183)
	at jadx.plugins.input.dex.insns.DexInsnData.getIndexAsField(DexInsnData.java:131)
	at jadx.core.dex.visitors.usage.UsageInfoVisitor.processInsn(UsageInfoVisitor.java:150)
	at jadx.core.dex.visitors.usage.UsageInfoVisitor.lambda$processInstructions$0(UsageInfoVisitor.java:130)
	at jadx.plugins.input.dex.sections.DexCodeReader.visitInstructions(DexCodeReader.java:86)
	at jadx.core.dex.visitors.usage.UsageInfoVisitor.processInstructions(UsageInfoVisitor.java:128)
	at jadx.core.dex.visitors.usage.UsageInfoVisitor.processMethod(UsageInfoVisitor.java:113)
	at jadx.core.dex.visitors.usage.UsageInfoVisitor.processClass(UsageInfoVisitor.java:101)
	at jadx.core.dex.visitors.usage.UsageInfoVisitor.buildUsageData(UsageInfoVisitor.java:81)
	at jadx.core.dex.visitors.usage.UsageInfoVisitor.init(UsageInfoVisitor.java:65)
	at jadx.core.dex.nodes.RootNode.runPreDecompileStage(RootNode.java:356)
	at jadx.api.JadxDecompiler.load(JadxDecompiler.java:136)
	at jadx.cli.JadxCLI.runSave(JadxCLI.java:71)
	at jadx.cli.JadxCLI.execute(JadxCLI.java:44)
	at jadx.cli.JadxCLI.execute(JadxCLI.java:33)
	at jadx.cli.JadxCLI.main(JadxCLI.java:26)
ERROR - Dependency scan failed at insn: 0x0015: SPUT r117 in method: com.scottyab.rootbeer.RootBeer.detectRootCloakingApps():boolean, file: /workspace/xh/fixp_148608.dex
java.lang.IllegalArgumentException: newPosition > limit: (521932936 > 3323492)
	at java.base/java.nio.Buffer.createPositionException(Buffer.java:351)
	at java.base/java.nio.Buffer.position(Buffer.java:326)
	at java.base/java.nio.ByteBuffer.position(ByteBuffer.java:1561)
	at jadx.plugins.input.dex.sections.SectionReader.absPos(SectionReader.java:82)
	at jadx.plugins.input.dex.sections.SectionReader.getString(SectionReader.java:175)
	at jadx.plugins.input.dex.sections.SectionReader.getType(SectionReader.java:165)
	at jadx.plugins.input.dex.sections.SectionReader.fillFieldData(SectionReader.java:194)
	at jadx.plugins.input.dex.sections.SectionReader.getFieldRef(SectionReader.java:183)
	at jadx.plugins.input.dex.insns.DexInsnData.getIndexAsField(DexInsnData.java:131)
	at jadx.core.dex.visitors.usage.UsageInfoVisitor.processInsn(UsageInfoVisitor.java:150)
	at jadx.core.dex.visitors.usage.UsageInfoVisitor.lambda$processInstructions$0(UsageInfoVisitor.java:130)
	at jadx.plugins.input.dex.sections.DexCodeReader.visitInstructions(DexCodeReader.java:86)
	at jadx.core.dex.visitors.usage.UsageInfoVisitor.processInstructions(UsageInfoVisitor.java:128)
	at jadx.core.dex.visitors.usage.UsageInfoVisitor.processMethod(UsageInfoVisitor.java:113)
	at jadx.core.dex.visitors.usage.UsageInfoVisitor.processClass(UsageInfoVisitor.java:101)
	at jadx.core.dex.visitors.usage.UsageInfoVisitor.buildUsageData(UsageInfoVisitor.java:81)
	at jadx.core.dex.visitors.usage.UsageInfoVisitor.init(UsageInfoVisitor.java:65)
	at jadx.core.dex.nodes.RootNode.runPreDecompileStage(RootNode.java:356)
	at jadx.api.JadxDecompiler.load(JadxDecompiler.java:136)
	at jadx.cli.JadxCLI.runSave(JadxCLI.java:71)
	at jadx.cli.JadxCLI.execute(JadxCLI.java:44)
	at jadx.cli.JadxCLI.execute(JadxCLI.java:33)
	at jadx.cli.JadxCLI.main(JadxCLI.java:26)
ERROR - Dependency scan failed at insn: 0x0003: NEW_INSTANCE r245 in method: com.scottyab.rootbeer.RootBeer.detectRootCloakingApps(java.lang.String[]):boolean, file: /workspace/xh/fixp_148608.dex
java.lang.IllegalArgumentException: newPosition > limit: (553652496 > 3323492)
	at java.base/java.nio.Buffer.createPositionException(Buffer.java:351)
	at java.base/java.nio.Buffer.position(Buffer.java:326)
	at java.base/java.nio.ByteBuffer.position(ByteBuffer.java:1561)
	at jadx.plugins.input.dex.sections.SectionReader.absPos(SectionReader.java:82)
	at jadx.plugins.input.dex.sections.SectionReader.getString(SectionReader.java:175)
	at jadx.plugins.input.dex.sections.SectionReader.getType(SectionReader.java:165)
	at jadx.plugins.input.dex.insns.DexInsnData.getIndexAsType(DexInsnData.java:126)
	at jadx.core.dex.visitors.usage.UsageInfoVisitor.processInsn(UsageInfoVisitor.java:144)
	at jadx.core.dex.visitors.usage.UsageInfoVisitor.lambda$processInstructions$0(UsageInfoVisitor.java:130)
	at jadx.plugins.input.dex.sections.DexCodeReader.visitInstructions(DexCodeReader.java:86)
	at jadx.core.dex.visitors.usage.UsageInfoVisitor.processInstructions(UsageInfoVisitor.java:128)
	at jadx.core.dex.visitors.usage.UsageInfoVisitor.processMethod(UsageInfoVisitor.java:113)
	at jadx.core.dex.visitors.usage.UsageInfoVisitor.processClass(UsageInfoVisitor.java:101)
	at jadx.core.dex.visitors.usage.UsageInfoVisitor.buildUsageData(UsageInfoVisitor.java:81)
	at jadx.core.dex.visitors.usage.UsageInfoVisitor.init(UsageInfoVisitor.java:65)
	at jadx.core.dex.nodes.RootNode.runPreDecompileStage(RootNode.java:356)
	at jadx.api.JadxDecompiler.load(JadxDecompiler.java:136)
	at jadx.cli.JadxCLI.runSave(JadxCLI.java:71)
	at jadx.cli.JadxCLI.execute(JadxCLI.java:44)
	at jadx.cli.JadxCLI.execute(JadxCLI.java:33)
	at jadx.cli.JadxCLI.main(JadxCLI.java:26)
ERROR - Dependency scan failed at insn: 0x0007: IPUT r11, r9 in method: com.scottyab.rootbeer.RootBeer.detectRootCloakingApps(java.lang.String[]):boolean, file: /workspace/xh/fixp_148608.dex
java.lang.IllegalArgumentException: newPosition > limit: (1024294356 > 3323492)
	at java.base/java.nio.Buffer.createPositionException(Buffer.java:351)
	at java.base/java.nio.Buffer.position(Buffer.java:326)
	at java.base/java.nio.ByteBuffer.position(ByteBuffer.java:1561)
	at jadx.plugins.input.dex.sections.SectionReader.absPos(SectionReader.java:82)
	at jadx.plugins.input.dex.sections.SectionReader.getString(SectionReader.java:175)
	at jadx.plugins.input.dex.sections.SectionReader.fillFieldData(SectionReader.java:195)
	at jadx.plugins.input.dex.sections.SectionReader.getFieldRef(SectionReader.java:183)
	at jadx.plugins.input.dex.insns.DexInsnData.getIndexAsField(DexInsnData.java:131)
	at jadx.core.dex.visitors.usage.UsageInfoVisitor.processInsn(UsageInfoVisitor.java:150)
	at jadx.core.dex.visitors.usage.UsageInfoVisitor.lambda$processInstructions$0(UsageInfoVisitor.java:130)
	at jadx.plugins.input.dex.sections.DexCodeReader.visitInstructions(DexCodeReader.java:86)
	at jadx.core.dex.visitors.usage.UsageInfoVisitor.processInstructions(UsageInfoVisitor.java:128)
	at jadx.core.dex.visitors.usage.UsageInfoVisitor.processMethod(UsageInfoVisitor.java:113)
	at jadx.core.dex.visitors.usage.UsageInfoVisitor.processClass(UsageInfoVisitor.java:101)
	at jadx.core.dex.visitors.usage.UsageInfoVisitor.buildUsageData(UsageInfoVisitor.java:81)
	at jadx.core.dex.visitors.usage.UsageInfoVisitor.init(UsageInfoVisitor.java:65)
	at jadx.core.dex.nodes.RootNode.runPreDecompileStage(RootNode.java:356)
	at jadx.api.JadxDecompiler.load(JadxDecompiler.java:136)
	at jadx.cli.JadxCLI.runSave(JadxCLI.java:71)
	at jadx.cli.JadxCLI.execute(JadxCLI.java:44)
	at jadx.cli.JadxCLI.execute(JadxCLI.java:33)
	at jadx.cli.JadxCLI.main(JadxCLI.java:26)
ERROR - Dependency scan failed at insn: 0x000C: IPUT r7, r12 in method: com.scottyab.rootbeer.RootBeer.detectRootCloakingApps(java.lang.String[]):boolean, file: /workspace/xh/fixp_148608.dex
java.lang.IllegalArgumentException: newPosition > limit: (241174400 > 3323492)
	at java.base/java.nio.Buffer.createPositionException(Buffer.java:351)
	at java.base/java.nio.Buffer.position(Buffer.java:326)
	at java.base/java.nio.ByteBuffer.position(ByteBuffer.java:1561)
	at jadx.plugins.input.dex.sections.SectionReader.absPos(SectionReader.java:82)
	at jadx.plugins.input.dex.sections.SectionReader.getString(SectionReader.java:175)
	at jadx.plugins.input.dex.sections.SectionReader.getType(SectionReader.java:165)
	at jadx.plugins.input.dex.sections.SectionReader.fillFieldData(SectionReader.java:194)
	at jadx.plugins.input.dex.sections.SectionReader.getFieldRef(SectionReader.java:183)
	at jadx.plugins.input.dex.insns.DexInsnData.getIndexAsField(DexInsnData.java:131)
	at jadx.core.dex.visitors.usage.UsageInfoVisitor.processInsn(UsageInfoVisitor.java:150)
	at jadx.core.dex.visitors.usage.UsageInfoVisitor.lambda$processInstructions$0(UsageInfoVisitor.java:130)
	at jadx.plugins.input.dex.sections.DexCodeReader.visitInstructions(DexCodeReader.java:86)
	at jadx.core.dex.visitors.usage.UsageInfoVisitor.processInstructions(UsageInfoVisitor.java:128)
	at jadx.core.dex.visitors.usage.UsageInfoVisitor.processMethod(UsageInfoVisitor.java:113)
	at jadx.core.dex.visitors.usage.UsageInfoVisitor.processClass(UsageInfoVisitor.java:101)
	at jadx.core.dex.visitors.usage.UsageInfoVisitor.buildUsageData(UsageInfoVisitor.java:81)
	at jadx.core.dex.visitors.usage.UsageInfoVisitor.init(UsageInfoVisitor.java:65)
	at jadx.core.dex.nodes.RootNode.runPreDecompileStage(RootNode.java:356)
	at jadx.api.JadxDecompiler.load(JadxDecompiler.java:136)
	at jadx.cli.JadxCLI.runSave(JadxCLI.java:71)
	at jadx.cli.JadxCLI.execute(JadxCLI.java:44)
	at jadx.cli.JadxCLI.execute(JadxCLI.java:33)
	at jadx.cli.JadxCLI.main(JadxCLI.java:26)
ERROR - Dependency scan failed in method: com.scottyab.rootbeer.RootBeer.detectRootCloakingApps(java.lang.String[]):boolean, file: /workspace/xh/fixp_148608.dex
java.lang.ArrayIndexOutOfBoundsException: Index 5 out of bounds for length 5
	at jadx.plugins.input.dex.insns.DexInsnData.toString(DexInsnData.java:251)
	at java.base/java.lang.String.valueOf(String.java:4530)
	at jadx.core.dex.visitors.usage.UsageInfoVisitor.lambda$processInstructions$0(UsageInfoVisitor.java:132)
	at jadx.plugins.input.dex.sections.DexCodeReader.visitInstructions(DexCodeReader.java:86)
	at jadx.core.dex.visitors.usage.UsageInfoVisitor.processInstructions(UsageInfoVisitor.java:128)
	at jadx.core.dex.visitors.usage.UsageInfoVisitor.processMethod(UsageInfoVisitor.java:113)
	at jadx.core.dex.visitors.usage.UsageInfoVisitor.processClass(UsageInfoVisitor.java:101)
	at jadx.core.dex.visitors.usage.UsageInfoVisitor.buildUsageData(UsageInfoVisitor.java:81)
	at jadx.core.dex.visitors.usage.UsageInfoVisitor.init(UsageInfoVisitor.java:65)
	at jadx.core.dex.nodes.RootNode.runPreDecompileStage(RootNode.java:356)
	at jadx.api.JadxDecompiler.load(JadxDecompiler.java:136)
	at jadx.cli.JadxCLI.runSave(JadxCLI.java:71)
	at jadx.cli.JadxCLI.execute(JadxCLI.java:44)
	at jadx.cli.JadxCLI.execute(JadxCLI.java:33)
	at jadx.cli.JadxCLI.main(JadxCLI.java:26)
ERROR - Dependency scan failed at insn: 0x000B: NEW_INSTANCE r174 in method: com.scottyab.rootbeer.RootBeer.detectRootManagementApps(java.lang.String[]):boolean, file: /workspace/xh/fixp_148608.dex
java.lang.IllegalArgumentException: newPosition < 0: (-846885292 < 0)
	at java.base/java.nio.Buffer.createPositionException(Buffer.java:351)
	at java.base/java.nio.Buffer.position(Buffer.java:326)
	at java.base/java.nio.ByteBuffer.position(ByteBuffer.java:1561)
	at jadx.plugins.input.dex.sections.SectionReader.absPos(SectionReader.java:82)
	at jadx.plugins.input.dex.sections.SectionReader.getString(SectionReader.java:175)
	at jadx.plugins.input.dex.sections.SectionReader.getType(SectionReader.java:165)
	at jadx.plugins.input.dex.insns.DexInsnData.getIndexAsType(DexInsnData.java:126)
	at jadx.core.dex.visitors.usage.UsageInfoVisitor.processInsn(UsageInfoVisitor.java:144)
	at jadx.core.dex.visitors.usage.UsageInfoVisitor.lambda$processInstructions$0(UsageInfoVisitor.java:130)
	at jadx.plugins.input.dex.sections.DexCodeReader.visitInstructions(DexCodeReader.java:86)
	at jadx.core.dex.visitors.usage.UsageInfoVisitor.processInstructions(UsageInfoVisitor.java:128)
	at jadx.core.dex.visitors.usage.UsageInfoVisitor.processMethod(UsageInfoVisitor.java:113)
	at jadx.core.dex.visitors.usage.UsageInfoVisitor.processClass(UsageInfoVisitor.java:101)
	at jadx.core.dex.visitors.usage.UsageInfoVisitor.buildUsageData(UsageInfoVisitor.java:81)
	at jadx.core.dex.visitors.usage.UsageInfoVisitor.init(UsageInfoVisitor.java:65)
	at jadx.core.dex.nodes.RootNode.runPreDecompileStage(RootNode.java:356)
	at jadx.api.JadxDecompiler.load(JadxDecompiler.java:136)
	at jadx.cli.JadxCLI.runSave(JadxCLI.java:71)
	at jadx.cli.JadxCLI.execute(JadxCLI.java:44)
	at jadx.cli.JadxCLI.execute(JadxCLI.java:33)
	at jadx.cli.JadxCLI.main(JadxCLI.java:26)
ERROR - Dependency scan failed at insn: 0x0016: SPUT r154 in method: com.scottyab.rootbeer.RootBeer.detectRootManagementApps(java.lang.String[]):boolean, file: /workspace/xh/fixp_148608.dex
java.lang.IllegalArgumentException: newPosition > limit: (1162351728 > 3323492)
	at java.base/java.nio.Buffer.createPositionException(Buffer.java:351)
	at java.base/java.nio.Buffer.position(Buffer.java:326)
	at java.base/java.nio.ByteBuffer.position(ByteBuffer.java:1561)
	at jadx.plugins.input.dex.sections.SectionReader.absPos(SectionReader.java:82)
	at jadx.plugins.input.dex.sections.SectionReader.getString(SectionReader.java:175)
	at jadx.plugins.input.dex.sections.SectionReader.getType(SectionReader.java:165)
	at jadx.plugins.input.dex.sections.SectionReader.fillFieldData(SectionReader.java:194)
	at jadx.plugins.input.dex.sections.SectionReader.getFieldRef(SectionReader.java:183)
	at jadx.plugins.input.dex.insns.DexInsnData.getIndexAsField(DexInsnData.java:131)
	at jadx.core.dex.visitors.usage.UsageInfoVisitor.processInsn(UsageInfoVisitor.java:150)
	at jadx.core.dex.visitors.usage.UsageInfoVisitor.lambda$processInstructions$0(UsageInfoVisitor.java:130)
	at jadx.plugins.input.dex.sections.DexCodeReader.visitInstructions(DexCodeReader.java:86)
	at jadx.core.dex.visitors.usage.UsageInfoVisitor.processInstructions(UsageInfoVisitor.java:128)
	at jadx.core.dex.visitors.usage.UsageInfoVisitor.processMethod(UsageInfoVisitor.java:113)
	at jadx.core.dex.visitors.usage.UsageInfoVisitor.processClass(UsageInfoVisitor.java:101)
	at jadx.core.dex.visitors.usage.UsageInfoVisitor.buildUsageData(UsageInfoVisitor.java:81)
	at jadx.core.dex.visitors.usage.UsageInfoVisitor.init(UsageInfoVisitor.java:65)
	at jadx.core.dex.nodes.RootNode.runPreDecompileStage(RootNode.java:356)
	at jadx.api.JadxDecompiler.load(JadxDecompiler.java:136)
	at jadx.cli.JadxCLI.runSave(JadxCLI.java:71)
	at jadx.cli.JadxCLI.execute(JadxCLI.java:44)
	at jadx.cli.JadxCLI.execute(JadxCLI.java:33)
	at jadx.cli.JadxCLI.main(JadxCLI.java:26)
ERROR - Dependency scan failed at insn: 0x0000: IPUT r3, r3 in method: com.scottyab.rootbeer.RootBeer.isRooted():boolean, file: /workspace/xh/fixp_148608.dex
java.lang.IllegalArgumentException: newPosition > limit: (831366688 > 3323492)
	at java.base/java.nio.Buffer.createPositionException(Buffer.java:351)
	at java.base/java.nio.Buffer.position(Buffer.java:326)
	at java.base/java.nio.ByteBuffer.position(ByteBuffer.java:1561)
	at jadx.plugins.input.dex.sections.SectionReader.absPos(SectionReader.java:82)
	at jadx.plugins.input.dex.sections.SectionReader.getString(SectionReader.java:175)
	at jadx.plugins.input.dex.sections.SectionReader.fillFieldData(SectionReader.java:195)
	at jadx.plugins.input.dex.sections.SectionReader.getFieldRef(SectionReader.java:183)
	at jadx.plugins.input.dex.insns.DexInsnData.getIndexAsField(DexInsnData.java:131)
	at jadx.core.dex.visitors.usage.UsageInfoVisitor.processInsn(UsageInfoVisitor.java:150)
	at jadx.core.dex.visitors.usage.UsageInfoVisitor.lambda$processInstructions$0(UsageInfoVisitor.java:130)
	at jadx.plugins.input.dex.sections.DexCodeReader.visitInstructions(DexCodeReader.java:86)
	at jadx.core.dex.visitors.usage.UsageInfoVisitor.processInstructions(UsageInfoVisitor.java:128)
	at jadx.core.dex.visitors.usage.UsageInfoVisitor.processMethod(UsageInfoVisitor.java:113)
	at jadx.core.dex.visitors.usage.UsageInfoVisitor.processClass(UsageInfoVisitor.java:101)
	at jadx.core.dex.visitors.usage.UsageInfoVisitor.buildUsageData(UsageInfoVisitor.java:81)
	at jadx.core.dex.visitors.usage.UsageInfoVisitor.init(UsageInfoVisitor.java:65)
	at jadx.core.dex.nodes.RootNode.runPreDecompileStage(RootNode.java:356)
	at jadx.api.JadxDecompiler.load(JadxDecompiler.java:136)
	at jadx.cli.JadxCLI.runSave(JadxCLI.java:71)
	at jadx.cli.JadxCLI.execute(JadxCLI.java:44)
	at jadx.cli.JadxCLI.execute(JadxCLI.java:33)
	at jadx.cli.JadxCLI.main(JadxCLI.java:26)
ERROR - Dependency scan failed at insn: 0x0030: SGET r12 in method: com.scottyab.rootbeer.RootBeer.isRooted():boolean, file: /workspace/xh/fixp_148608.dex
java.lang.IllegalArgumentException: newPosition < 0: (-1045054084 < 0)
	at java.base/java.nio.Buffer.createPositionException(Buffer.java:351)
	at java.base/java.nio.Buffer.position(Buffer.java:326)
	at java.base/java.nio.ByteBuffer.position(ByteBuffer.java:1561)
	at jadx.plugins.input.dex.sections.SectionReader.absPos(SectionReader.java:82)
	at jadx.plugins.input.dex.sections.SectionReader.getString(SectionReader.java:175)
	at jadx.plugins.input.dex.sections.SectionReader.getType(SectionReader.java:165)
	at jadx.plugins.input.dex.sections.SectionReader.fillFieldData(SectionReader.java:194)
	at jadx.plugins.input.dex.sections.SectionReader.getFieldRef(SectionReader.java:183)
	at jadx.plugins.input.dex.insns.DexInsnData.getIndexAsField(DexInsnData.java:131)
	at jadx.core.dex.visitors.usage.UsageInfoVisitor.processInsn(UsageInfoVisitor.java:150)
	at jadx.core.dex.visitors.usage.UsageInfoVisitor.lambda$processInstructions$0(UsageInfoVisitor.java:130)
	at jadx.plugins.input.dex.sections.DexCodeReader.visitInstructions(DexCodeReader.java:86)
	at jadx.core.dex.visitors.usage.UsageInfoVisitor.processInstructions(UsageInfoVisitor.java:128)
	at jadx.core.dex.visitors.usage.UsageInfoVisitor.processMethod(UsageInfoVisitor.java:113)
	at jadx.core.dex.visitors.usage.UsageInfoVisitor.processClass(UsageInfoVisitor.java:101)
	at jadx.core.dex.visitors.usage.UsageInfoVisitor.buildUsageData(UsageInfoVisitor.java:81)
	at jadx.core.dex.visitors.usage.UsageInfoVisitor.init(UsageInfoVisitor.java:65)
	at jadx.core.dex.nodes.RootNode.runPreDecompileStage(RootNode.java:356)
	at jadx.api.JadxDecompiler.load(JadxDecompiler.java:136)
	at jadx.cli.JadxCLI.runSave(JadxCLI.java:71)
	at jadx.cli.JadxCLI.execute(JadxCLI.java:44)
	at jadx.cli.JadxCLI.execute(JadxCLI.java:33)
	at jadx.cli.JadxCLI.main(JadxCLI.java:26)
ERROR - Dependency scan failed at insn: 0x0036: IGET r0, r14 in method: com.scottyab.rootbeer.RootBeer.isRooted():boolean, file: /workspace/xh/fixp_148608.dex
java.lang.IllegalArgumentException: newPosition > limit: (1295855996 > 3323492)
	at java.base/java.nio.Buffer.createPositionException(Buffer.java:351)
	at java.base/java.nio.Buffer.position(Buffer.java:326)
	at java.base/java.nio.ByteBuffer.position(ByteBuffer.java:1561)
	at jadx.plugins.input.dex.sections.SectionReader.absPos(SectionReader.java:82)
	at jadx.plugins.input.dex.sections.SectionReader.getString(SectionReader.java:175)
	at jadx.plugins.input.dex.sections.SectionReader.getType(SectionReader.java:165)
	at jadx.plugins.input.dex.sections.SectionReader.fillFieldData(SectionReader.java:194)
	at jadx.plugins.input.dex.sections.SectionReader.getFieldRef(SectionReader.java:183)
	at jadx.plugins.input.dex.insns.DexInsnData.getIndexAsField(DexInsnData.java:131)
	at jadx.core.dex.visitors.usage.UsageInfoVisitor.processInsn(UsageInfoVisitor.java:150)
	at jadx.core.dex.visitors.usage.UsageInfoVisitor.lambda$processInstructions$0(UsageInfoVisitor.java:130)
	at jadx.plugins.input.dex.sections.DexCodeReader.visitInstructions(DexCodeReader.java:86)
	at jadx.core.dex.visitors.usage.UsageInfoVisitor.processInstructions(UsageInfoVisitor.java:128)
	at jadx.core.dex.visitors.usage.UsageInfoVisitor.processMethod(UsageInfoVisitor.java:113)
	at jadx.core.dex.visitors.usage.UsageInfoVisitor.processClass(UsageInfoVisitor.java:101)
	at jadx.core.dex.visitors.usage.UsageInfoVisitor.buildUsageData(UsageInfoVisitor.java:81)
	at jadx.core.dex.visitors.usage.UsageInfoVisitor.init(UsageInfoVisitor.java:65)
	at jadx.core.dex.nodes.RootNode.runPreDecompileStage(RootNode.java:356)
	at jadx.api.JadxDecompiler.load(JadxDecompiler.java:136)
	at jadx.cli.JadxCLI.runSave(JadxCLI.java:71)
	at jadx.cli.JadxCLI.execute(JadxCLI.java:44)
	at jadx.cli.JadxCLI.execute(JadxCLI.java:33)
	at jadx.cli.JadxCLI.main(JadxCLI.java:26)
ERROR - Dependency scan failed at insn: 0x0000: SPUT r226 in method: com.scottyab.rootbeer.RootBeer.isRootedWithBusyBoxCheck():boolean, file: /workspace/xh/fixp_148608.dex
java.lang.ArrayIndexOutOfBoundsException: Index 0 out of bounds for length 0
	at jadx.plugins.input.dex.utils.MUtf8.decode(MUtf8.java:17)
	at jadx.plugins.input.dex.sections.SectionReader.getString(SectionReader.java:178)
	at jadx.plugins.input.dex.sections.SectionReader.getType(SectionReader.java:165)
	at jadx.plugins.input.dex.sections.SectionReader.fillFieldData(SectionReader.java:194)
	at jadx.plugins.input.dex.sections.SectionReader.getFieldRef(SectionReader.java:183)
	at jadx.plugins.input.dex.insns.DexInsnData.getIndexAsField(DexInsnData.java:131)
	at jadx.core.dex.visitors.usage.UsageInfoVisitor.processInsn(UsageInfoVisitor.java:150)
	at jadx.core.dex.visitors.usage.UsageInfoVisitor.lambda$processInstructions$0(UsageInfoVisitor.java:130)
	at jadx.plugins.input.dex.sections.DexCodeReader.visitInstructions(DexCodeReader.java:86)
	at jadx.core.dex.visitors.usage.UsageInfoVisitor.processInstructions(UsageInfoVisitor.java:128)
	at jadx.core.dex.visitors.usage.UsageInfoVisitor.processMethod(UsageInfoVisitor.java:113)
	at jadx.core.dex.visitors.usage.UsageInfoVisitor.processClass(UsageInfoVisitor.java:101)
	at jadx.core.dex.visitors.usage.UsageInfoVisitor.buildUsageData(UsageInfoVisitor.java:81)
	at jadx.core.dex.visitors.usage.UsageInfoVisitor.init(UsageInfoVisitor.java:65)
	at jadx.core.dex.nodes.RootNode.runPreDecompileStage(RootNode.java:356)
	at jadx.api.JadxDecompiler.load(JadxDecompiler.java:136)
	at jadx.cli.JadxCLI.runSave(JadxCLI.java:71)
	at jadx.cli.JadxCLI.execute(JadxCLI.java:44)
	at jadx.cli.JadxCLI.execute(JadxCLI.java:33)
	at jadx.cli.JadxCLI.main(JadxCLI.java:26)
ERROR - Dependency scan failed at insn: 0x0007: IPUT r1, r1 in method: com.scottyab.rootbeer.RootBeer.isRootedWithBusyBoxCheck():boolean, file: /workspace/xh/fixp_148608.dex
java.lang.IllegalArgumentException: newPosition < 0: (-2051948244 < 0)
	at java.base/java.nio.Buffer.createPositionException(Buffer.java:351)
	at java.base/java.nio.Buffer.position(Buffer.java:326)
	at java.base/java.nio.ByteBuffer.position(ByteBuffer.java:1561)
	at jadx.plugins.input.dex.sections.SectionReader.absPos(SectionReader.java:82)
	at jadx.plugins.input.dex.sections.SectionReader.getString(SectionReader.java:175)
	at jadx.plugins.input.dex.sections.SectionReader.getType(SectionReader.java:165)
	at jadx.plugins.input.dex.sections.SectionReader.fillFieldData(SectionReader.java:194)
	at jadx.plugins.input.dex.sections.SectionReader.getFieldRef(SectionReader.java:183)
	at jadx.plugins.input.dex.insns.DexInsnData.getIndexAsField(DexInsnData.java:131)
	at jadx.core.dex.visitors.usage.UsageInfoVisitor.processInsn(UsageInfoVisitor.java:150)
	at jadx.core.dex.visitors.usage.UsageInfoVisitor.lambda$processInstructions$0(UsageInfoVisitor.java:130)
	at jadx.plugins.input.dex.sections.DexCodeReader.visitInstructions(DexCodeReader.java:86)
	at jadx.core.dex.visitors.usage.UsageInfoVisitor.processInstructions(UsageInfoVisitor.java:128)
	at jadx.core.dex.visitors.usage.UsageInfoVisitor.processMethod(UsageInfoVisitor.java:113)
	at jadx.core.dex.visitors.usage.UsageInfoVisitor.processClass(UsageInfoVisitor.java:101)
	at jadx.core.dex.visitors.usage.UsageInfoVisitor.buildUsageData(UsageInfoVisitor.java:81)
	at jadx.core.dex.visitors.usage.UsageInfoVisitor.init(UsageInfoVisitor.java:65)
	at jadx.core.dex.nodes.RootNode.runPreDecompileStage(RootNode.java:356)
	at jadx.api.JadxDecompiler.load(JadxDecompiler.java:136)
	at jadx.cli.JadxCLI.runSave(JadxCLI.java:71)
	at jadx.cli.JadxCLI.execute(JadxCLI.java:44)
	at jadx.cli.JadxCLI.execute(JadxCLI.java:33)
	at jadx.cli.JadxCLI.main(JadxCLI.java:26)
ERROR - Dependency scan failed at insn: 0x0036: SGET r75 in method: com.scottyab.rootbeer.RootBeer.isRootedWithBusyBoxCheck():boolean, file: /workspace/xh/fixp_148608.dex
java.lang.IllegalArgumentException: newPosition < 0: (-448148972 < 0)
	at java.base/java.nio.Buffer.createPositionException(Buffer.java:351)
	at java.base/java.nio.Buffer.position(Buffer.java:326)
	at java.base/java.nio.ByteBuffer.position(ByteBuffer.java:1561)
	at jadx.plugins.input.dex.sections.SectionReader.absPos(SectionReader.java:82)
	at jadx.plugins.input.dex.sections.SectionReader.getString(SectionReader.java:175)
	at jadx.plugins.input.dex.sections.SectionReader.fillFieldData(SectionReader.java:195)
	at jadx.plugins.input.dex.sections.SectionReader.getFieldRef(SectionReader.java:183)
	at jadx.plugins.input.dex.insns.DexInsnData.getIndexAsField(DexInsnData.java:131)
	at jadx.core.dex.visitors.usage.UsageInfoVisitor.processInsn(UsageInfoVisitor.java:150)
	at jadx.core.dex.visitors.usage.UsageInfoVisitor.lambda$processInstructions$0(UsageInfoVisitor.java:130)
	at jadx.plugins.input.dex.sections.DexCodeReader.visitInstructions(DexCodeReader.java:86)
	at jadx.core.dex.visitors.usage.UsageInfoVisitor.processInstructions(UsageInfoVisitor.java:128)
	at jadx.core.dex.visitors.usage.UsageInfoVisitor.processMethod(UsageInfoVisitor.java:113)
	at jadx.core.dex.visitors.usage.UsageInfoVisitor.processClass(UsageInfoVisitor.java:101)
	at jadx.core.dex.visitors.usage.UsageInfoVisitor.buildUsageData(UsageInfoVisitor.java:81)
	at jadx.core.dex.visitors.usage.UsageInfoVisitor.init(UsageInfoVisitor.java:65)
	at jadx.core.dex.nodes.RootNode.runPreDecompileStage(RootNode.java:356)
	at jadx.api.JadxDecompiler.load(JadxDecompiler.java:136)
	at jadx.cli.JadxCLI.runSave(JadxCLI.java:71)
	at jadx.cli.JadxCLI.execute(JadxCLI.java:44)
	at jadx.cli.JadxCLI.execute(JadxCLI.java:33)
	at jadx.cli.JadxCLI.main(JadxCLI.java:26)
ERROR - Dependency scan failed at insn: 0x003A: IGET r5, r13 in method: com.scottyab.rootbeer.RootBeer.isRootedWithBusyBoxCheck():boolean, file: /workspace/xh/fixp_148608.dex
java.lang.IllegalArgumentException: newPosition > limit: (8589312 > 3323492)
	at java.base/java.nio.Buffer.createPositionException(Buffer.java:351)
	at java.base/java.nio.Buffer.position(Buffer.java:326)
	at java.base/java.nio.ByteBuffer.position(ByteBuffer.java:1561)
	at jadx.plugins.input.dex.sections.SectionReader.absPos(SectionReader.java:82)
	at jadx.plugins.input.dex.sections.SectionReader.getString(SectionReader.java:175)
	at jadx.plugins.input.dex.sections.SectionReader.fillFieldData(SectionReader.java:195)
	at jadx.plugins.input.dex.sections.SectionReader.getFieldRef(SectionReader.java:183)
	at jadx.plugins.input.dex.insns.DexInsnData.getIndexAsField(DexInsnData.java:131)
	at jadx.core.dex.visitors.usage.UsageInfoVisitor.processInsn(UsageInfoVisitor.java:150)
	at jadx.core.dex.visitors.usage.UsageInfoVisitor.lambda$processInstructions$0(UsageInfoVisitor.java:130)
	at jadx.plugins.input.dex.sections.DexCodeReader.visitInstructions(DexCodeReader.java:86)
	at jadx.core.dex.visitors.usage.UsageInfoVisitor.processInstructions(UsageInfoVisitor.java:128)
	at jadx.core.dex.visitors.usage.UsageInfoVisitor.processMethod(UsageInfoVisitor.java:113)
	at jadx.core.dex.visitors.usage.UsageInfoVisitor.processClass(UsageInfoVisitor.java:101)
	at jadx.core.dex.visitors.usage.UsageInfoVisitor.buildUsageData(UsageInfoVisitor.java:81)
	at jadx.core.dex.visitors.usage.UsageInfoVisitor.init(UsageInfoVisitor.java:65)
	at jadx.core.dex.nodes.RootNode.runPreDecompileStage(RootNode.java:356)
	at jadx.api.JadxDecompiler.load(JadxDecompiler.java:136)
	at jadx.cli.JadxCLI.runSave(JadxCLI.java:71)
	at jadx.cli.JadxCLI.execute(JadxCLI.java:44)
	at jadx.cli.JadxCLI.execute(JadxCLI.java:33)
	at jadx.cli.JadxCLI.main(JadxCLI.java:26)
ERROR - Dependency scan failed at insn: 0x0041: IGET r13, r4 in method: com.scottyab.rootbeer.RootBeer.isRootedWithBusyBoxCheck():boolean, file: /workspace/xh/fixp_148608.dex
java.lang.IllegalArgumentException: newPosition < 0: (-1112162820 < 0)
	at java.base/java.nio.Buffer.createPositionException(Buffer.java:351)
	at java.base/java.nio.Buffer.position(Buffer.java:326)
	at java.base/java.nio.ByteBuffer.position(ByteBuffer.java:1561)
	at jadx.plugins.input.dex.sections.SectionReader.absPos(SectionReader.java:82)
	at jadx.plugins.input.dex.sections.SectionReader.getString(SectionReader.java:175)
	at jadx.plugins.input.dex.sections.SectionReader.getType(SectionReader.java:165)
	at jadx.plugins.input.dex.sections.SectionReader.fillFieldData(SectionReader.java:194)
	at jadx.plugins.input.dex.sections.SectionReader.getFieldRef(SectionReader.java:183)
	at jadx.plugins.input.dex.insns.DexInsnData.getIndexAsField(DexInsnData.java:131)
	at jadx.core.dex.visitors.usage.UsageInfoVisitor.processInsn(UsageInfoVisitor.java:150)
	at jadx.core.dex.visitors.usage.UsageInfoVisitor.lambda$processInstructions$0(UsageInfoVisitor.java:130)
	at jadx.plugins.input.dex.sections.DexCodeReader.visitInstructions(DexCodeReader.java:86)
	at jadx.core.dex.visitors.usage.UsageInfoVisitor.processInstructions(UsageInfoVisitor.java:128)
	at jadx.core.dex.visitors.usage.UsageInfoVisitor.processMethod(UsageInfoVisitor.java:113)
	at jadx.core.dex.visitors.usage.UsageInfoVisitor.processClass(UsageInfoVisitor.java:101)
	at jadx.core.dex.visitors.usage.UsageInfoVisitor.buildUsageData(UsageInfoVisitor.java:81)
	at jadx.core.dex.visitors.usage.UsageInfoVisitor.init(UsageInfoVisitor.java:65)
	at jadx.core.dex.nodes.RootNode.runPreDecompileStage(RootNode.java:356)
	at jadx.api.JadxDecompiler.load(JadxDecompiler.java:136)
	at jadx.cli.JadxCLI.runSave(JadxCLI.java:71)
	at jadx.cli.JadxCLI.execute(JadxCLI.java:44)
	at jadx.cli.JadxCLI.execute(JadxCLI.java:33)
	at jadx.cli.JadxCLI.main(JadxCLI.java:26)
ERROR - Dependency scan failed in method: com.scottyab.rootbeer.RootBeer.setLogging(boolean):void, file: /workspace/xh/fixp_148608.dex
java.lang.ArrayIndexOutOfBoundsException: Index 5 out of bounds for length 5
	at jadx.plugins.input.dex.insns.DexInsnData.toString(DexInsnData.java:251)
	at java.base/java.lang.String.valueOf(String.java:4530)
	at jadx.core.dex.visitors.usage.UsageInfoVisitor.lambda$processInstructions$0(UsageInfoVisitor.java:132)
	at jadx.plugins.input.dex.sections.DexCodeReader.visitInstructions(DexCodeReader.java:86)
	at jadx.core.dex.visitors.usage.UsageInfoVisitor.processInstructions(UsageInfoVisitor.java:128)
	at jadx.core.dex.visitors.usage.UsageInfoVisitor.processMethod(UsageInfoVisitor.java:113)
	at jadx.core.dex.visitors.usage.UsageInfoVisitor.processClass(UsageInfoVisitor.java:101)
	at jadx.core.dex.visitors.usage.UsageInfoVisitor.buildUsageData(UsageInfoVisitor.java:81)
	at jadx.core.dex.visitors.usage.UsageInfoVisitor.init(UsageInfoVisitor.java:65)
	at jadx.core.dex.nodes.RootNode.runPreDecompileStage(RootNode.java:356)
	at jadx.api.JadxDecompiler.load(JadxDecompiler.java:136)
	at jadx.cli.JadxCLI.runSave(JadxCLI.java:71)
	at jadx.cli.JadxCLI.execute(JadxCLI.java:44)
	at jadx.cli.JadxCLI.execute(JadxCLI.java:33)
	at jadx.cli.JadxCLI.main(JadxCLI.java:26)
ERROR - Dependency scan failed at insn: 0x0008: SGET r16 in method: com.scottyab.rootbeer.RootBeerNative.<clinit>():void, file: /workspace/xh/fixp_148608.dex
java.lang.IllegalArgumentException: newPosition > limit: (1036082688 > 3323492)
	at java.base/java.nio.Buffer.createPositionException(Buffer.java:351)
	at java.base/java.nio.Buffer.position(Buffer.java:326)
	at java.base/java.nio.ByteBuffer.position(ByteBuffer.java:1561)
	at jadx.plugins.input.dex.sections.SectionReader.absPos(SectionReader.java:82)
	at jadx.plugins.input.dex.sections.SectionReader.getString(SectionReader.java:175)
	at jadx.plugins.input.dex.sections.SectionReader.getType(SectionReader.java:165)
	at jadx.plugins.input.dex.sections.SectionReader.fillFieldData(SectionReader.java:194)
	at jadx.plugins.input.dex.sections.SectionReader.getFieldRef(SectionReader.java:183)
	at jadx.plugins.input.dex.insns.DexInsnData.getIndexAsField(DexInsnData.java:131)
	at jadx.core.dex.visitors.usage.UsageInfoVisitor.processInsn(UsageInfoVisitor.java:150)
	at jadx.core.dex.visitors.usage.UsageInfoVisitor.lambda$processInstructions$0(UsageInfoVisitor.java:130)
	at jadx.plugins.input.dex.sections.DexCodeReader.visitInstructions(DexCodeReader.java:86)
	at jadx.core.dex.visitors.usage.UsageInfoVisitor.processInstructions(UsageInfoVisitor.java:128)
	at jadx.core.dex.visitors.usage.UsageInfoVisitor.processMethod(UsageInfoVisitor.java:113)
	at jadx.core.dex.visitors.usage.UsageInfoVisitor.processClass(UsageInfoVisitor.java:101)
	at jadx.core.dex.visitors.usage.UsageInfoVisitor.buildUsageData(UsageInfoVisitor.java:81)
	at jadx.core.dex.visitors.usage.UsageInfoVisitor.init(UsageInfoVisitor.java:65)
	at jadx.core.dex.nodes.RootNode.runPreDecompileStage(RootNode.java:356)
	at jadx.api.JadxDecompiler.load(JadxDecompiler.java:136)
	at jadx.cli.JadxCLI.runSave(JadxCLI.java:71)
	at jadx.cli.JadxCLI.execute(JadxCLI.java:44)
	at jadx.cli.JadxCLI.execute(JadxCLI.java:33)
	at jadx.cli.JadxCLI.main(JadxCLI.java:26)
ERROR - Dependency scan failed in method: com.scottyab.rootbeer.RootBeerNative.<clinit>():void, file: /workspace/xh/fixp_148608.dex
java.lang.ArrayIndexOutOfBoundsException: Index 5 out of bounds for length 5
	at jadx.plugins.input.dex.insns.DexInsnData.toString(DexInsnData.java:251)
	at java.base/java.lang.String.valueOf(String.java:4530)
	at jadx.core.dex.visitors.usage.UsageInfoVisitor.lambda$processInstructions$0(UsageInfoVisitor.java:132)
	at jadx.plugins.input.dex.sections.DexCodeReader.visitInstructions(DexCodeReader.java:86)
	at jadx.core.dex.visitors.usage.UsageInfoVisitor.processInstructions(UsageInfoVisitor.java:128)
	at jadx.core.dex.visitors.usage.UsageInfoVisitor.processMethod(UsageInfoVisitor.java:113)
	at jadx.core.dex.visitors.usage.UsageInfoVisitor.processClass(UsageInfoVisitor.java:101)
	at jadx.core.dex.visitors.usage.UsageInfoVisitor.buildUsageData(UsageInfoVisitor.java:81)
	at jadx.core.dex.visitors.usage.UsageInfoVisitor.init(UsageInfoVisitor.java:65)
	at jadx.core.dex.nodes.RootNode.runPreDecompileStage(RootNode.java:356)
	at jadx.api.JadxDecompiler.load(JadxDecompiler.java:136)
	at jadx.cli.JadxCLI.runSave(JadxCLI.java:71)
	at jadx.cli.JadxCLI.execute(JadxCLI.java:44)
	at jadx.cli.JadxCLI.execute(JadxCLI.java:33)
	at jadx.cli.JadxCLI.main(JadxCLI.java:26)
ERROR - Dependency scan failed at insn: 0x0000: SPUT r37 in method: com.shadow.kotlin.KotlinNothingValueException.<init>():void, file: /workspace/xh/fixp_148608.dex
java.lang.IllegalArgumentException: newPosition < 0: (-724508360 < 0)
	at java.base/java.nio.Buffer.createPositionException(Buffer.java:351)
	at java.base/java.nio.Buffer.position(Buffer.java:326)
	at java.base/java.nio.ByteBuffer.position(ByteBuffer.java:1561)
	at jadx.plugins.input.dex.sections.SectionReader.absPos(SectionReader.java:82)
	at jadx.plugins.input.dex.sections.SectionReader.getString(SectionReader.java:175)
	at jadx.plugins.input.dex.sections.SectionReader.fillFieldData(SectionReader.java:195)
	at jadx.plugins.input.dex.sections.SectionReader.getFieldRef(SectionReader.java:183)
	at jadx.plugins.input.dex.insns.DexInsnData.getIndexAsField(DexInsnData.java:131)
	at jadx.core.dex.visitors.usage.UsageInfoVisitor.processInsn(UsageInfoVisitor.java:150)
	at jadx.core.dex.visitors.usage.UsageInfoVisitor.lambda$processInstructions$0(UsageInfoVisitor.java:130)
	at jadx.plugins.input.dex.sections.DexCodeReader.visitInstructions(DexCodeReader.java:86)
	at jadx.core.dex.visitors.usage.UsageInfoVisitor.processInstructions(UsageInfoVisitor.java:128)
	at jadx.core.dex.visitors.usage.UsageInfoVisitor.processMethod(UsageInfoVisitor.java:113)
	at jadx.core.dex.visitors.usage.UsageInfoVisitor.processClass(UsageInfoVisitor.java:101)
	at jadx.core.dex.visitors.usage.UsageInfoVisitor.buildUsageData(UsageInfoVisitor.java:81)
	at jadx.core.dex.visitors.usage.UsageInfoVisitor.init(UsageInfoVisitor.java:65)
	at jadx.core.dex.nodes.RootNode.runPreDecompileStage(RootNode.java:356)
	at jadx.api.JadxDecompiler.load(JadxDecompiler.java:136)
	at jadx.cli.JadxCLI.runSave(JadxCLI.java:71)
	at jadx.cli.JadxCLI.execute(JadxCLI.java:44)
	at jadx.cli.JadxCLI.execute(JadxCLI.java:33)
	at jadx.cli.JadxCLI.main(JadxCLI.java:26)
ERROR - Dependency scan failed at insn: 0x0000: CONST_CLASS r249 in method: com.shadow.kotlin.KotlinNothingValueException.<init>(java.lang.Throwable):void, file: /workspace/xh/fixp_148608.dex
java.lang.IllegalArgumentException: newPosition < 0: (-1984840148 < 0)
	at java.base/java.nio.Buffer.createPositionException(Buffer.java:351)
	at java.base/java.nio.Buffer.position(Buffer.java:326)
	at java.base/java.nio.ByteBuffer.position(ByteBuffer.java:1561)
	at jadx.plugins.input.dex.sections.SectionReader.absPos(SectionReader.java:82)
	at jadx.plugins.input.dex.sections.SectionReader.getString(SectionReader.java:175)
	at jadx.plugins.input.dex.sections.SectionReader.getType(SectionReader.java:165)
	at jadx.plugins.input.dex.insns.DexInsnData.getIndexAsType(DexInsnData.java:126)
	at jadx.core.dex.visitors.usage.UsageInfoVisitor.processInsn(UsageInfoVisitor.java:144)
	at jadx.core.dex.visitors.usage.UsageInfoVisitor.lambda$processInstructions$0(UsageInfoVisitor.java:130)
	at jadx.plugins.input.dex.sections.DexCodeReader.visitInstructions(DexCodeReader.java:86)
	at jadx.core.dex.visitors.usage.UsageInfoVisitor.processInstructions(UsageInfoVisitor.java:128)
	at jadx.core.dex.visitors.usage.UsageInfoVisitor.processMethod(UsageInfoVisitor.java:113)
	at jadx.core.dex.visitors.usage.UsageInfoVisitor.processClass(UsageInfoVisitor.java:101)
	at jadx.core.dex.visitors.usage.UsageInfoVisitor.buildUsageData(UsageInfoVisitor.java:81)
	at jadx.core.dex.visitors.usage.UsageInfoVisitor.init(UsageInfoVisitor.java:65)
	at jadx.core.dex.nodes.RootNode.runPreDecompileStage(RootNode.java:356)
	at jadx.api.JadxDecompiler.load(JadxDecompiler.java:136)
	at jadx.cli.JadxCLI.runSave(JadxCLI.java:71)
	at jadx.cli.JadxCLI.execute(JadxCLI.java:44)
	at jadx.cli.JadxCLI.execute(JadxCLI.java:33)
	at jadx.cli.JadxCLI.main(JadxCLI.java:26)
ERROR - Dependency scan failed at insn: 0x0000: INVOKE_VIRTUAL_RANGE r41925, r41926, r41927, r41928, r41929, r41930, r41931, r41932, r41933, r41934, r41935, r41936, r41937, r41938, r41939, r41940, r41941, r41942, r41943, r41944, r41945, r41946, r41947, r41948, r41949, r41950, r41951, r41952, r41953, r41954, r41955, r41956, r41957, r41958, r41959, r41960, r41961, r41962, r41963, r41964, r41965, r41966, r41967, r41968, r41969, r41970, r41971, r41972, r41973, r41974, r41975, r41976, r41977, r41978, r41979, r41980, r41981, r41982, r41983, r41984, r41985, r41986, r41987, r41988, r41989, r41990, r41991, r41992, r41993, r41994, r41995, r41996, r41997, r41998, r41999, r42000, r42001, r42002, r42003, r42004, r42005, r42006, r42007, r42008, r42009, r42010, r42011, r42012, r42013, r42014, r42015, r42016, r42017, r42018, r42019, r42020, r42021, r42022, r42023, r42024, r42025, r42026, r42027, r42028, r42029, r42030, r42031, r42032, r42033, r42034, r42035, r42036, r42037, r42038, r42039, r42040, r42041, r42042, r42043, r42044, r42045, r42046, r42047, r42048, r42049, r42050, r42051, r42052, r42053, r42054, r42055, r42056, r42057, r42058, r42059, r42060, r42061, r42062, r42063, r42064, r42065, r42066, r42067, r42068, r42069, r42070, r42071, r42072, r42073, r42074, r42075, r42076, r42077, r42078, r42079, r42080, r42081, r42082, r42083 in method: com.shadow.kotlin.LazyKt.a(java.lang.Throwable, java.lang.Throwable):void, file: /workspace/xh/fixp_148608.dex
java.lang.IllegalArgumentException: newPosition < 0: (-1478780197 < 0)
	at java.base/java.nio.Buffer.createPositionException(Buffer.java:351)
	at java.base/java.nio.Buffer.position(Buffer.java:326)
	at java.base/java.nio.ByteBuffer.position(ByteBuffer.java:1561)
	at jadx.plugins.input.dex.sections.SectionReader.absPos(SectionReader.java:82)
	at jadx.plugins.input.dex.sections.SectionReader.readTypeListAt(SectionReader.java:141)
	at jadx.plugins.input.dex.sections.SectionReader.loadMethodRef(SectionReader.java:269)
	at jadx.plugins.input.dex.sections.DexMethodRef.load(DexMethodRef.java:28)
	at jadx.core.dex.info.MethodInfo.fromRef(MethodInfo.java:47)
	at jadx.core.dex.visitors.usage.UsageInfoVisitor.processInsn(UsageInfoVisitor.java:165)
	at jadx.core.dex.visitors.usage.UsageInfoVisitor.lambda$processInstructions$0(UsageInfoVisitor.java:130)
	at jadx.plugins.input.dex.sections.DexCodeReader.visitInstructions(DexCodeReader.java:86)
	at jadx.core.dex.visitors.usage.UsageInfoVisitor.processInstructions(UsageInfoVisitor.java:128)
	at jadx.core.dex.visitors.usage.UsageInfoVisitor.processMethod(UsageInfoVisitor.java:113)
	at jadx.core.dex.visitors.usage.UsageInfoVisitor.processClass(UsageInfoVisitor.java:101)
	at jadx.core.dex.visitors.usage.UsageInfoVisitor.buildUsageData(UsageInfoVisitor.java:81)
	at jadx.core.dex.visitors.usage.UsageInfoVisitor.init(UsageInfoVisitor.java:65)
	at jadx.core.dex.nodes.RootNode.runPreDecompileStage(RootNode.java:356)
	at jadx.api.JadxDecompiler.load(JadxDecompiler.java:136)
	at jadx.cli.JadxCLI.runSave(JadxCLI.java:71)
	at jadx.cli.JadxCLI.execute(JadxCLI.java:44)
	at jadx.cli.JadxCLI.execute(JadxCLI.java:33)
	at jadx.cli.JadxCLI.main(JadxCLI.java:26)
ERROR - Dependency scan failed at insn: 0x000E: SPUT r170 in method: com.shadow.kotlin.LazyKt.a(java.lang.Throwable, java.lang.Throwable):void, file: /workspace/xh/fixp_148608.dex
java.lang.IllegalArgumentException: newPosition < 0: (-2131721724 < 0)
	at java.base/java.nio.Buffer.createPositionException(Buffer.java:351)
	at java.base/java.nio.Buffer.position(Buffer.java:326)
	at java.base/java.nio.ByteBuffer.position(ByteBuffer.java:1561)
	at jadx.plugins.input.dex.sections.SectionReader.absPos(SectionReader.java:82)
	at jadx.plugins.input.dex.sections.SectionReader.getString(SectionReader.java:175)
	at jadx.plugins.input.dex.sections.SectionReader.fillFieldData(SectionReader.java:195)
	at jadx.plugins.input.dex.sections.SectionReader.getFieldRef(SectionReader.java:183)
	at jadx.plugins.input.dex.insns.DexInsnData.getIndexAsField(DexInsnData.java:131)
	at jadx.core.dex.visitors.usage.UsageInfoVisitor.processInsn(UsageInfoVisitor.java:150)
	at jadx.core.dex.visitors.usage.UsageInfoVisitor.lambda$processInstructions$0(UsageInfoVisitor.java:130)
	at jadx.plugins.input.dex.sections.DexCodeReader.visitInstructions(DexCodeReader.java:86)
	at jadx.core.dex.visitors.usage.UsageInfoVisitor.processInstructions(UsageInfoVisitor.java:128)
	at jadx.core.dex.visitors.usage.UsageInfoVisitor.processMethod(UsageInfoVisitor.java:113)
	at jadx.core.dex.visitors.usage.UsageInfoVisitor.processClass(UsageInfoVisitor.java:101)
	at jadx.core.dex.visitors.usage.UsageInfoVisitor.buildUsageData(UsageInfoVisitor.java:81)
	at jadx.core.dex.visitors.usage.UsageInfoVisitor.init(UsageInfoVisitor.java:65)
	at jadx.core.dex.nodes.RootNode.runPreDecompileStage(RootNode.java:356)
	at jadx.api.JadxDecompiler.load(JadxDecompiler.java:136)
	at jadx.cli.JadxCLI.runSave(JadxCLI.java:71)
	at jadx.cli.JadxCLI.execute(JadxCLI.java:44)
	at jadx.cli.JadxCLI.execute(JadxCLI.java:33)
	at jadx.cli.JadxCLI.main(JadxCLI.java:26)
ERROR - Dependency scan failed at insn: 0x0004: SGET r73 in method: com.shadow.kotlin.LazyKt.throwOnFailure(java.lang.Object):void, file: /workspace/xh/fixp_148608.dex
java.lang.IllegalArgumentException: newPosition > limit: (578293896 > 3323492)
	at java.base/java.nio.Buffer.createPositionException(Buffer.java:351)
	at java.base/java.nio.Buffer.position(Buffer.java:326)
	at java.base/java.nio.ByteBuffer.position(ByteBuffer.java:1561)
	at jadx.plugins.input.dex.sections.SectionReader.absPos(SectionReader.java:82)
	at jadx.plugins.input.dex.sections.SectionReader.getString(SectionReader.java:175)
	at jadx.plugins.input.dex.sections.SectionReader.getType(SectionReader.java:165)
	at jadx.plugins.input.dex.sections.SectionReader.fillFieldData(SectionReader.java:194)
	at jadx.plugins.input.dex.sections.SectionReader.getFieldRef(SectionReader.java:183)
	at jadx.plugins.input.dex.insns.DexInsnData.getIndexAsField(DexInsnData.java:131)
	at jadx.core.dex.visitors.usage.UsageInfoVisitor.processInsn(UsageInfoVisitor.java:150)
	at jadx.core.dex.visitors.usage.UsageInfoVisitor.lambda$processInstructions$0(UsageInfoVisitor.java:130)
	at jadx.plugins.input.dex.sections.DexCodeReader.visitInstructions(DexCodeReader.java:86)
	at jadx.core.dex.visitors.usage.UsageInfoVisitor.processInstructions(UsageInfoVisitor.java:128)
	at jadx.core.dex.visitors.usage.UsageInfoVisitor.processMethod(UsageInfoVisitor.java:113)
	at jadx.core.dex.visitors.usage.UsageInfoVisitor.processClass(UsageInfoVisitor.java:101)
	at jadx.core.dex.visitors.usage.UsageInfoVisitor.buildUsageData(UsageInfoVisitor.java:81)
	at jadx.core.dex.visitors.usage.UsageInfoVisitor.init(UsageInfoVisitor.java:65)
	at jadx.core.dex.nodes.RootNode.runPreDecompileStage(RootNode.java:356)
	at jadx.api.JadxDecompiler.load(JadxDecompiler.java:136)
	at jadx.cli.JadxCLI.runSave(JadxCLI.java:71)
	at jadx.cli.JadxCLI.execute(JadxCLI.java:44)
	at jadx.cli.JadxCLI.execute(JadxCLI.java:33)
	at jadx.cli.JadxCLI.main(JadxCLI.java:26)
ERROR - Dependency scan failed at insn: 0x0006: INVOKE_POLYMORPHIC_RANGE r47088, r47089, r47090, r47091, r47092, r47093, r47094, r47095, r47096, r47097, r47098, r47099, r47100, r47101, r47102, r47103, r47104, r47105, r47106, r47107, r47108, r47109, r47110, r47111, r47112, r47113, r47114, r47115, r47116, r47117, r47118, r47119, r47120, r47121, r47122, r47123, r47124, r47125, r47126, r47127, r47128, r47129, r47130, r47131, r47132, r47133, r47134, r47135, r47136, r47137, r47138, r47139, r47140, r47141, r47142, r47143, r47144, r47145, r47146, r47147, r47148, r47149, r47150, r47151, r47152, r47153, r47154, r47155, r47156, r47157, r47158, r47159, r47160, r47161, r47162, r47163, r47164, r47165, r47166, r47167, r47168, r47169, r47170, r47171, r47172, r47173, r47174, r47175, r47176, r47177, r47178, r47179, r47180, r47181, r47182, r47183, r47184, r47185, r47186, r47187, r47188, r47189, r47190, r47191, r47192, r47193, r47194, r47195, r47196, r47197, r47198, r47199, r47200 in method: com.shadow.kotlin.LazyKt.throwOnFailure(java.lang.Object):void, file: /workspace/xh/fixp_148608.dex
java.lang.IllegalArgumentException: newPosition > limit: (1668826482 > 3323492)
	at java.base/java.nio.Buffer.createPositionException(Buffer.java:351)
	at java.base/java.nio.Buffer.position(Buffer.java:326)
	at java.base/java.nio.ByteBuffer.position(ByteBuffer.java:1561)
	at jadx.plugins.input.dex.sections.SectionReader.absPos(SectionReader.java:82)
	at jadx.plugins.input.dex.sections.SectionReader.readTypeListAt(SectionReader.java:141)
	at jadx.plugins.input.dex.sections.SectionReader.loadMethodRef(SectionReader.java:269)
	at jadx.plugins.input.dex.sections.DexMethodRef.load(DexMethodRef.java:28)
	at jadx.core.dex.info.MethodInfo.fromRef(MethodInfo.java:47)
	at jadx.core.dex.visitors.usage.UsageInfoVisitor.processInsn(UsageInfoVisitor.java:165)
	at jadx.core.dex.visitors.usage.UsageInfoVisitor.lambda$processInstructions$0(UsageInfoVisitor.java:130)
	at jadx.plugins.input.dex.sections.DexCodeReader.visitInstructions(DexCodeReader.java:86)
	at jadx.core.dex.visitors.usage.UsageInfoVisitor.processInstructions(UsageInfoVisitor.java:128)
	at jadx.core.dex.visitors.usage.UsageInfoVisitor.processMethod(UsageInfoVisitor.java:113)
	at jadx.core.dex.visitors.usage.UsageInfoVisitor.processClass(UsageInfoVisitor.java:101)
	at jadx.core.dex.visitors.usage.UsageInfoVisitor.buildUsageData(UsageInfoVisitor.java:81)
	at jadx.core.dex.visitors.usage.UsageInfoVisitor.init(UsageInfoVisitor.java:65)
	at jadx.core.dex.nodes.RootNode.runPreDecompileStage(RootNode.java:356)
	at jadx.api.JadxDecompiler.load(JadxDecompiler.java:136)
	at jadx.cli.JadxCLI.runSave(JadxCLI.java:71)
	at jadx.cli.JadxCLI.execute(JadxCLI.java:44)
	at jadx.cli.JadxCLI.execute(JadxCLI.java:33)
	at jadx.cli.JadxCLI.main(JadxCLI.java:26)
ERROR - Dependency scan failed at insn: 0x0000: SGET r249 in method: com.shadow.kotlin.Pair.component1():A, file: /workspace/xh/fixp_148608.dex
java.lang.IllegalArgumentException: newPosition > limit: (8589760 > 3323492)
	at java.base/java.nio.Buffer.createPositionException(Buffer.java:351)
	at java.base/java.nio.Buffer.position(Buffer.java:326)
	at java.base/java.nio.ByteBuffer.position(ByteBuffer.java:1561)
	at jadx.plugins.input.dex.sections.SectionReader.absPos(SectionReader.java:82)
	at jadx.plugins.input.dex.sections.SectionReader.getString(SectionReader.java:175)
	at jadx.plugins.input.dex.sections.SectionReader.getType(SectionReader.java:165)
	at jadx.plugins.input.dex.sections.SectionReader.fillFieldData(SectionReader.java:194)
	at jadx.plugins.input.dex.sections.SectionReader.getFieldRef(SectionReader.java:183)
	at jadx.plugins.input.dex.insns.DexInsnData.getIndexAsField(DexInsnData.java:131)
	at jadx.core.dex.visitors.usage.UsageInfoVisitor.processInsn(UsageInfoVisitor.java:150)
	at jadx.core.dex.visitors.usage.UsageInfoVisitor.lambda$processInstructions$0(UsageInfoVisitor.java:130)
	at jadx.plugins.input.dex.sections.DexCodeReader.visitInstructions(DexCodeReader.java:86)
	at jadx.core.dex.visitors.usage.UsageInfoVisitor.processInstructions(UsageInfoVisitor.java:128)
	at jadx.core.dex.visitors.usage.UsageInfoVisitor.processMethod(UsageInfoVisitor.java:113)
	at jadx.core.dex.visitors.usage.UsageInfoVisitor.processClass(UsageInfoVisitor.java:101)
	at jadx.core.dex.visitors.usage.UsageInfoVisitor.buildUsageData(UsageInfoVisitor.java:81)
	at jadx.core.dex.visitors.usage.UsageInfoVisitor.init(UsageInfoVisitor.java:65)
	at jadx.core.dex.nodes.RootNode.runPreDecompileStage(RootNode.java:356)
	at jadx.api.JadxDecompiler.load(JadxDecompiler.java:136)
	at jadx.cli.JadxCLI.runSave(JadxCLI.java:71)
	at jadx.cli.JadxCLI.execute(JadxCLI.java:44)
	at jadx.cli.JadxCLI.execute(JadxCLI.java:33)
	at jadx.cli.JadxCLI.main(JadxCLI.java:26)
ERROR - Dependency scan failed at insn: 0x000F: IGET r5, r15 in method: com.shadow.kotlin.Pair.equals(java.lang.Object):boolean, file: /workspace/xh/fixp_148608.dex
java.lang.IllegalArgumentException: newPosition < 0: (-2051686912 < 0)
	at java.base/java.nio.Buffer.createPositionException(Buffer.java:351)
	at java.base/java.nio.Buffer.position(Buffer.java:326)
	at java.base/java.nio.ByteBuffer.position(ByteBuffer.java:1561)
	at jadx.plugins.input.dex.sections.SectionReader.absPos(SectionReader.java:82)
	at jadx.plugins.input.dex.sections.SectionReader.getString(SectionReader.java:175)
	at jadx.plugins.input.dex.sections.SectionReader.getType(SectionReader.java:165)
	at jadx.plugins.input.dex.sections.SectionReader.fillFieldData(SectionReader.java:194)
	at jadx.plugins.input.dex.sections.SectionReader.getFieldRef(SectionReader.java:183)
	at jadx.plugins.input.dex.insns.DexInsnData.getIndexAsField(DexInsnData.java:131)
	at jadx.core.dex.visitors.usage.UsageInfoVisitor.processInsn(UsageInfoVisitor.java:150)
	at jadx.core.dex.visitors.usage.UsageInfoVisitor.lambda$processInstructions$0(UsageInfoVisitor.java:130)
	at jadx.plugins.input.dex.sections.DexCodeReader.visitInstructions(DexCodeReader.java:86)
	at jadx.core.dex.visitors.usage.UsageInfoVisitor.processInstructions(UsageInfoVisitor.java:128)
	at jadx.core.dex.visitors.usage.UsageInfoVisitor.processMethod(UsageInfoVisitor.java:113)
	at jadx.core.dex.visitors.usage.UsageInfoVisitor.processClass(UsageInfoVisitor.java:101)
	at jadx.core.dex.visitors.usage.UsageInfoVisitor.buildUsageData(UsageInfoVisitor.java:81)
	at jadx.core.dex.visitors.usage.UsageInfoVisitor.init(UsageInfoVisitor.java:65)
	at jadx.core.dex.nodes.RootNode.runPreDecompileStage(RootNode.java:356)
	at jadx.api.JadxDecompiler.load(JadxDecompiler.java:136)
	at jadx.cli.JadxCLI.runSave(JadxCLI.java:71)
	at jadx.cli.JadxCLI.execute(JadxCLI.java:44)
	at jadx.cli.JadxCLI.execute(JadxCLI.java:33)
	at jadx.cli.JadxCLI.main(JadxCLI.java:26)
ERROR - Dependency scan failed at insn: 0x0017: IGET r6, r8 in method: com.shadow.kotlin.Pair.equals(java.lang.Object):boolean, file: /workspace/xh/fixp_148608.dex
java.lang.IllegalArgumentException: newPosition < 0: (-725243328 < 0)
	at java.base/java.nio.Buffer.createPositionException(Buffer.java:351)
	at java.base/java.nio.Buffer.position(Buffer.java:326)
	at java.base/java.nio.ByteBuffer.position(ByteBuffer.java:1561)
	at jadx.plugins.input.dex.sections.SectionReader.absPos(SectionReader.java:82)
	at jadx.plugins.input.dex.sections.SectionReader.getString(SectionReader.java:175)
	at jadx.plugins.input.dex.sections.SectionReader.getType(SectionReader.java:165)
	at jadx.plugins.input.dex.sections.SectionReader.fillFieldData(SectionReader.java:194)
	at jadx.plugins.input.dex.sections.SectionReader.getFieldRef(SectionReader.java:183)
	at jadx.plugins.input.dex.insns.DexInsnData.getIndexAsField(DexInsnData.java:131)
	at jadx.core.dex.visitors.usage.UsageInfoVisitor.processInsn(UsageInfoVisitor.java:150)
	at jadx.core.dex.visitors.usage.UsageInfoVisitor.lambda$processInstructions$0(UsageInfoVisitor.java:130)
	at jadx.plugins.input.dex.sections.DexCodeReader.visitInstructions(DexCodeReader.java:86)
	at jadx.core.dex.visitors.usage.UsageInfoVisitor.processInstructions(UsageInfoVisitor.java:128)
	at jadx.core.dex.visitors.usage.UsageInfoVisitor.processMethod(UsageInfoVisitor.java:113)
	at jadx.core.dex.visitors.usage.UsageInfoVisitor.processClass(UsageInfoVisitor.java:101)
	at jadx.core.dex.visitors.usage.UsageInfoVisitor.buildUsageData(UsageInfoVisitor.java:81)
	at jadx.core.dex.visitors.usage.UsageInfoVisitor.init(UsageInfoVisitor.java:65)
	at jadx.core.dex.nodes.RootNode.runPreDecompileStage(RootNode.java:356)
	at jadx.api.JadxDecompiler.load(JadxDecompiler.java:136)
	at jadx.cli.JadxCLI.runSave(JadxCLI.java:71)
	at jadx.cli.JadxCLI.execute(JadxCLI.java:44)
	at jadx.cli.JadxCLI.execute(JadxCLI.java:33)
	at jadx.cli.JadxCLI.main(JadxCLI.java:26)
ERROR - Dependency scan failed at insn: 0x0000: IGET r10, r0 in method: com.shadow.kotlin.Pair.getSecond():B, file: /workspace/xh/fixp_148608.dex
java.lang.IllegalArgumentException: newPosition < 0: (-987386328 < 0)
	at java.base/java.nio.Buffer.createPositionException(Buffer.java:351)
	at java.base/java.nio.Buffer.position(Buffer.java:326)
	at java.base/java.nio.ByteBuffer.position(ByteBuffer.java:1561)
	at jadx.plugins.input.dex.sections.SectionReader.absPos(SectionReader.java:82)
	at jadx.plugins.input.dex.sections.SectionReader.getString(SectionReader.java:175)
	at jadx.plugins.input.dex.sections.SectionReader.getType(SectionReader.java:165)
	at jadx.plugins.input.dex.sections.SectionReader.fillFieldData(SectionReader.java:194)
	at jadx.plugins.input.dex.sections.SectionReader.getFieldRef(SectionReader.java:183)
	at jadx.plugins.input.dex.insns.DexInsnData.getIndexAsField(DexInsnData.java:131)
	at jadx.core.dex.visitors.usage.UsageInfoVisitor.processInsn(UsageInfoVisitor.java:150)
	at jadx.core.dex.visitors.usage.UsageInfoVisitor.lambda$processInstructions$0(UsageInfoVisitor.java:130)
	at jadx.plugins.input.dex.sections.DexCodeReader.visitInstructions(DexCodeReader.java:86)
	at jadx.core.dex.visitors.usage.UsageInfoVisitor.processInstructions(UsageInfoVisitor.java:128)
	at jadx.core.dex.visitors.usage.UsageInfoVisitor.processMethod(UsageInfoVisitor.java:113)
	at jadx.core.dex.visitors.usage.UsageInfoVisitor.processClass(UsageInfoVisitor.java:101)
	at jadx.core.dex.visitors.usage.UsageInfoVisitor.buildUsageData(UsageInfoVisitor.java:81)
	at jadx.core.dex.visitors.usage.UsageInfoVisitor.init(UsageInfoVisitor.java:65)
	at jadx.core.dex.nodes.RootNode.runPreDecompileStage(RootNode.java:356)
	at jadx.api.JadxDecompiler.load(JadxDecompiler.java:136)
	at jadx.cli.JadxCLI.runSave(JadxCLI.java:71)
	at jadx.cli.JadxCLI.execute(JadxCLI.java:44)
	at jadx.cli.JadxCLI.execute(JadxCLI.java:33)
	at jadx.cli.JadxCLI.main(JadxCLI.java:26)
ERROR - Dependency scan failed at insn: 0x0005: IPUT r11, r8 in method: com.shadow.kotlin.Pair.hashCode():int, file: /workspace/xh/fixp_148608.dex
java.lang.IllegalArgumentException: newPosition < 0: (-2051948244 < 0)
	at java.base/java.nio.Buffer.createPositionException(Buffer.java:351)
	at java.base/java.nio.Buffer.position(Buffer.java:326)
	at java.base/java.nio.ByteBuffer.position(ByteBuffer.java:1561)
	at jadx.plugins.input.dex.sections.SectionReader.absPos(SectionReader.java:82)
	at jadx.plugins.input.dex.sections.SectionReader.getString(SectionReader.java:175)
	at jadx.plugins.input.dex.sections.SectionReader.getType(SectionReader.java:165)
	at jadx.plugins.input.dex.sections.SectionReader.fillFieldData(SectionReader.java:194)
	at jadx.plugins.input.dex.sections.SectionReader.getFieldRef(SectionReader.java:183)
	at jadx.plugins.input.dex.insns.DexInsnData.getIndexAsField(DexInsnData.java:131)
	at jadx.core.dex.visitors.usage.UsageInfoVisitor.processInsn(UsageInfoVisitor.java:150)
	at jadx.core.dex.visitors.usage.UsageInfoVisitor.lambda$processInstructions$0(UsageInfoVisitor.java:130)
	at jadx.plugins.input.dex.sections.DexCodeReader.visitInstructions(DexCodeReader.java:86)
	at jadx.core.dex.visitors.usage.UsageInfoVisitor.processInstructions(UsageInfoVisitor.java:128)
	at jadx.core.dex.visitors.usage.UsageInfoVisitor.processMethod(UsageInfoVisitor.java:113)
	at jadx.core.dex.visitors.usage.UsageInfoVisitor.processClass(UsageInfoVisitor.java:101)
	at jadx.core.dex.visitors.usage.UsageInfoVisitor.buildUsageData(UsageInfoVisitor.java:81)
	at jadx.core.dex.visitors.usage.UsageInfoVisitor.init(UsageInfoVisitor.java:65)
	at jadx.core.dex.nodes.RootNode.runPreDecompileStage(RootNode.java:356)
	at jadx.api.JadxDecompiler.load(JadxDecompiler.java:136)
	at jadx.cli.JadxCLI.runSave(JadxCLI.java:71)
	at jadx.cli.JadxCLI.execute(JadxCLI.java:44)
	at jadx.cli.JadxCLI.execute(JadxCLI.java:33)
	at jadx.cli.JadxCLI.main(JadxCLI.java:26)
ERROR - Dependency scan failed at insn: 0x0011: IPUT r15, r6 in method: com.shadow.kotlin.Pair.toString():java.lang.String, file: /workspace/xh/fixp_148608.dex
java.lang.IllegalArgumentException: newPosition < 0: (-908485256 < 0)
	at java.base/java.nio.Buffer.createPositionException(Buffer.java:351)
	at java.base/java.nio.Buffer.position(Buffer.java:326)
	at java.base/java.nio.ByteBuffer.position(ByteBuffer.java:1561)
	at jadx.plugins.input.dex.sections.SectionReader.absPos(SectionReader.java:82)
	at jadx.plugins.input.dex.sections.SectionReader.getString(SectionReader.java:175)
	at jadx.plugins.input.dex.sections.SectionReader.getType(SectionReader.java:165)
	at jadx.plugins.input.dex.sections.SectionReader.fillFieldData(SectionReader.java:194)
	at jadx.plugins.input.dex.sections.SectionReader.getFieldRef(SectionReader.java:183)
	at jadx.plugins.input.dex.insns.DexInsnData.getIndexAsField(DexInsnData.java:131)
	at jadx.core.dex.visitors.usage.UsageInfoVisitor.processInsn(UsageInfoVisitor.java:150)
	at jadx.core.dex.visitors.usage.UsageInfoVisitor.lambda$processInstructions$0(UsageInfoVisitor.java:130)
	at jadx.plugins.input.dex.sections.DexCodeReader.visitInstructions(DexCodeReader.java:86)
	at jadx.core.dex.visitors.usage.UsageInfoVisitor.processInstructions(UsageInfoVisitor.java:128)
	at jadx.core.dex.visitors.usage.UsageInfoVisitor.processMethod(UsageInfoVisitor.java:113)
	at jadx.core.dex.visitors.usage.UsageInfoVisitor.processClass(UsageInfoVisitor.java:101)
	at jadx.core.dex.visitors.usage.UsageInfoVisitor.buildUsageData(UsageInfoVisitor.java:81)
	at jadx.core.dex.visitors.usage.UsageInfoVisitor.init(UsageInfoVisitor.java:65)
	at jadx.core.dex.nodes.RootNode.runPreDecompileStage(RootNode.java:356)
	at jadx.api.JadxDecompiler.load(JadxDecompiler.java:136)
	at jadx.cli.JadxCLI.runSave(JadxCLI.java:71)
	at jadx.cli.JadxCLI.execute(JadxCLI.java:44)
	at jadx.cli.JadxCLI.execute(JadxCLI.java:33)
	at jadx.cli.JadxCLI.main(JadxCLI.java:26)
ERROR - Dependency scan failed at insn: 0x0000: INSTANCE_OF r7, r8 in method: com.shadow.kotlin.Result.<clinit>():void, file: /workspace/xh/fixp_148608.dex
java.lang.IllegalArgumentException: newPosition > limit: (8616848 > 3323492)
	at java.base/java.nio.Buffer.createPositionException(Buffer.java:351)
	at java.base/java.nio.Buffer.position(Buffer.java:326)
	at java.base/java.nio.ByteBuffer.position(ByteBuffer.java:1561)
	at jadx.plugins.input.dex.sections.SectionReader.absPos(SectionReader.java:82)
	at jadx.plugins.input.dex.sections.SectionReader.getString(SectionReader.java:175)
	at jadx.plugins.input.dex.sections.SectionReader.getType(SectionReader.java:165)
	at jadx.plugins.input.dex.insns.DexInsnData.getIndexAsType(DexInsnData.java:126)
	at jadx.core.dex.visitors.usage.UsageInfoVisitor.processInsn(UsageInfoVisitor.java:144)
	at jadx.core.dex.visitors.usage.UsageInfoVisitor.lambda$processInstructions$0(UsageInfoVisitor.java:130)
	at jadx.plugins.input.dex.sections.DexCodeReader.visitInstructions(DexCodeReader.java:86)
	at jadx.core.dex.visitors.usage.UsageInfoVisitor.processInstructions(UsageInfoVisitor.java:128)
	at jadx.core.dex.visitors.usage.UsageInfoVisitor.processMethod(UsageInfoVisitor.java:113)
	at jadx.core.dex.visitors.usage.UsageInfoVisitor.processClass(UsageInfoVisitor.java:101)
	at jadx.core.dex.visitors.usage.UsageInfoVisitor.buildUsageData(UsageInfoVisitor.java:81)
	at jadx.core.dex.visitors.usage.UsageInfoVisitor.init(UsageInfoVisitor.java:65)
	at jadx.core.dex.nodes.RootNode.runPreDecompileStage(RootNode.java:356)
	at jadx.api.JadxDecompiler.load(JadxDecompiler.java:136)
	at jadx.cli.JadxCLI.runSave(JadxCLI.java:71)
	at jadx.cli.JadxCLI.execute(JadxCLI.java:44)
	at jadx.cli.JadxCLI.execute(JadxCLI.java:33)
	at jadx.cli.JadxCLI.main(JadxCLI.java:26)
ERROR - Dependency scan failed at insn: 0x0005: SPUT r149 in method: com.shadow.kotlin.Result.<clinit>():void, file: /workspace/xh/fixp_148608.dex
java.lang.IllegalArgumentException: newPosition < 0: (-1515859804 < 0)
	at java.base/java.nio.Buffer.createPositionException(Buffer.java:351)
	at java.base/java.nio.Buffer.position(Buffer.java:326)
	at java.base/java.nio.ByteBuffer.position(ByteBuffer.java:1561)
	at jadx.plugins.input.dex.sections.SectionReader.absPos(SectionReader.java:82)
	at jadx.plugins.input.dex.sections.SectionReader.getString(SectionReader.java:175)
	at jadx.plugins.input.dex.sections.SectionReader.fillFieldData(SectionReader.java:195)
	at jadx.plugins.input.dex.sections.SectionReader.getFieldRef(SectionReader.java:183)
	at jadx.plugins.input.dex.insns.DexInsnData.getIndexAsField(DexInsnData.java:131)
	at jadx.core.dex.visitors.usage.UsageInfoVisitor.processInsn(UsageInfoVisitor.java:150)
	at jadx.core.dex.visitors.usage.UsageInfoVisitor.lambda$processInstructions$0(UsageInfoVisitor.java:130)
	at jadx.plugins.input.dex.sections.DexCodeReader.visitInstructions(DexCodeReader.java:86)
	at jadx.core.dex.visitors.usage.UsageInfoVisitor.processInstructions(UsageInfoVisitor.java:128)
	at jadx.core.dex.visitors.usage.UsageInfoVisitor.processMethod(UsageInfoVisitor.java:113)
	at jadx.core.dex.visitors.usage.UsageInfoVisitor.processClass(UsageInfoVisitor.java:101)
	at jadx.core.dex.visitors.usage.UsageInfoVisitor.buildUsageData(UsageInfoVisitor.java:81)
	at jadx.core.dex.visitors.usage.UsageInfoVisitor.init(UsageInfoVisitor.java:65)
	at jadx.core.dex.nodes.RootNode.runPreDecompileStage(RootNode.java:356)
	at jadx.api.JadxDecompiler.load(JadxDecompiler.java:136)
	at jadx.cli.JadxCLI.runSave(JadxCLI.java:71)
	at jadx.cli.JadxCLI.execute(JadxCLI.java:44)
	at jadx.cli.JadxCLI.execute(JadxCLI.java:33)
	at jadx.cli.JadxCLI.main(JadxCLI.java:26)
ERROR - Dependency scan failed at insn: 0x0000: SGET r201 in method: com.shadow.kotlin.Result.<init>(java.lang.Object):void, file: /workspace/xh/fixp_148608.dex
java.lang.IllegalArgumentException: newPosition > limit: (355467900 > 3323492)
	at java.base/java.nio.Buffer.createPositionException(Buffer.java:351)
	at java.base/java.nio.Buffer.position(Buffer.java:326)
	at java.base/java.nio.ByteBuffer.position(ByteBuffer.java:1561)
	at jadx.plugins.input.dex.sections.SectionReader.absPos(SectionReader.java:82)
	at jadx.plugins.input.dex.sections.SectionReader.getString(SectionReader.java:175)
	at jadx.plugins.input.dex.sections.SectionReader.getType(SectionReader.java:165)
	at jadx.plugins.input.dex.sections.SectionReader.fillFieldData(SectionReader.java:194)
	at jadx.plugins.input.dex.sections.SectionReader.getFieldRef(SectionReader.java:183)
	at jadx.plugins.input.dex.insns.DexInsnData.getIndexAsField(DexInsnData.java:131)
	at jadx.core.dex.visitors.usage.UsageInfoVisitor.processInsn(UsageInfoVisitor.java:150)
	at jadx.core.dex.visitors.usage.UsageInfoVisitor.lambda$processInstructions$0(UsageInfoVisitor.java:130)
	at jadx.plugins.input.dex.sections.DexCodeReader.visitInstructions(DexCodeReader.java:86)
	at jadx.core.dex.visitors.usage.UsageInfoVisitor.processInstructions(UsageInfoVisitor.java:128)
	at jadx.core.dex.visitors.usage.UsageInfoVisitor.processMethod(UsageInfoVisitor.java:113)
	at jadx.core.dex.visitors.usage.UsageInfoVisitor.processClass(UsageInfoVisitor.java:101)
	at jadx.core.dex.visitors.usage.UsageInfoVisitor.buildUsageData(UsageInfoVisitor.java:81)
	at jadx.core.dex.visitors.usage.UsageInfoVisitor.init(UsageInfoVisitor.java:65)
	at jadx.core.dex.nodes.RootNode.runPreDecompileStage(RootNode.java:356)
	at jadx.api.JadxDecompiler.load(JadxDecompiler.java:136)
	at jadx.cli.JadxCLI.runSave(JadxCLI.java:71)
	at jadx.cli.JadxCLI.execute(JadxCLI.java:44)
	at jadx.cli.JadxCLI.execute(JadxCLI.java:33)
	at jadx.cli.JadxCLI.main(JadxCLI.java:26)
ERROR - Dependency scan failed at insn: 0x0001: NEW_ARRAY r0, r9 in method: com.shadow.kotlin.Result.Hterz():void, file: /workspace/xh/fixp_148608.dex
java.lang.IllegalArgumentException: newPosition < 0: (-1785678664 < 0)
	at java.base/java.nio.Buffer.createPositionException(Buffer.java:351)
	at java.base/java.nio.Buffer.position(Buffer.java:326)
	at java.base/java.nio.ByteBuffer.position(ByteBuffer.java:1561)
	at jadx.plugins.input.dex.sections.SectionReader.absPos(SectionReader.java:82)
	at jadx.plugins.input.dex.sections.SectionReader.getString(SectionReader.java:175)
	at jadx.plugins.input.dex.sections.SectionReader.getType(SectionReader.java:165)
	at jadx.plugins.input.dex.insns.DexInsnData.getIndexAsType(DexInsnData.java:126)
	at jadx.core.dex.visitors.usage.UsageInfoVisitor.processInsn(UsageInfoVisitor.java:144)
	at jadx.core.dex.visitors.usage.UsageInfoVisitor.lambda$processInstructions$0(UsageInfoVisitor.java:130)
	at jadx.plugins.input.dex.sections.DexCodeReader.visitInstructions(DexCodeReader.java:86)
	at jadx.core.dex.visitors.usage.UsageInfoVisitor.processInstructions(UsageInfoVisitor.java:128)
	at jadx.core.dex.visitors.usage.UsageInfoVisitor.processMethod(UsageInfoVisitor.java:113)
	at jadx.core.dex.visitors.usage.UsageInfoVisitor.processClass(UsageInfoVisitor.java:101)
	at jadx.core.dex.visitors.usage.UsageInfoVisitor.buildUsageData(UsageInfoVisitor.java:81)
	at jadx.core.dex.visitors.usage.UsageInfoVisitor.init(UsageInfoVisitor.java:65)
	at jadx.core.dex.nodes.RootNode.runPreDecompileStage(RootNode.java:356)
	at jadx.api.JadxDecompiler.load(JadxDecompiler.java:136)
	at jadx.cli.JadxCLI.runSave(JadxCLI.java:71)
	at jadx.cli.JadxCLI.execute(JadxCLI.java:44)
	at jadx.cli.JadxCLI.execute(JadxCLI.java:33)
	at jadx.cli.JadxCLI.main(JadxCLI.java:26)
ERROR - Dependency scan failed in method: com.shadow.kotlin.Result.Hterz():void, file: /workspace/xh/fixp_148608.dex
java.lang.ArrayIndexOutOfBoundsException: Index 5 out of bounds for length 5
	at jadx.plugins.input.dex.insns.DexInsnData.toString(DexInsnData.java:251)
	at java.base/java.lang.String.valueOf(String.java:4530)
	at jadx.core.dex.visitors.usage.UsageInfoVisitor.lambda$processInstructions$0(UsageInfoVisitor.java:132)
	at jadx.plugins.input.dex.sections.DexCodeReader.visitInstructions(DexCodeReader.java:86)
	at jadx.core.dex.visitors.usage.UsageInfoVisitor.processInstructions(UsageInfoVisitor.java:128)
	at jadx.core.dex.visitors.usage.UsageInfoVisitor.processMethod(UsageInfoVisitor.java:113)
	at jadx.core.dex.visitors.usage.UsageInfoVisitor.processClass(UsageInfoVisitor.java:101)
	at jadx.core.dex.visitors.usage.UsageInfoVisitor.buildUsageData(UsageInfoVisitor.java:81)
	at jadx.core.dex.visitors.usage.UsageInfoVisitor.init(UsageInfoVisitor.java:65)
	at jadx.core.dex.nodes.RootNode.runPreDecompileStage(RootNode.java:356)
	at jadx.api.JadxDecompiler.load(JadxDecompiler.java:136)
	at jadx.cli.JadxCLI.runSave(JadxCLI.java:71)
	at jadx.cli.JadxCLI.execute(JadxCLI.java:44)
	at jadx.cli.JadxCLI.execute(JadxCLI.java:33)
	at jadx.cli.JadxCLI.main(JadxCLI.java:26)
ERROR - Dependency scan failed at insn: 0x0000: NEW_ARRAY r12, r13 in method: com.shadow.kotlin.Result.box-impl(java.lang.Object):com.shadow.kotlin.Result, file: /workspace/xh/fixp_148608.dex
java.lang.IllegalArgumentException: newPosition < 0: (-1112505792 < 0)
	at java.base/java.nio.Buffer.createPositionException(Buffer.java:351)
	at java.base/java.nio.Buffer.position(Buffer.java:326)
	at java.base/java.nio.ByteBuffer.position(ByteBuffer.java:1561)
	at jadx.plugins.input.dex.sections.SectionReader.absPos(SectionReader.java:82)
	at jadx.plugins.input.dex.sections.SectionReader.getString(SectionReader.java:175)
	at jadx.plugins.input.dex.sections.SectionReader.getType(SectionReader.java:165)
	at jadx.plugins.input.dex.insns.DexInsnData.getIndexAsType(DexInsnData.java:126)
	at jadx.core.dex.visitors.usage.UsageInfoVisitor.processInsn(UsageInfoVisitor.java:144)
	at jadx.core.dex.visitors.usage.UsageInfoVisitor.lambda$processInstructions$0(UsageInfoVisitor.java:130)
	at jadx.plugins.input.dex.sections.DexCodeReader.visitInstructions(DexCodeReader.java:86)
	at jadx.core.dex.visitors.usage.UsageInfoVisitor.processInstructions(UsageInfoVisitor.java:128)
	at jadx.core.dex.visitors.usage.UsageInfoVisitor.processMethod(UsageInfoVisitor.java:113)
	at jadx.core.dex.visitors.usage.UsageInfoVisitor.processClass(UsageInfoVisitor.java:101)
	at jadx.core.dex.visitors.usage.UsageInfoVisitor.buildUsageData(UsageInfoVisitor.java:81)
	at jadx.core.dex.visitors.usage.UsageInfoVisitor.init(UsageInfoVisitor.java:65)
	at jadx.core.dex.nodes.RootNode.runPreDecompileStage(RootNode.java:356)
	at jadx.api.JadxDecompiler.load(JadxDecompiler.java:136)
	at jadx.cli.JadxCLI.runSave(JadxCLI.java:71)
	at jadx.cli.JadxCLI.execute(JadxCLI.java:44)
	at jadx.cli.JadxCLI.execute(JadxCLI.java:33)
	at jadx.cli.JadxCLI.main(JadxCLI.java:26)
ERROR - Dependency scan failed at insn: 0x0004: INVOKE_VIRTUAL_RANGE r1, r2, r3, r4, r5, r6, r7, r8, r9, r10, r11, r12, r13, r14, r15, r16, r17, r18, r19, r20, r21, r22, r23, r24, r25, r26, r27, r28, r29, r30, r31, r32, r33, r34, r35, r36, r37, r38, r39, r40, r41, r42, r43, r44, r45, r46, r47, r48, r49, r50, r51, r52, r53, r54, r55, r56, r57, r58, r59, r60, r61, r62, r63, r64, r65, r66, r67, r68, r69, r70, r71, r72, r73, r74, r75, r76, r77, r78, r79, r80, r81, r82, r83, r84, r85, r86 in method: com.shadow.kotlin.Result.box-impl(java.lang.Object):com.shadow.kotlin.Result, file: /workspace/xh/fixp_148608.dex
java.lang.IllegalArgumentException: newPosition > limit: (1953063777 > 3323492)
	at java.base/java.nio.Buffer.createPositionException(Buffer.java:351)
	at java.base/java.nio.Buffer.position(Buffer.java:326)
	at java.base/java.nio.ByteBuffer.position(ByteBuffer.java:1561)
	at jadx.plugins.input.dex.sections.SectionReader.absPos(SectionReader.java:82)
	at jadx.plugins.input.dex.sections.SectionReader.readTypeListAt(SectionReader.java:141)
	at jadx.plugins.input.dex.sections.SectionReader.loadMethodRef(SectionReader.java:269)
	at jadx.plugins.input.dex.sections.DexMethodRef.load(DexMethodRef.java:28)
	at jadx.core.dex.info.MethodInfo.fromRef(MethodInfo.java:47)
	at jadx.core.dex.visitors.usage.UsageInfoVisitor.processInsn(UsageInfoVisitor.java:165)
	at jadx.core.dex.visitors.usage.UsageInfoVisitor.lambda$processInstructions$0(UsageInfoVisitor.java:130)
	at jadx.plugins.input.dex.sections.DexCodeReader.visitInstructions(DexCodeReader.java:86)
	at jadx.core.dex.visitors.usage.UsageInfoVisitor.processInstructions(UsageInfoVisitor.java:128)
	at jadx.core.dex.visitors.usage.UsageInfoVisitor.processMethod(UsageInfoVisitor.java:113)
	at jadx.core.dex.visitors.usage.UsageInfoVisitor.processClass(UsageInfoVisitor.java:101)
	at jadx.core.dex.visitors.usage.UsageInfoVisitor.buildUsageData(UsageInfoVisitor.java:81)
	at jadx.core.dex.visitors.usage.UsageInfoVisitor.init(UsageInfoVisitor.java:65)
	at jadx.core.dex.nodes.RootNode.runPreDecompileStage(RootNode.java:356)
	at jadx.api.JadxDecompiler.load(JadxDecompiler.java:136)
	at jadx.cli.JadxCLI.runSave(JadxCLI.java:71)
	at jadx.cli.JadxCLI.execute(JadxCLI.java:44)
	at jadx.cli.JadxCLI.execute(JadxCLI.java:33)
	at jadx.cli.JadxCLI.main(JadxCLI.java:26)
ERROR - Dependency scan failed at insn: 0x0003: SGET r139 in method: com.shadow.kotlin.Result.equals-impl(java.lang.Object, java.lang.Object):boolean, file: /workspace/xh/fixp_148608.dex
java.lang.IllegalArgumentException: newPosition < 0: (-1717971592 < 0)
	at java.base/java.nio.Buffer.createPositionException(Buffer.java:351)
	at java.base/java.nio.Buffer.position(Buffer.java:326)
	at java.base/java.nio.ByteBuffer.position(ByteBuffer.java:1561)
	at jadx.plugins.input.dex.sections.SectionReader.absPos(SectionReader.java:82)
	at jadx.plugins.input.dex.sections.SectionReader.getString(SectionReader.java:175)
	at jadx.plugins.input.dex.sections.SectionReader.fillFieldData(SectionReader.java:195)
	at jadx.plugins.input.dex.sections.SectionReader.getFieldRef(SectionReader.java:183)
	at jadx.plugins.input.dex.insns.DexInsnData.getIndexAsField(DexInsnData.java:131)
	at jadx.core.dex.visitors.usage.UsageInfoVisitor.processInsn(UsageInfoVisitor.java:150)
	at jadx.core.dex.visitors.usage.UsageInfoVisitor.lambda$processInstructions$0(UsageInfoVisitor.java:130)
	at jadx.plugins.input.dex.sections.DexCodeReader.visitInstructions(DexCodeReader.java:86)
	at jadx.core.dex.visitors.usage.UsageInfoVisitor.processInstructions(UsageInfoVisitor.java:128)
	at jadx.core.dex.visitors.usage.UsageInfoVisitor.processMethod(UsageInfoVisitor.java:113)
	at jadx.core.dex.visitors.usage.UsageInfoVisitor.processClass(UsageInfoVisitor.java:101)
	at jadx.core.dex.visitors.usage.UsageInfoVisitor.buildUsageData(UsageInfoVisitor.java:81)
	at jadx.core.dex.visitors.usage.UsageInfoVisitor.init(UsageInfoVisitor.java:65)
	at jadx.core.dex.nodes.RootNode.runPreDecompileStage(RootNode.java:356)
	at jadx.api.JadxDecompiler.load(JadxDecompiler.java:136)
	at jadx.cli.JadxCLI.runSave(JadxCLI.java:71)
	at jadx.cli.JadxCLI.execute(JadxCLI.java:44)
	at jadx.cli.JadxCLI.execute(JadxCLI.java:33)
	at jadx.cli.JadxCLI.main(JadxCLI.java:26)
ERROR - Dependency scan failed at insn: 0x0006: CHECK_CAST r207 in method: com.shadow.kotlin.Result.equals-impl(java.lang.Object, java.lang.Object):boolean, file: /workspace/xh/fixp_148608.dex
jadx.core.utils.exceptions.JadxRuntimeException: Failed to parse type string: 
	at jadx.core.dex.instructions.args.ArgType.parse(ArgType.java:738)
	at jadx.core.dex.visitors.usage.UsageInfoVisitor.processInsn(UsageInfoVisitor.java:144)
	at jadx.core.dex.visitors.usage.UsageInfoVisitor.lambda$processInstructions$0(UsageInfoVisitor.java:130)
	at jadx.plugins.input.dex.sections.DexCodeReader.visitInstructions(DexCodeReader.java:86)
	at jadx.core.dex.visitors.usage.UsageInfoVisitor.processInstructions(UsageInfoVisitor.java:128)
	at jadx.core.dex.visitors.usage.UsageInfoVisitor.processMethod(UsageInfoVisitor.java:113)
	at jadx.core.dex.visitors.usage.UsageInfoVisitor.processClass(UsageInfoVisitor.java:101)
	at jadx.core.dex.visitors.usage.UsageInfoVisitor.buildUsageData(UsageInfoVisitor.java:81)
	at jadx.core.dex.visitors.usage.UsageInfoVisitor.init(UsageInfoVisitor.java:65)
	at jadx.core.dex.nodes.RootNode.runPreDecompileStage(RootNode.java:356)
	at jadx.api.JadxDecompiler.load(JadxDecompiler.java:136)
	at jadx.cli.JadxCLI.runSave(JadxCLI.java:71)
	at jadx.cli.JadxCLI.execute(JadxCLI.java:44)
	at jadx.cli.JadxCLI.execute(JadxCLI.java:33)
	at jadx.cli.JadxCLI.main(JadxCLI.java:26)
ERROR - Dependency scan failed in method: com.shadow.kotlin.Result.equals-impl(java.lang.Object, java.lang.Object):boolean, file: /workspace/xh/fixp_148608.dex
java.lang.ArrayIndexOutOfBoundsException: Index 5 out of bounds for length 5
	at jadx.plugins.input.dex.insns.DexInsnData.toString(DexInsnData.java:251)
	at java.base/java.lang.String.valueOf(String.java:4530)
	at jadx.core.dex.visitors.usage.UsageInfoVisitor.lambda$processInstructions$0(UsageInfoVisitor.java:132)
	at jadx.plugins.input.dex.sections.DexCodeReader.visitInstructions(DexCodeReader.java:86)
	at jadx.core.dex.visitors.usage.UsageInfoVisitor.processInstructions(UsageInfoVisitor.java:128)
	at jadx.core.dex.visitors.usage.UsageInfoVisitor.processMethod(UsageInfoVisitor.java:113)
	at jadx.core.dex.visitors.usage.UsageInfoVisitor.processClass(UsageInfoVisitor.java:101)
	at jadx.core.dex.visitors.usage.UsageInfoVisitor.buildUsageData(UsageInfoVisitor.java:81)
	at jadx.core.dex.visitors.usage.UsageInfoVisitor.init(UsageInfoVisitor.java:65)
	at jadx.core.dex.nodes.RootNode.runPreDecompileStage(RootNode.java:356)
	at jadx.api.JadxDecompiler.load(JadxDecompiler.java:136)
	at jadx.cli.JadxCLI.runSave(JadxCLI.java:71)
	at jadx.cli.JadxCLI.execute(JadxCLI.java:44)
	at jadx.cli.JadxCLI.execute(JadxCLI.java:33)
	at jadx.cli.JadxCLI.main(JadxCLI.java:26)
ERROR - Dependency scan failed in method: com.shadow.kotlin.Result.hashCode-impl(java.lang.Object):int, file: /workspace/xh/fixp_148608.dex
java.lang.ArrayIndexOutOfBoundsException: Index 5 out of bounds for length 5
	at jadx.plugins.input.dex.insns.DexInsnData.toString(DexInsnData.java:251)
	at java.base/java.lang.String.valueOf(String.java:4530)
	at jadx.core.dex.visitors.usage.UsageInfoVisitor.lambda$processInstructions$0(UsageInfoVisitor.java:132)
	at jadx.plugins.input.dex.sections.DexCodeReader.visitInstructions(DexCodeReader.java:86)
	at jadx.core.dex.visitors.usage.UsageInfoVisitor.processInstructions(UsageInfoVisitor.java:128)
	at jadx.core.dex.visitors.usage.UsageInfoVisitor.processMethod(UsageInfoVisitor.java:113)
	at jadx.core.dex.visitors.usage.UsageInfoVisitor.processClass(UsageInfoVisitor.java:101)
	at jadx.core.dex.visitors.usage.UsageInfoVisitor.buildUsageData(UsageInfoVisitor.java:81)
	at jadx.core.dex.visitors.usage.UsageInfoVisitor.init(UsageInfoVisitor.java:65)
	at jadx.core.dex.nodes.RootNode.runPreDecompileStage(RootNode.java:356)
	at jadx.api.JadxDecompiler.load(JadxDecompiler.java:136)
	at jadx.cli.JadxCLI.runSave(JadxCLI.java:71)
	at jadx.cli.JadxCLI.execute(JadxCLI.java:44)
	at jadx.cli.JadxCLI.execute(JadxCLI.java:33)
	at jadx.cli.JadxCLI.main(JadxCLI.java:26)
ERROR - Dependency scan failed at insn: 0x0003: SGET r129 in method: com.shadow.kotlin.Result.isSuccess-impl(java.lang.Object):boolean, file: /workspace/xh/fixp_148608.dex
java.lang.IllegalArgumentException: newPosition > limit: (467407276 > 3323492)
	at java.base/java.nio.Buffer.createPositionException(Buffer.java:351)
	at java.base/java.nio.Buffer.position(Buffer.java:326)
	at java.base/java.nio.ByteBuffer.position(ByteBuffer.java:1561)
	at jadx.plugins.input.dex.sections.SectionReader.absPos(SectionReader.java:82)
	at jadx.plugins.input.dex.sections.SectionReader.getString(SectionReader.java:175)
	at jadx.plugins.input.dex.sections.SectionReader.getType(SectionReader.java:165)
	at jadx.plugins.input.dex.sections.SectionReader.fillFieldData(SectionReader.java:194)
	at jadx.plugins.input.dex.sections.SectionReader.getFieldRef(SectionReader.java:183)
	at jadx.plugins.input.dex.insns.DexInsnData.getIndexAsField(DexInsnData.java:131)
	at jadx.core.dex.visitors.usage.UsageInfoVisitor.processInsn(UsageInfoVisitor.java:150)
	at jadx.core.dex.visitors.usage.UsageInfoVisitor.lambda$processInstructions$0(UsageInfoVisitor.java:130)
	at jadx.plugins.input.dex.sections.DexCodeReader.visitInstructions(DexCodeReader.java:86)
	at jadx.core.dex.visitors.usage.UsageInfoVisitor.processInstructions(UsageInfoVisitor.java:128)
	at jadx.core.dex.visitors.usage.UsageInfoVisitor.processMethod(UsageInfoVisitor.java:113)
	at jadx.core.dex.visitors.usage.UsageInfoVisitor.processClass(UsageInfoVisitor.java:101)
	at jadx.core.dex.visitors.usage.UsageInfoVisitor.buildUsageData(UsageInfoVisitor.java:81)
	at jadx.core.dex.visitors.usage.UsageInfoVisitor.init(UsageInfoVisitor.java:65)
	at jadx.core.dex.nodes.RootNode.runPreDecompileStage(RootNode.java:356)
	at jadx.api.JadxDecompiler.load(JadxDecompiler.java:136)
	at jadx.cli.JadxCLI.runSave(JadxCLI.java:71)
	at jadx.cli.JadxCLI.execute(JadxCLI.java:44)
	at jadx.cli.JadxCLI.execute(JadxCLI.java:33)
	at jadx.cli.JadxCLI.main(JadxCLI.java:26)
ERROR - Dependency scan failed at insn: 0x0000: SPUT r95 in method: com.shadow.kotlin.Result.toString-impl(java.lang.Object):java.lang.String, file: /workspace/xh/fixp_148608.dex
java.lang.IllegalArgumentException: newPosition > limit: (13105496 > 3323492)
	at java.base/java.nio.Buffer.createPositionException(Buffer.java:351)
	at java.base/java.nio.Buffer.position(Buffer.java:326)
	at java.base/java.nio.ByteBuffer.position(ByteBuffer.java:1561)
	at jadx.plugins.input.dex.sections.SectionReader.absPos(SectionReader.java:82)
	at jadx.plugins.input.dex.sections.SectionReader.getString(SectionReader.java:175)
	at jadx.plugins.input.dex.sections.SectionReader.getType(SectionReader.java:165)
	at jadx.plugins.input.dex.sections.SectionReader.fillFieldData(SectionReader.java:194)
	at jadx.plugins.input.dex.sections.SectionReader.getFieldRef(SectionReader.java:183)
	at jadx.plugins.input.dex.insns.DexInsnData.getIndexAsField(DexInsnData.java:131)
	at jadx.core.dex.visitors.usage.UsageInfoVisitor.processInsn(UsageInfoVisitor.java:150)
	at jadx.core.dex.visitors.usage.UsageInfoVisitor.lambda$processInstructions$0(UsageInfoVisitor.java:130)
	at jadx.plugins.input.dex.sections.DexCodeReader.visitInstructions(DexCodeReader.java:86)
	at jadx.core.dex.visitors.usage.UsageInfoVisitor.processInstructions(UsageInfoVisitor.java:128)
	at jadx.core.dex.visitors.usage.UsageInfoVisitor.processMethod(UsageInfoVisitor.java:113)
	at jadx.core.dex.visitors.usage.UsageInfoVisitor.processClass(UsageInfoVisitor.java:101)
	at jadx.core.dex.visitors.usage.UsageInfoVisitor.buildUsageData(UsageInfoVisitor.java:81)
	at jadx.core.dex.visitors.usage.UsageInfoVisitor.init(UsageInfoVisitor.java:65)
	at jadx.core.dex.nodes.RootNode.runPreDecompileStage(RootNode.java:356)
	at jadx.api.JadxDecompiler.load(JadxDecompiler.java:136)
	at jadx.cli.JadxCLI.runSave(JadxCLI.java:71)
	at jadx.cli.JadxCLI.execute(JadxCLI.java:44)
	at jadx.cli.JadxCLI.execute(JadxCLI.java:33)
	at jadx.cli.JadxCLI.main(JadxCLI.java:26)
ERROR - Dependency scan failed at insn: 0x0002: CONST_CLASS r135 in method: com.shadow.kotlin.Result.toString-impl(java.lang.Object):java.lang.String, file: /workspace/xh/fixp_148608.dex
java.lang.IllegalArgumentException: newPosition > limit: (125568920 > 3323492)
	at java.base/java.nio.Buffer.createPositionException(Buffer.java:351)
	at java.base/java.nio.Buffer.position(Buffer.java:326)
	at java.base/java.nio.ByteBuffer.position(ByteBuffer.java:1561)
	at jadx.plugins.input.dex.sections.SectionReader.absPos(SectionReader.java:82)
	at jadx.plugins.input.dex.sections.SectionReader.getString(SectionReader.java:175)
	at jadx.plugins.input.dex.sections.SectionReader.getType(SectionReader.java:165)
	at jadx.plugins.input.dex.insns.DexInsnData.getIndexAsType(DexInsnData.java:126)
	at jadx.core.dex.visitors.usage.UsageInfoVisitor.processInsn(UsageInfoVisitor.java:144)
	at jadx.core.dex.visitors.usage.UsageInfoVisitor.lambda$processInstructions$0(UsageInfoVisitor.java:130)
	at jadx.plugins.input.dex.sections.DexCodeReader.visitInstructions(DexCodeReader.java:86)
	at jadx.core.dex.visitors.usage.UsageInfoVisitor.processInstructions(UsageInfoVisitor.java:128)
	at jadx.core.dex.visitors.usage.UsageInfoVisitor.processMethod(UsageInfoVisitor.java:113)
	at jadx.core.dex.visitors.usage.UsageInfoVisitor.processClass(UsageInfoVisitor.java:101)
	at jadx.core.dex.visitors.usage.UsageInfoVisitor.buildUsageData(UsageInfoVisitor.java:81)
	at jadx.core.dex.visitors.usage.UsageInfoVisitor.init(UsageInfoVisitor.java:65)
	at jadx.core.dex.nodes.RootNode.runPreDecompileStage(RootNode.java:356)
	at jadx.api.JadxDecompiler.load(JadxDecompiler.java:136)
	at jadx.cli.JadxCLI.runSave(JadxCLI.java:71)
	at jadx.cli.JadxCLI.execute(JadxCLI.java:44)
	at jadx.cli.JadxCLI.execute(JadxCLI.java:33)
	at jadx.cli.JadxCLI.main(JadxCLI.java:26)
ERROR - Dependency scan failed at insn: 0x0004: SPUT r133 in method: com.shadow.kotlin.Result.toString-impl(java.lang.Object):java.lang.String, file: /workspace/xh/fixp_148608.dex
java.lang.IllegalArgumentException: newPosition > limit: (389548180 > 3323492)
	at java.base/java.nio.Buffer.createPositionException(Buffer.java:351)
	at java.base/java.nio.Buffer.position(Buffer.java:326)
	at java.base/java.nio.ByteBuffer.position(ByteBuffer.java:1561)
	at jadx.plugins.input.dex.sections.SectionReader.absPos(SectionReader.java:82)
	at jadx.plugins.input.dex.sections.SectionReader.getString(SectionReader.java:175)
	at jadx.plugins.input.dex.sections.SectionReader.getType(SectionReader.java:165)
	at jadx.plugins.input.dex.sections.SectionReader.fillFieldData(SectionReader.java:194)
	at jadx.plugins.input.dex.sections.SectionReader.getFieldRef(SectionReader.java:183)
	at jadx.plugins.input.dex.insns.DexInsnData.getIndexAsField(DexInsnData.java:131)
	at jadx.core.dex.visitors.usage.UsageInfoVisitor.processInsn(UsageInfoVisitor.java:150)
	at jadx.core.dex.visitors.usage.UsageInfoVisitor.lambda$processInstructions$0(UsageInfoVisitor.java:130)
	at jadx.plugins.input.dex.sections.DexCodeReader.visitInstructions(DexCodeReader.java:86)
	at jadx.core.dex.visitors.usage.UsageInfoVisitor.processInstructions(UsageInfoVisitor.java:128)
	at jadx.core.dex.visitors.usage.UsageInfoVisitor.processMethod(UsageInfoVisitor.java:113)
	at jadx.core.dex.visitors.usage.UsageInfoVisitor.processClass(UsageInfoVisitor.java:101)
	at jadx.core.dex.visitors.usage.UsageInfoVisitor.buildUsageData(UsageInfoVisitor.java:81)
	at jadx.core.dex.visitors.usage.UsageInfoVisitor.init(UsageInfoVisitor.java:65)
	at jadx.core.dex.nodes.RootNode.runPreDecompileStage(RootNode.java:356)
	at jadx.api.JadxDecompiler.load(JadxDecompiler.java:136)
	at jadx.cli.JadxCLI.runSave(JadxCLI.java:71)
	at jadx.cli.JadxCLI.execute(JadxCLI.java:44)
	at jadx.cli.JadxCLI.execute(JadxCLI.java:33)
	at jadx.cli.JadxCLI.main(JadxCLI.java:26)
ERROR - Dependency scan failed at insn: 0x0009: SPUT r232 in method: com.shadow.kotlin.Result.toString-impl(java.lang.Object):java.lang.String, file: /workspace/xh/fixp_148608.dex
java.lang.IllegalArgumentException: newPosition < 0: (-174225004 < 0)
	at java.base/java.nio.Buffer.createPositionException(Buffer.java:351)
	at java.base/java.nio.Buffer.position(Buffer.java:326)
	at java.base/java.nio.ByteBuffer.position(ByteBuffer.java:1561)
	at jadx.plugins.input.dex.sections.SectionReader.absPos(SectionReader.java:82)
	at jadx.plugins.input.dex.sections.SectionReader.getString(SectionReader.java:175)
	at jadx.plugins.input.dex.sections.SectionReader.fillFieldData(SectionReader.java:195)
	at jadx.plugins.input.dex.sections.SectionReader.getFieldRef(SectionReader.java:183)
	at jadx.plugins.input.dex.insns.DexInsnData.getIndexAsField(DexInsnData.java:131)
	at jadx.core.dex.visitors.usage.UsageInfoVisitor.processInsn(UsageInfoVisitor.java:150)
	at jadx.core.dex.visitors.usage.UsageInfoVisitor.lambda$processInstructions$0(UsageInfoVisitor.java:130)
	at jadx.plugins.input.dex.sections.DexCodeReader.visitInstructions(DexCodeReader.java:86)
	at jadx.core.dex.visitors.usage.UsageInfoVisitor.processInstructions(UsageInfoVisitor.java:128)
	at jadx.core.dex.visitors.usage.UsageInfoVisitor.processMethod(UsageInfoVisitor.java:113)
	at jadx.core.dex.visitors.usage.UsageInfoVisitor.processClass(UsageInfoVisitor.java:101)
	at jadx.core.dex.visitors.usage.UsageInfoVisitor.buildUsageData(UsageInfoVisitor.java:81)
	at jadx.core.dex.visitors.usage.UsageInfoVisitor.init(UsageInfoVisitor.java:65)
	at jadx.core.dex.nodes.RootNode.runPreDecompileStage(RootNode.java:356)
	at jadx.api.JadxDecompiler.load(JadxDecompiler.java:136)
	at jadx.cli.JadxCLI.runSave(JadxCLI.java:71)
	at jadx.cli.JadxCLI.execute(JadxCLI.java:44)
	at jadx.cli.JadxCLI.execute(JadxCLI.java:33)
	at jadx.cli.JadxCLI.main(JadxCLI.java:26)
ERROR - Dependency scan failed at insn: 0x0019: INVOKE_STATIC_RANGE r26597, r26598, r26599, r26600, r26601, r26602, r26603, r26604, r26605, r26606, r26607, r26608, r26609, r26610, r26611, r26612, r26613, r26614, r26615, r26616, r26617, r26618, r26619, r26620, r26621, r26622, r26623, r26624, r26625, r26626, r26627, r26628, r26629, r26630, r26631, r26632, r26633, r26634, r26635, r26636, r26637, r26638, r26639, r26640, r26641, r26642, r26643, r26644, r26645, r26646, r26647, r26648, r26649, r26650, r26651, r26652, r26653, r26654, r26655, r26656, r26657, r26658, r26659, r26660, r26661, r26662, r26663, r26664, r26665, r26666, r26667, r26668, r26669, r26670, r26671, r26672, r26673, r26674, r26675, r26676, r26677, r26678, r26679, r26680, r26681, r26682, r26683, r26684, r26685, r26686, r26687, r26688, r26689, r26690, r26691, r26692, r26693, r26694, r26695, r26696, r26697, r26698, r26699, r26700, r26701, r26702, r26703, r26704, r26705, r26706, r26707, r26708, r26709, r26710, r26711, r26712, r26713, r26714, r26715, r26716, r26717, r26718, r26719, r26720, r26721, r26722, r26723, r26724, r26725, r26726, r26727, r26728, r26729, r26730, r26731, r26732, r26733, r26734, r26735, r26736, r26737, r26738, r26739, r26740, r26741, r26742, r26743, r26744, r26745, r26746, r26747, r26748, r26749, r26750, r26751, r26752, r26753, r26754 in method: com.shadow.kotlin.Result.toString-impl(java.lang.Object):java.lang.String, file: /workspace/xh/fixp_148608.dex
java.lang.IllegalArgumentException: newPosition > limit: (2033661039 > 3323492)
	at java.base/java.nio.Buffer.createPositionException(Buffer.java:351)
	at java.base/java.nio.Buffer.position(Buffer.java:326)
	at java.base/java.nio.ByteBuffer.position(ByteBuffer.java:1561)
	at jadx.plugins.input.dex.sections.SectionReader.absPos(SectionReader.java:82)
	at jadx.plugins.input.dex.sections.SectionReader.readTypeListAt(SectionReader.java:141)
	at jadx.plugins.input.dex.sections.SectionReader.loadMethodRef(SectionReader.java:269)
	at jadx.plugins.input.dex.sections.DexMethodRef.load(DexMethodRef.java:28)
	at jadx.core.dex.info.MethodInfo.fromRef(MethodInfo.java:47)
	at jadx.core.dex.visitors.usage.UsageInfoVisitor.processInsn(UsageInfoVisitor.java:165)
	at jadx.core.dex.visitors.usage.UsageInfoVisitor.lambda$processInstructions$0(UsageInfoVisitor.java:130)
	at jadx.plugins.input.dex.sections.DexCodeReader.visitInstructions(DexCodeReader.java:86)
	at jadx.core.dex.visitors.usage.UsageInfoVisitor.processInstructions(UsageInfoVisitor.java:128)
	at jadx.core.dex.visitors.usage.UsageInfoVisitor.processMethod(UsageInfoVisitor.java:113)
	at jadx.core.dex.visitors.usage.UsageInfoVisitor.processClass(UsageInfoVisitor.java:101)
	at jadx.core.dex.visitors.usage.UsageInfoVisitor.buildUsageData(UsageInfoVisitor.java:81)
	at jadx.core.dex.visitors.usage.UsageInfoVisitor.init(UsageInfoVisitor.java:65)
	at jadx.core.dex.nodes.RootNode.runPreDecompileStage(RootNode.java:356)
	at jadx.api.JadxDecompiler.load(JadxDecompiler.java:136)
	at jadx.cli.JadxCLI.runSave(JadxCLI.java:71)
	at jadx.cli.JadxCLI.execute(JadxCLI.java:44)
	at jadx.cli.JadxCLI.execute(JadxCLI.java:33)
	at jadx.cli.JadxCLI.main(JadxCLI.java:26)
ERROR - Dependency scan failed at insn: 0x0002: IPUT r0, r9 in method: com.shadow.kotlin.Result.equals(java.lang.Object):boolean, file: /workspace/xh/fixp_148608.dex
java.lang.IllegalArgumentException: newPosition > limit: (2099053984 > 3323492)
	at java.base/java.nio.Buffer.createPositionException(Buffer.java:351)
	at java.base/java.nio.Buffer.position(Buffer.java:326)
	at java.base/java.nio.ByteBuffer.position(ByteBuffer.java:1561)
	at jadx.plugins.input.dex.sections.SectionReader.absPos(SectionReader.java:82)
	at jadx.plugins.input.dex.sections.SectionReader.getString(SectionReader.java:175)
	at jadx.plugins.input.dex.sections.SectionReader.fillFieldData(SectionReader.java:195)
	at jadx.plugins.input.dex.sections.SectionReader.getFieldRef(SectionReader.java:183)
	at jadx.plugins.input.dex.insns.DexInsnData.getIndexAsField(DexInsnData.java:131)
	at jadx.core.dex.visitors.usage.UsageInfoVisitor.processInsn(UsageInfoVisitor.java:150)
	at jadx.core.dex.visitors.usage.UsageInfoVisitor.lambda$processInstructions$0(UsageInfoVisitor.java:130)
	at jadx.plugins.input.dex.sections.DexCodeReader.visitInstructions(DexCodeReader.java:86)
	at jadx.core.dex.visitors.usage.UsageInfoVisitor.processInstructions(UsageInfoVisitor.java:128)
	at jadx.core.dex.visitors.usage.UsageInfoVisitor.processMethod(UsageInfoVisitor.java:113)
	at jadx.core.dex.visitors.usage.UsageInfoVisitor.processClass(UsageInfoVisitor.java:101)
	at jadx.core.dex.visitors.usage.UsageInfoVisitor.buildUsageData(UsageInfoVisitor.java:81)
	at jadx.core.dex.visitors.usage.UsageInfoVisitor.init(UsageInfoVisitor.java:65)
	at jadx.core.dex.nodes.RootNode.runPreDecompileStage(RootNode.java:356)
	at jadx.api.JadxDecompiler.load(JadxDecompiler.java:136)
	at jadx.cli.JadxCLI.runSave(JadxCLI.java:71)
	at jadx.cli.JadxCLI.execute(JadxCLI.java:44)
	at jadx.cli.JadxCLI.execute(JadxCLI.java:33)
	at jadx.cli.JadxCLI.main(JadxCLI.java:26)
ERROR - Dependency scan failed at insn: 0x0001: IPUT r2, r15 in method: com.shadow.kotlin.Result.hashCode():int, file: /workspace/xh/fixp_148608.dex
java.lang.IllegalArgumentException: newPosition < 0: (-1785869820 < 0)
	at java.base/java.nio.Buffer.createPositionException(Buffer.java:351)
	at java.base/java.nio.Buffer.position(Buffer.java:326)
	at java.base/java.nio.ByteBuffer.position(ByteBuffer.java:1561)
	at jadx.plugins.input.dex.sections.SectionReader.absPos(SectionReader.java:82)
	at jadx.plugins.input.dex.sections.SectionReader.getString(SectionReader.java:175)
	at jadx.plugins.input.dex.sections.SectionReader.fillFieldData(SectionReader.java:195)
	at jadx.plugins.input.dex.sections.SectionReader.getFieldRef(SectionReader.java:183)
	at jadx.plugins.input.dex.insns.DexInsnData.getIndexAsField(DexInsnData.java:131)
	at jadx.core.dex.visitors.usage.UsageInfoVisitor.processInsn(UsageInfoVisitor.java:150)
	at jadx.core.dex.visitors.usage.UsageInfoVisitor.lambda$processInstructions$0(UsageInfoVisitor.java:130)
	at jadx.plugins.input.dex.sections.DexCodeReader.visitInstructions(DexCodeReader.java:86)
	at jadx.core.dex.visitors.usage.UsageInfoVisitor.processInstructions(UsageInfoVisitor.java:128)
	at jadx.core.dex.visitors.usage.UsageInfoVisitor.processMethod(UsageInfoVisitor.java:113)
	at jadx.core.dex.visitors.usage.UsageInfoVisitor.processClass(UsageInfoVisitor.java:101)
	at jadx.core.dex.visitors.usage.UsageInfoVisitor.buildUsageData(UsageInfoVisitor.java:81)
	at jadx.core.dex.visitors.usage.UsageInfoVisitor.init(UsageInfoVisitor.java:65)
	at jadx.core.dex.nodes.RootNode.runPreDecompileStage(RootNode.java:356)
	at jadx.api.JadxDecompiler.load(JadxDecompiler.java:136)
	at jadx.cli.JadxCLI.runSave(JadxCLI.java:71)
	at jadx.cli.JadxCLI.execute(JadxCLI.java:44)
	at jadx.cli.JadxCLI.execute(JadxCLI.java:33)
	at jadx.cli.JadxCLI.main(JadxCLI.java:26)
ERROR - Dependency scan failed at insn: 0x0004: SGET r5 in method: com.shadow.kotlin.Result.hashCode():int, file: /workspace/xh/fixp_148608.dex
java.lang.IllegalArgumentException: newPosition < 0: (-920560228 < 0)
	at java.base/java.nio.Buffer.createPositionException(Buffer.java:351)
	at java.base/java.nio.Buffer.position(Buffer.java:326)
	at java.base/java.nio.ByteBuffer.position(ByteBuffer.java:1561)
	at jadx.plugins.input.dex.sections.SectionReader.absPos(SectionReader.java:82)
	at jadx.plugins.input.dex.sections.SectionReader.getString(SectionReader.java:175)
	at jadx.plugins.input.dex.sections.SectionReader.fillFieldData(SectionReader.java:195)
	at jadx.plugins.input.dex.sections.SectionReader.getFieldRef(SectionReader.java:183)
	at jadx.plugins.input.dex.insns.DexInsnData.getIndexAsField(DexInsnData.java:131)
	at jadx.core.dex.visitors.usage.UsageInfoVisitor.processInsn(UsageInfoVisitor.java:150)
	at jadx.core.dex.visitors.usage.UsageInfoVisitor.lambda$processInstructions$0(UsageInfoVisitor.java:130)
	at jadx.plugins.input.dex.sections.DexCodeReader.visitInstructions(DexCodeReader.java:86)
	at jadx.core.dex.visitors.usage.UsageInfoVisitor.processInstructions(UsageInfoVisitor.java:128)
	at jadx.core.dex.visitors.usage.UsageInfoVisitor.processMethod(UsageInfoVisitor.java:113)
	at jadx.core.dex.visitors.usage.UsageInfoVisitor.processClass(UsageInfoVisitor.java:101)
	at jadx.core.dex.visitors.usage.UsageInfoVisitor.buildUsageData(UsageInfoVisitor.java:81)
	at jadx.core.dex.visitors.usage.UsageInfoVisitor.init(UsageInfoVisitor.java:65)
	at jadx.core.dex.nodes.RootNode.runPreDecompileStage(RootNode.java:356)
	at jadx.api.JadxDecompiler.load(JadxDecompiler.java:136)
	at jadx.cli.JadxCLI.runSave(JadxCLI.java:71)
	at jadx.cli.JadxCLI.execute(JadxCLI.java:44)
	at jadx.cli.JadxCLI.execute(JadxCLI.java:33)
	at jadx.cli.JadxCLI.main(JadxCLI.java:26)
ERROR - Dependency scan failed at insn: 0x0000: SGET r165 in method: com.shadow.kotlin.Result.unbox-impl():java.lang.Object, file: /workspace/xh/fixp_148608.dex
java.lang.IllegalArgumentException: newPosition < 0: (-917927416 < 0)
	at java.base/java.nio.Buffer.createPositionException(Buffer.java:351)
	at java.base/java.nio.Buffer.position(Buffer.java:326)
	at java.base/java.nio.ByteBuffer.position(ByteBuffer.java:1561)
	at jadx.plugins.input.dex.sections.SectionReader.absPos(SectionReader.java:82)
	at jadx.plugins.input.dex.sections.SectionReader.getString(SectionReader.java:175)
	at jadx.plugins.input.dex.sections.SectionReader.getType(SectionReader.java:165)
	at jadx.plugins.input.dex.sections.SectionReader.fillFieldData(SectionReader.java:194)
	at jadx.plugins.input.dex.sections.SectionReader.getFieldRef(SectionReader.java:183)
	at jadx.plugins.input.dex.insns.DexInsnData.getIndexAsField(DexInsnData.java:131)
	at jadx.core.dex.visitors.usage.UsageInfoVisitor.processInsn(UsageInfoVisitor.java:150)
	at jadx.core.dex.visitors.usage.UsageInfoVisitor.lambda$processInstructions$0(UsageInfoVisitor.java:130)
	at jadx.plugins.input.dex.sections.DexCodeReader.visitInstructions(DexCodeReader.java:86)
	at jadx.core.dex.visitors.usage.UsageInfoVisitor.processInstructions(UsageInfoVisitor.java:128)
	at jadx.core.dex.visitors.usage.UsageInfoVisitor.processMethod(UsageInfoVisitor.java:113)
	at jadx.core.dex.visitors.usage.UsageInfoVisitor.processClass(UsageInfoVisitor.java:101)
	at jadx.core.dex.visitors.usage.UsageInfoVisitor.buildUsageData(UsageInfoVisitor.java:81)
	at jadx.core.dex.visitors.usage.UsageInfoVisitor.init(UsageInfoVisitor.java:65)
	at jadx.core.dex.nodes.RootNode.runPreDecompileStage(RootNode.java:356)
	at jadx.api.JadxDecompiler.load(JadxDecompiler.java:136)
	at jadx.cli.JadxCLI.runSave(JadxCLI.java:71)
	at jadx.cli.JadxCLI.execute(JadxCLI.java:44)
	at jadx.cli.JadxCLI.execute(JadxCLI.java:33)
	at jadx.cli.JadxCLI.main(JadxCLI.java:26)
ERROR - Dependency scan failed at insn: 0x0001: IPUT r5, r3 in method: com.shadow.kotlin.Result.Failure.toString():java.lang.String, file: /workspace/xh/fixp_148608.dex
java.lang.IllegalArgumentException: newPosition > limit: (1225529456 > 3323492)
	at java.base/java.nio.Buffer.createPositionException(Buffer.java:351)
	at java.base/java.nio.Buffer.position(Buffer.java:326)
	at java.base/java.nio.ByteBuffer.position(ByteBuffer.java:1561)
	at jadx.plugins.input.dex.sections.SectionReader.absPos(SectionReader.java:82)
	at jadx.plugins.input.dex.sections.SectionReader.getString(SectionReader.java:175)
	at jadx.plugins.input.dex.sections.SectionReader.getType(SectionReader.java:165)
	at jadx.plugins.input.dex.sections.SectionReader.fillFieldData(SectionReader.java:194)
	at jadx.plugins.input.dex.sections.SectionReader.getFieldRef(SectionReader.java:183)
	at jadx.plugins.input.dex.insns.DexInsnData.getIndexAsField(DexInsnData.java:131)
	at jadx.core.dex.visitors.usage.UsageInfoVisitor.processInsn(UsageInfoVisitor.java:150)
	at jadx.core.dex.visitors.usage.UsageInfoVisitor.lambda$processInstructions$0(UsageInfoVisitor.java:130)
	at jadx.plugins.input.dex.sections.DexCodeReader.visitInstructions(DexCodeReader.java:86)
	at jadx.core.dex.visitors.usage.UsageInfoVisitor.processInstructions(UsageInfoVisitor.java:128)
	at jadx.core.dex.visitors.usage.UsageInfoVisitor.processMethod(UsageInfoVisitor.java:113)
	at jadx.core.dex.visitors.usage.UsageInfoVisitor.processClass(UsageInfoVisitor.java:101)
	at jadx.core.dex.visitors.usage.UsageInfoVisitor.buildUsageData(UsageInfoVisitor.java:81)
	at jadx.core.dex.visitors.usage.UsageInfoVisitor.init(UsageInfoVisitor.java:65)
	at jadx.core.dex.nodes.RootNode.runPreDecompileStage(RootNode.java:356)
	at jadx.api.JadxDecompiler.load(JadxDecompiler.java:136)
	at jadx.cli.JadxCLI.runSave(JadxCLI.java:71)
	at jadx.cli.JadxCLI.execute(JadxCLI.java:44)
	at jadx.cli.JadxCLI.execute(JadxCLI.java:33)
	at jadx.cli.JadxCLI.main(JadxCLI.java:26)
ERROR - Dependency scan failed at insn: 0x0004: IPUT r10, r7 in method: com.shadow.kotlin.Result.Failure.toString():java.lang.String, file: /workspace/xh/fixp_148608.dex
java.lang.IllegalArgumentException: newPosition > limit: (553651748 > 3323492)
	at java.base/java.nio.Buffer.createPositionException(Buffer.java:351)
	at java.base/java.nio.Buffer.position(Buffer.java:326)
	at java.base/java.nio.ByteBuffer.position(ByteBuffer.java:1561)
	at jadx.plugins.input.dex.sections.SectionReader.absPos(SectionReader.java:82)
	at jadx.plugins.input.dex.sections.SectionReader.getString(SectionReader.java:175)
	at jadx.plugins.input.dex.sections.SectionReader.getType(SectionReader.java:165)
	at jadx.plugins.input.dex.sections.SectionReader.fillFieldData(SectionReader.java:194)
	at jadx.plugins.input.dex.sections.SectionReader.getFieldRef(SectionReader.java:183)
	at jadx.plugins.input.dex.insns.DexInsnData.getIndexAsField(DexInsnData.java:131)
	at jadx.core.dex.visitors.usage.UsageInfoVisitor.processInsn(UsageInfoVisitor.java:150)
	at jadx.core.dex.visitors.usage.UsageInfoVisitor.lambda$processInstructions$0(UsageInfoVisitor.java:130)
	at jadx.plugins.input.dex.sections.DexCodeReader.visitInstructions(DexCodeReader.java:86)
	at jadx.core.dex.visitors.usage.UsageInfoVisitor.processInstructions(UsageInfoVisitor.java:128)
	at jadx.core.dex.visitors.usage.UsageInfoVisitor.processMethod(UsageInfoVisitor.java:113)
	at jadx.core.dex.visitors.usage.UsageInfoVisitor.processClass(UsageInfoVisitor.java:101)
	at jadx.core.dex.visitors.usage.UsageInfoVisitor.buildUsageData(UsageInfoVisitor.java:81)
	at jadx.core.dex.visitors.usage.UsageInfoVisitor.init(UsageInfoVisitor.java:65)
	at jadx.core.dex.nodes.RootNode.runPreDecompileStage(RootNode.java:356)
	at jadx.api.JadxDecompiler.load(JadxDecompiler.java:136)
	at jadx.cli.JadxCLI.runSave(JadxCLI.java:71)
	at jadx.cli.JadxCLI.execute(JadxCLI.java:44)
	at jadx.cli.JadxCLI.execute(JadxCLI.java:33)
	at jadx.cli.JadxCLI.main(JadxCLI.java:26)
ERROR - Dependency scan failed at insn: 0x0014: IPUT r12, r2 in method: com.shadow.kotlin.Result.Failure.toString():java.lang.String, file: /workspace/xh/fixp_148608.dex
java.lang.IllegalArgumentException: newPosition < 0: (-1853519644 < 0)
	at java.base/java.nio.Buffer.createPositionException(Buffer.java:351)
	at java.base/java.nio.Buffer.position(Buffer.java:326)
	at java.base/java.nio.ByteBuffer.position(ByteBuffer.java:1561)
	at jadx.plugins.input.dex.sections.SectionReader.absPos(SectionReader.java:82)
	at jadx.plugins.input.dex.sections.SectionReader.getString(SectionReader.java:175)
	at jadx.plugins.input.dex.sections.SectionReader.fillFieldData(SectionReader.java:195)
	at jadx.plugins.input.dex.sections.SectionReader.getFieldRef(SectionReader.java:183)
	at jadx.plugins.input.dex.insns.DexInsnData.getIndexAsField(DexInsnData.java:131)
	at jadx.core.dex.visitors.usage.UsageInfoVisitor.processInsn(UsageInfoVisitor.java:150)
	at jadx.core.dex.visitors.usage.UsageInfoVisitor.lambda$processInstructions$0(UsageInfoVisitor.java:130)
	at jadx.plugins.input.dex.sections.DexCodeReader.visitInstructions(DexCodeReader.java:86)
	at jadx.core.dex.visitors.usage.UsageInfoVisitor.processInstructions(UsageInfoVisitor.java:128)
	at jadx.core.dex.visitors.usage.UsageInfoVisitor.processMethod(UsageInfoVisitor.java:113)
	at jadx.core.dex.visitors.usage.UsageInfoVisitor.processClass(UsageInfoVisitor.java:101)
	at jadx.core.dex.visitors.usage.UsageInfoVisitor.buildUsageData(UsageInfoVisitor.java:81)
	at jadx.core.dex.visitors.usage.UsageInfoVisitor.init(UsageInfoVisitor.java:65)
	at jadx.core.dex.nodes.RootNode.runPreDecompileStage(RootNode.java:356)
	at jadx.api.JadxDecompiler.load(JadxDecompiler.java:136)
	at jadx.cli.JadxCLI.runSave(JadxCLI.java:71)
	at jadx.cli.JadxCLI.execute(JadxCLI.java:44)
	at jadx.cli.JadxCLI.execute(JadxCLI.java:33)
	at jadx.cli.JadxCLI.main(JadxCLI.java:26)
ERROR - Dependency scan failed at insn: 0x0002: IPUT r3, r7 in method: com.shadow.kotlin.SynchronizedLazyImpl.<init>(kotlin.jvm.functions.Function0<? extends T>, java.lang.Object):void, file: /workspace/xh/fixp_148608.dex
java.lang.IllegalArgumentException: newPosition > limit: (13106888 > 3323492)
	at java.base/java.nio.Buffer.createPositionException(Buffer.java:351)
	at java.base/java.nio.Buffer.position(Buffer.java:326)
	at java.base/java.nio.ByteBuffer.position(ByteBuffer.java:1561)
	at jadx.plugins.input.dex.sections.SectionReader.absPos(SectionReader.java:82)
	at jadx.plugins.input.dex.sections.SectionReader.getString(SectionReader.java:175)
	at jadx.plugins.input.dex.sections.SectionReader.getType(SectionReader.java:165)
	at jadx.plugins.input.dex.sections.SectionReader.fillFieldData(SectionReader.java:194)
	at jadx.plugins.input.dex.sections.SectionReader.getFieldRef(SectionReader.java:183)
	at jadx.plugins.input.dex.insns.DexInsnData.getIndexAsField(DexInsnData.java:131)
	at jadx.core.dex.visitors.usage.UsageInfoVisitor.processInsn(UsageInfoVisitor.java:150)
	at jadx.core.dex.visitors.usage.UsageInfoVisitor.lambda$processInstructions$0(UsageInfoVisitor.java:130)
	at jadx.plugins.input.dex.sections.DexCodeReader.visitInstructions(DexCodeReader.java:86)
	at jadx.core.dex.visitors.usage.UsageInfoVisitor.processInstructions(UsageInfoVisitor.java:128)
	at jadx.core.dex.visitors.usage.UsageInfoVisitor.processMethod(UsageInfoVisitor.java:113)
	at jadx.core.dex.visitors.usage.UsageInfoVisitor.processClass(UsageInfoVisitor.java:101)
	at jadx.core.dex.visitors.usage.UsageInfoVisitor.buildUsageData(UsageInfoVisitor.java:81)
	at jadx.core.dex.visitors.usage.UsageInfoVisitor.init(UsageInfoVisitor.java:65)
	at jadx.core.dex.nodes.RootNode.runPreDecompileStage(RootNode.java:356)
	at jadx.api.JadxDecompiler.load(JadxDecompiler.java:136)
	at jadx.cli.JadxCLI.runSave(JadxCLI.java:71)
	at jadx.cli.JadxCLI.execute(JadxCLI.java:44)
	at jadx.cli.JadxCLI.execute(JadxCLI.java:33)
	at jadx.cli.JadxCLI.main(JadxCLI.java:26)
ERROR - Dependency scan failed at insn: 0x0006: INVOKE_STATIC_RANGE r62681, r62682, r62683, r62684, r62685, r62686, r62687, r62688, r62689 in method: com.shadow.kotlin.SynchronizedLazyImpl.<init>(kotlin.jvm.functions.Function0<? extends T>, java.lang.Object):void, file: /workspace/xh/fixp_148608.dex
java.lang.IllegalArgumentException: newPosition > limit: (1295077584 > 3323492)
	at java.base/java.nio.Buffer.createPositionException(Buffer.java:351)
	at java.base/java.nio.Buffer.position(Buffer.java:326)
	at java.base/java.nio.ByteBuffer.position(ByteBuffer.java:1561)
	at jadx.plugins.input.dex.sections.SectionReader.absPos(SectionReader.java:82)
	at jadx.plugins.input.dex.sections.SectionReader.getString(SectionReader.java:175)
	at jadx.plugins.input.dex.sections.SectionReader.loadMethodRef(SectionReader.java:271)
	at jadx.plugins.input.dex.sections.DexMethodRef.load(DexMethodRef.java:28)
	at jadx.core.dex.info.MethodInfo.fromRef(MethodInfo.java:47)
	at jadx.core.dex.visitors.usage.UsageInfoVisitor.processInsn(UsageInfoVisitor.java:165)
	at jadx.core.dex.visitors.usage.UsageInfoVisitor.lambda$processInstructions$0(UsageInfoVisitor.java:130)
	at jadx.plugins.input.dex.sections.DexCodeReader.visitInstructions(DexCodeReader.java:86)
	at jadx.core.dex.visitors.usage.UsageInfoVisitor.processInstructions(UsageInfoVisitor.java:128)
	at jadx.core.dex.visitors.usage.UsageInfoVisitor.processMethod(UsageInfoVisitor.java:113)
	at jadx.core.dex.visitors.usage.UsageInfoVisitor.processClass(UsageInfoVisitor.java:101)
	at jadx.core.dex.visitors.usage.UsageInfoVisitor.buildUsageData(UsageInfoVisitor.java:81)
	at jadx.core.dex.visitors.usage.UsageInfoVisitor.init(UsageInfoVisitor.java:65)
	at jadx.core.dex.nodes.RootNode.runPreDecompileStage(RootNode.java:356)
	at jadx.api.JadxDecompiler.load(JadxDecompiler.java:136)
	at jadx.cli.JadxCLI.runSave(JadxCLI.java:71)
	at jadx.cli.JadxCLI.execute(JadxCLI.java:44)
	at jadx.cli.JadxCLI.execute(JadxCLI.java:33)
	at jadx.cli.JadxCLI.main(JadxCLI.java:26)
ERROR - Dependency scan failed at insn: 0x0000: SGET r77 in method: com.shadow.kotlin.SynchronizedLazyImpl.<init>(com.shadow.kotlin.jvm.functions.Function0, java.lang.Object, int, com.shadow.kotlin.jvm.internal.DefaultConstructorMarker):void, file: /workspace/xh/fixp_148608.dex
java.lang.IllegalArgumentException: newPosition < 0: (-439035564 < 0)
	at java.base/java.nio.Buffer.createPositionException(Buffer.java:351)
	at java.base/java.nio.Buffer.position(Buffer.java:326)
	at java.base/java.nio.ByteBuffer.position(ByteBuffer.java:1561)
	at jadx.plugins.input.dex.sections.SectionReader.absPos(SectionReader.java:82)
	at jadx.plugins.input.dex.sections.SectionReader.getString(SectionReader.java:175)
	at jadx.plugins.input.dex.sections.SectionReader.getType(SectionReader.java:165)
	at jadx.plugins.input.dex.sections.SectionReader.fillFieldData(SectionReader.java:194)
	at jadx.plugins.input.dex.sections.SectionReader.getFieldRef(SectionReader.java:183)
	at jadx.plugins.input.dex.insns.DexInsnData.getIndexAsField(DexInsnData.java:131)
	at jadx.core.dex.visitors.usage.UsageInfoVisitor.processInsn(UsageInfoVisitor.java:150)
	at jadx.core.dex.visitors.usage.UsageInfoVisitor.lambda$processInstructions$0(UsageInfoVisitor.java:130)
	at jadx.plugins.input.dex.sections.DexCodeReader.visitInstructions(DexCodeReader.java:86)
	at jadx.core.dex.visitors.usage.UsageInfoVisitor.processInstructions(UsageInfoVisitor.java:128)
	at jadx.core.dex.visitors.usage.UsageInfoVisitor.processMethod(UsageInfoVisitor.java:113)
	at jadx.core.dex.visitors.usage.UsageInfoVisitor.processClass(UsageInfoVisitor.java:101)
	at jadx.core.dex.visitors.usage.UsageInfoVisitor.buildUsageData(UsageInfoVisitor.java:81)
	at jadx.core.dex.visitors.usage.UsageInfoVisitor.init(UsageInfoVisitor.java:65)
	at jadx.core.dex.nodes.RootNode.runPreDecompileStage(RootNode.java:356)
	at jadx.api.JadxDecompiler.load(JadxDecompiler.java:136)
	at jadx.cli.JadxCLI.runSave(JadxCLI.java:71)
	at jadx.cli.JadxCLI.execute(JadxCLI.java:44)
	at jadx.cli.JadxCLI.execute(JadxCLI.java:33)
	at jadx.cli.JadxCLI.main(JadxCLI.java:26)
ERROR - Dependency scan failed at insn: 0x0000: IGET r11, r12 in method: com.shadow.kotlin.SynchronizedLazyImpl.writeReplace():java.lang.Object, file: /workspace/xh/fixp_148608.dex
java.lang.IllegalArgumentException: newPosition < 0: (-1111375292 < 0)
	at java.base/java.nio.Buffer.createPositionException(Buffer.java:351)
	at java.base/java.nio.Buffer.position(Buffer.java:326)
	at java.base/java.nio.ByteBuffer.position(ByteBuffer.java:1561)
	at jadx.plugins.input.dex.sections.SectionReader.absPos(SectionReader.java:82)
	at jadx.plugins.input.dex.sections.SectionReader.getString(SectionReader.java:175)
	at jadx.plugins.input.dex.sections.SectionReader.fillFieldData(SectionReader.java:195)
	at jadx.plugins.input.dex.sections.SectionReader.getFieldRef(SectionReader.java:183)
	at jadx.plugins.input.dex.insns.DexInsnData.getIndexAsField(DexInsnData.java:131)
	at jadx.core.dex.visitors.usage.UsageInfoVisitor.processInsn(UsageInfoVisitor.java:150)
	at jadx.core.dex.visitors.usage.UsageInfoVisitor.lambda$processInstructions$0(UsageInfoVisitor.java:130)
	at jadx.plugins.input.dex.sections.DexCodeReader.visitInstructions(DexCodeReader.java:86)
	at jadx.core.dex.visitors.usage.UsageInfoVisitor.processInstructions(UsageInfoVisitor.java:128)
	at jadx.core.dex.visitors.usage.UsageInfoVisitor.processMethod(UsageInfoVisitor.java:113)
	at jadx.core.dex.visitors.usage.UsageInfoVisitor.processClass(UsageInfoVisitor.java:101)
	at jadx.core.dex.visitors.usage.UsageInfoVisitor.buildUsageData(UsageInfoVisitor.java:81)
	at jadx.core.dex.visitors.usage.UsageInfoVisitor.init(UsageInfoVisitor.java:65)
	at jadx.core.dex.nodes.RootNode.runPreDecompileStage(RootNode.java:356)
	at jadx.api.JadxDecompiler.load(JadxDecompiler.java:136)
	at jadx.cli.JadxCLI.runSave(JadxCLI.java:71)
	at jadx.cli.JadxCLI.execute(JadxCLI.java:44)
	at jadx.cli.JadxCLI.execute(JadxCLI.java:33)
	at jadx.cli.JadxCLI.main(JadxCLI.java:26)
ERROR - Dependency scan failed at insn: 0x0003: SGET r220 in method: com.shadow.kotlin.SynchronizedLazyImpl.writeReplace():java.lang.Object, file: /workspace/xh/fixp_148608.dex
java.lang.IllegalArgumentException: newPosition < 0: (-1316636104 < 0)
	at java.base/java.nio.Buffer.createPositionException(Buffer.java:351)
	at java.base/java.nio.Buffer.position(Buffer.java:326)
	at java.base/java.nio.ByteBuffer.position(ByteBuffer.java:1561)
	at jadx.plugins.input.dex.sections.SectionReader.absPos(SectionReader.java:82)
	at jadx.plugins.input.dex.sections.SectionReader.getString(SectionReader.java:175)
	at jadx.plugins.input.dex.sections.SectionReader.getType(SectionReader.java:165)
	at jadx.plugins.input.dex.sections.SectionReader.fillFieldData(SectionReader.java:194)
	at jadx.plugins.input.dex.sections.SectionReader.getFieldRef(SectionReader.java:183)
	at jadx.plugins.input.dex.insns.DexInsnData.getIndexAsField(DexInsnData.java:131)
	at jadx.core.dex.visitors.usage.UsageInfoVisitor.processInsn(UsageInfoVisitor.java:150)
	at jadx.core.dex.visitors.usage.UsageInfoVisitor.lambda$processInstructions$0(UsageInfoVisitor.java:130)
	at jadx.plugins.input.dex.sections.DexCodeReader.visitInstructions(DexCodeReader.java:86)
	at jadx.core.dex.visitors.usage.UsageInfoVisitor.processInstructions(UsageInfoVisitor.java:128)
	at jadx.core.dex.visitors.usage.UsageInfoVisitor.processMethod(UsageInfoVisitor.java:113)
	at jadx.core.dex.visitors.usage.UsageInfoVisitor.processClass(UsageInfoVisitor.java:101)
	at jadx.core.dex.visitors.usage.UsageInfoVisitor.buildUsageData(UsageInfoVisitor.java:81)
	at jadx.core.dex.visitors.usage.UsageInfoVisitor.init(UsageInfoVisitor.java:65)
	at jadx.core.dex.nodes.RootNode.runPreDecompileStage(RootNode.java:356)
	at jadx.api.JadxDecompiler.load(JadxDecompiler.java:136)
	at jadx.cli.JadxCLI.runSave(JadxCLI.java:71)
	at jadx.cli.JadxCLI.execute(JadxCLI.java:44)
	at jadx.cli.JadxCLI.execute(JadxCLI.java:33)
	at jadx.cli.JadxCLI.main(JadxCLI.java:26)
ERROR - Dependency scan failed at insn: 0x0003: INVOKE_CUSTOM r0, r12, r15 in method: com.shadow.kotlin.SynchronizedLazyImpl.getValue():T, file: /workspace/xh/fixp_148608.dex
java.lang.IllegalArgumentException: newPosition < 0: (-589744760 < 0)
	at java.base/java.nio.Buffer.createPositionException(Buffer.java:351)
	at java.base/java.nio.Buffer.position(Buffer.java:326)
	at java.base/java.nio.ByteBuffer.position(ByteBuffer.java:1561)
	at jadx.plugins.input.dex.sections.SectionReader.absPos(SectionReader.java:82)
	at jadx.plugins.input.dex.sections.SectionReader.fillFieldData(SectionReader.java:190)
	at jadx.plugins.input.dex.sections.SectionReader.getFieldRef(SectionReader.java:183)
	at jadx.plugins.input.dex.sections.annotations.EncodedValueParser.parseValue(EncodedValueParser.java:69)
	at jadx.plugins.input.dex.sections.annotations.EncodedValueParser.parseEncodedArray(EncodedValueParser.java:95)
	at jadx.plugins.input.dex.sections.SectionReader.getCallSite(SectionReader.java:209)
	at jadx.plugins.input.dex.insns.DexInsnData.getIndexAsCallSite(DexInsnData.java:141)
	at jadx.core.utils.input.InsnDataUtils.getCallSite(InsnDataUtils.java:27)
	at jadx.core.dex.visitors.usage.UsageInfoVisitor.processInsn(UsageInfoVisitor.java:174)
	at jadx.core.dex.visitors.usage.UsageInfoVisitor.lambda$processInstructions$0(UsageInfoVisitor.java:130)
	at jadx.plugins.input.dex.sections.DexCodeReader.visitInstructions(DexCodeReader.java:86)
	at jadx.core.dex.visitors.usage.UsageInfoVisitor.processInstructions(UsageInfoVisitor.java:128)
	at jadx.core.dex.visitors.usage.UsageInfoVisitor.processMethod(UsageInfoVisitor.java:113)
	at jadx.core.dex.visitors.usage.UsageInfoVisitor.processClass(UsageInfoVisitor.java:101)
	at jadx.core.dex.visitors.usage.UsageInfoVisitor.buildUsageData(UsageInfoVisitor.java:81)
	at jadx.core.dex.visitors.usage.UsageInfoVisitor.init(UsageInfoVisitor.java:65)
	at jadx.core.dex.nodes.RootNode.runPreDecompileStage(RootNode.java:356)
	at jadx.api.JadxDecompiler.load(JadxDecompiler.java:136)
	at jadx.cli.JadxCLI.runSave(JadxCLI.java:71)
	at jadx.cli.JadxCLI.execute(JadxCLI.java:44)
	at jadx.cli.JadxCLI.execute(JadxCLI.java:33)
	at jadx.cli.JadxCLI.main(JadxCLI.java:26)
ERROR - Dependency scan failed at insn: 0x0006: IPUT r6, r10 in method: com.shadow.kotlin.SynchronizedLazyImpl.getValue():T, file: /workspace/xh/fixp_148608.dex
java.lang.IllegalArgumentException: newPosition < 0: (-1782983472 < 0)
	at java.base/java.nio.Buffer.createPositionException(Buffer.java:351)
	at java.base/java.nio.Buffer.position(Buffer.java:326)
	at java.base/java.nio.ByteBuffer.position(ByteBuffer.java:1561)
	at jadx.plugins.input.dex.sections.SectionReader.absPos(SectionReader.java:82)
	at jadx.plugins.input.dex.sections.SectionReader.getString(SectionReader.java:175)
	at jadx.plugins.input.dex.sections.SectionReader.fillFieldData(SectionReader.java:195)
	at jadx.plugins.input.dex.sections.SectionReader.getFieldRef(SectionReader.java:183)
	at jadx.plugins.input.dex.insns.DexInsnData.getIndexAsField(DexInsnData.java:131)
	at jadx.core.dex.visitors.usage.UsageInfoVisitor.processInsn(UsageInfoVisitor.java:150)
	at jadx.core.dex.visitors.usage.UsageInfoVisitor.lambda$processInstructions$0(UsageInfoVisitor.java:130)
	at jadx.plugins.input.dex.sections.DexCodeReader.visitInstructions(DexCodeReader.java:86)
	at jadx.core.dex.visitors.usage.UsageInfoVisitor.processInstructions(UsageInfoVisitor.java:128)
	at jadx.core.dex.visitors.usage.UsageInfoVisitor.processMethod(UsageInfoVisitor.java:113)
	at jadx.core.dex.visitors.usage.UsageInfoVisitor.processClass(UsageInfoVisitor.java:101)
	at jadx.core.dex.visitors.usage.UsageInfoVisitor.buildUsageData(UsageInfoVisitor.java:81)
	at jadx.core.dex.visitors.usage.UsageInfoVisitor.init(UsageInfoVisitor.java:65)
	at jadx.core.dex.nodes.RootNode.runPreDecompileStage(RootNode.java:356)
	at jadx.api.JadxDecompiler.load(JadxDecompiler.java:136)
	at jadx.cli.JadxCLI.runSave(JadxCLI.java:71)
	at jadx.cli.JadxCLI.execute(JadxCLI.java:44)
	at jadx.cli.JadxCLI.execute(JadxCLI.java:33)
	at jadx.cli.JadxCLI.main(JadxCLI.java:26)
ERROR - Dependency scan failed at insn: 0x0009: IGET r13, r9 in method: com.shadow.kotlin.SynchronizedLazyImpl.getValue():T, file: /workspace/xh/fixp_148608.dex
java.lang.IllegalArgumentException: newPosition > limit: (872518148 > 3323492)
	at java.base/java.nio.Buffer.createPositionException(Buffer.java:351)
	at java.base/java.nio.Buffer.position(Buffer.java:326)
	at java.base/java.nio.ByteBuffer.position(ByteBuffer.java:1561)
	at jadx.plugins.input.dex.sections.SectionReader.absPos(SectionReader.java:82)
	at jadx.plugins.input.dex.sections.SectionReader.getString(SectionReader.java:175)
	at jadx.plugins.input.dex.sections.SectionReader.getType(SectionReader.java:165)
	at jadx.plugins.input.dex.sections.SectionReader.fillFieldData(SectionReader.java:194)
	at jadx.plugins.input.dex.sections.SectionReader.getFieldRef(SectionReader.java:183)
	at jadx.plugins.input.dex.insns.DexInsnData.getIndexAsField(DexInsnData.java:131)
	at jadx.core.dex.visitors.usage.UsageInfoVisitor.processInsn(UsageInfoVisitor.java:150)
	at jadx.core.dex.visitors.usage.UsageInfoVisitor.lambda$processInstructions$0(UsageInfoVisitor.java:130)
	at jadx.plugins.input.dex.sections.DexCodeReader.visitInstructions(DexCodeReader.java:86)
	at jadx.core.dex.visitors.usage.UsageInfoVisitor.processInstructions(UsageInfoVisitor.java:128)
	at jadx.core.dex.visitors.usage.UsageInfoVisitor.processMethod(UsageInfoVisitor.java:113)
	at jadx.core.dex.visitors.usage.UsageInfoVisitor.processClass(UsageInfoVisitor.java:101)
	at jadx.core.dex.visitors.usage.UsageInfoVisitor.buildUsageData(UsageInfoVisitor.java:81)
	at jadx.core.dex.visitors.usage.UsageInfoVisitor.init(UsageInfoVisitor.java:65)
	at jadx.core.dex.nodes.RootNode.runPreDecompileStage(RootNode.java:356)
	at jadx.api.JadxDecompiler.load(JadxDecompiler.java:136)
	at jadx.cli.JadxCLI.runSave(JadxCLI.java:71)
	at jadx.cli.JadxCLI.execute(JadxCLI.java:44)
	at jadx.cli.JadxCLI.execute(JadxCLI.java:33)
	at jadx.cli.JadxCLI.main(JadxCLI.java:26)
ERROR - Dependency scan failed at insn: 0x001A: SGET r231 in method: com.shadow.kotlin.SynchronizedLazyImpl.getValue():T, file: /workspace/xh/fixp_148608.dex
java.lang.IllegalArgumentException: newPosition < 0: (-908751716 < 0)
	at java.base/java.nio.Buffer.createPositionException(Buffer.java:351)
	at java.base/java.nio.Buffer.position(Buffer.java:326)
	at java.base/java.nio.ByteBuffer.position(ByteBuffer.java:1561)
	at jadx.plugins.input.dex.sections.SectionReader.absPos(SectionReader.java:82)
	at jadx.plugins.input.dex.sections.SectionReader.getString(SectionReader.java:175)
	at jadx.plugins.input.dex.sections.SectionReader.fillFieldData(SectionReader.java:195)
	at jadx.plugins.input.dex.sections.SectionReader.getFieldRef(SectionReader.java:183)
	at jadx.plugins.input.dex.insns.DexInsnData.getIndexAsField(DexInsnData.java:131)
	at jadx.core.dex.visitors.usage.UsageInfoVisitor.processInsn(UsageInfoVisitor.java:150)
	at jadx.core.dex.visitors.usage.UsageInfoVisitor.lambda$processInstructions$0(UsageInfoVisitor.java:130)
	at jadx.plugins.input.dex.sections.DexCodeReader.visitInstructions(DexCodeReader.java:86)
	at jadx.core.dex.visitors.usage.UsageInfoVisitor.processInstructions(UsageInfoVisitor.java:128)
	at jadx.core.dex.visitors.usage.UsageInfoVisitor.processMethod(UsageInfoVisitor.java:113)
	at jadx.core.dex.visitors.usage.UsageInfoVisitor.processClass(UsageInfoVisitor.java:101)
	at jadx.core.dex.visitors.usage.UsageInfoVisitor.buildUsageData(UsageInfoVisitor.java:81)
	at jadx.core.dex.visitors.usage.UsageInfoVisitor.init(UsageInfoVisitor.java:65)
	at jadx.core.dex.nodes.RootNode.runPreDecompileStage(RootNode.java:356)
	at jadx.api.JadxDecompiler.load(JadxDecompiler.java:136)
	at jadx.cli.JadxCLI.runSave(JadxCLI.java:71)
	at jadx.cli.JadxCLI.execute(JadxCLI.java:44)
	at jadx.cli.JadxCLI.execute(JadxCLI.java:33)
	at jadx.cli.JadxCLI.main(JadxCLI.java:26)
ERROR - Dependency scan failed at insn: 0x0010: INVOKE_CUSTOM r1, r0, r0, r0 in method: com.shadow.kotlin.SynchronizedLazyImpl.toString():java.lang.String, file: /workspace/xh/fixp_148608.dex
java.lang.IllegalArgumentException: newPosition < 0: (-588696240 < 0)
	at java.base/java.nio.Buffer.createPositionException(Buffer.java:351)
	at java.base/java.nio.Buffer.position(Buffer.java:326)
	at java.base/java.nio.ByteBuffer.position(ByteBuffer.java:1561)
	at jadx.plugins.input.dex.sections.SectionReader.absPos(SectionReader.java:82)
	at jadx.plugins.input.dex.sections.SectionReader.fillFieldData(SectionReader.java:190)
	at jadx.plugins.input.dex.sections.SectionReader.getFieldRef(SectionReader.java:183)
	at jadx.plugins.input.dex.sections.annotations.EncodedValueParser.parseValue(EncodedValueParser.java:69)
	at jadx.plugins.input.dex.sections.annotations.EncodedValueParser.parseEncodedArray(EncodedValueParser.java:95)
	at jadx.plugins.input.dex.sections.SectionReader.getCallSite(SectionReader.java:209)
	at jadx.plugins.input.dex.insns.DexInsnData.getIndexAsCallSite(DexInsnData.java:141)
	at jadx.core.utils.input.InsnDataUtils.getCallSite(InsnDataUtils.java:27)
	at jadx.core.dex.visitors.usage.UsageInfoVisitor.processInsn(UsageInfoVisitor.java:174)
	at jadx.core.dex.visitors.usage.UsageInfoVisitor.lambda$processInstructions$0(UsageInfoVisitor.java:130)
	at jadx.plugins.input.dex.sections.DexCodeReader.visitInstructions(DexCodeReader.java:86)
	at jadx.core.dex.visitors.usage.UsageInfoVisitor.processInstructions(UsageInfoVisitor.java:128)
	at jadx.core.dex.visitors.usage.UsageInfoVisitor.processMethod(UsageInfoVisitor.java:113)
	at jadx.core.dex.visitors.usage.UsageInfoVisitor.processClass(UsageInfoVisitor.java:101)
	at jadx.core.dex.visitors.usage.UsageInfoVisitor.buildUsageData(UsageInfoVisitor.java:81)
	at jadx.core.dex.visitors.usage.UsageInfoVisitor.init(UsageInfoVisitor.java:65)
	at jadx.core.dex.nodes.RootNode.runPreDecompileStage(RootNode.java:356)
	at jadx.api.JadxDecompiler.load(JadxDecompiler.java:136)
	at jadx.cli.JadxCLI.runSave(JadxCLI.java:71)
	at jadx.cli.JadxCLI.execute(JadxCLI.java:44)
	at jadx.cli.JadxCLI.execute(JadxCLI.java:33)
	at jadx.cli.JadxCLI.main(JadxCLI.java:26)
ERROR - Dependency scan failed at insn: 0x0002: IGET r7, r4 in method: com.shadow.kotlin.UninitializedPropertyAccessException.<init>():void, file: /workspace/xh/fixp_148608.dex
java.lang.IllegalArgumentException: newPosition > limit: (13140688 > 3323492)
	at java.base/java.nio.Buffer.createPositionException(Buffer.java:351)
	at java.base/java.nio.Buffer.position(Buffer.java:326)
	at java.base/java.nio.ByteBuffer.position(ByteBuffer.java:1561)
	at jadx.plugins.input.dex.sections.SectionReader.absPos(SectionReader.java:82)
	at jadx.plugins.input.dex.sections.SectionReader.getString(SectionReader.java:175)
	at jadx.plugins.input.dex.sections.SectionReader.getType(SectionReader.java:165)
	at jadx.plugins.input.dex.sections.SectionReader.fillFieldData(SectionReader.java:194)
	at jadx.plugins.input.dex.sections.SectionReader.getFieldRef(SectionReader.java:183)
	at jadx.plugins.input.dex.insns.DexInsnData.getIndexAsField(DexInsnData.java:131)
	at jadx.core.dex.visitors.usage.UsageInfoVisitor.processInsn(UsageInfoVisitor.java:150)
	at jadx.core.dex.visitors.usage.UsageInfoVisitor.lambda$processInstructions$0(UsageInfoVisitor.java:130)
	at jadx.plugins.input.dex.sections.DexCodeReader.visitInstructions(DexCodeReader.java:86)
	at jadx.core.dex.visitors.usage.UsageInfoVisitor.processInstructions(UsageInfoVisitor.java:128)
	at jadx.core.dex.visitors.usage.UsageInfoVisitor.processMethod(UsageInfoVisitor.java:113)
	at jadx.core.dex.visitors.usage.UsageInfoVisitor.processClass(UsageInfoVisitor.java:101)
	at jadx.core.dex.visitors.usage.UsageInfoVisitor.buildUsageData(UsageInfoVisitor.java:81)
	at jadx.core.dex.visitors.usage.UsageInfoVisitor.init(UsageInfoVisitor.java:65)
	at jadx.core.dex.nodes.RootNode.runPreDecompileStage(RootNode.java:356)
	at jadx.api.JadxDecompiler.load(JadxDecompiler.java:136)
	at jadx.cli.JadxCLI.runSave(JadxCLI.java:71)
	at jadx.cli.JadxCLI.execute(JadxCLI.java:44)
	at jadx.cli.JadxCLI.execute(JadxCLI.java:33)
	at jadx.cli.JadxCLI.main(JadxCLI.java:26)
ERROR - Dependency scan failed at insn: 0x0002: SPUT r164 in method: com.shadow.kotlin.UninitializedPropertyAccessException.<init>(java.lang.String, java.lang.Throwable):void, file: /workspace/xh/fixp_148608.dex
java.lang.IllegalArgumentException: newPosition > limit: (1287702016 > 3323492)
	at java.base/java.nio.Buffer.createPositionException(Buffer.java:351)
	at java.base/java.nio.Buffer.position(Buffer.java:326)
	at java.base/java.nio.ByteBuffer.position(ByteBuffer.java:1561)
	at jadx.plugins.input.dex.sections.SectionReader.absPos(SectionReader.java:82)
	at jadx.plugins.input.dex.sections.SectionReader.getString(SectionReader.java:175)
	at jadx.plugins.input.dex.sections.SectionReader.getType(SectionReader.java:165)
	at jadx.plugins.input.dex.sections.SectionReader.fillFieldData(SectionReader.java:194)
	at jadx.plugins.input.dex.sections.SectionReader.getFieldRef(SectionReader.java:183)
	at jadx.plugins.input.dex.insns.DexInsnData.getIndexAsField(DexInsnData.java:131)
	at jadx.core.dex.visitors.usage.UsageInfoVisitor.processInsn(UsageInfoVisitor.java:150)
	at jadx.core.dex.visitors.usage.UsageInfoVisitor.lambda$processInstructions$0(UsageInfoVisitor.java:130)
	at jadx.plugins.input.dex.sections.DexCodeReader.visitInstructions(DexCodeReader.java:86)
	at jadx.core.dex.visitors.usage.UsageInfoVisitor.processInstructions(UsageInfoVisitor.java:128)
	at jadx.core.dex.visitors.usage.UsageInfoVisitor.processMethod(UsageInfoVisitor.java:113)
	at jadx.core.dex.visitors.usage.UsageInfoVisitor.processClass(UsageInfoVisitor.java:101)
	at jadx.core.dex.visitors.usage.UsageInfoVisitor.buildUsageData(UsageInfoVisitor.java:81)
	at jadx.core.dex.visitors.usage.UsageInfoVisitor.init(UsageInfoVisitor.java:65)
	at jadx.core.dex.nodes.RootNode.runPreDecompileStage(RootNode.java:356)
	at jadx.api.JadxDecompiler.load(JadxDecompiler.java:136)
	at jadx.cli.JadxCLI.runSave(JadxCLI.java:71)
	at jadx.cli.JadxCLI.execute(JadxCLI.java:44)
	at jadx.cli.JadxCLI.execute(JadxCLI.java:33)
	at jadx.cli.JadxCLI.main(JadxCLI.java:26)
ERROR - Dependency scan failed at insn: 0x0003: IGET r15, r9 in method: com.shadow.kotlin.Unit.<init>(int):void, file: /workspace/xh/fixp_148608.dex
java.lang.IllegalArgumentException: newPosition > limit: (8603424 > 3323492)
	at java.base/java.nio.Buffer.createPositionException(Buffer.java:351)
	at java.base/java.nio.Buffer.position(Buffer.java:326)
	at java.base/java.nio.ByteBuffer.position(ByteBuffer.java:1561)
	at jadx.plugins.input.dex.sections.SectionReader.absPos(SectionReader.java:82)
	at jadx.plugins.input.dex.sections.SectionReader.getString(SectionReader.java:175)
	at jadx.plugins.input.dex.sections.SectionReader.getType(SectionReader.java:165)
	at jadx.plugins.input.dex.sections.SectionReader.fillFieldData(SectionReader.java:194)
	at jadx.plugins.input.dex.sections.SectionReader.getFieldRef(SectionReader.java:183)
	at jadx.plugins.input.dex.insns.DexInsnData.getIndexAsField(DexInsnData.java:131)
	at jadx.core.dex.visitors.usage.UsageInfoVisitor.processInsn(UsageInfoVisitor.java:150)
	at jadx.core.dex.visitors.usage.UsageInfoVisitor.lambda$processInstructions$0(UsageInfoVisitor.java:130)
	at jadx.plugins.input.dex.sections.DexCodeReader.visitInstructions(DexCodeReader.java:86)
	at jadx.core.dex.visitors.usage.UsageInfoVisitor.processInstructions(UsageInfoVisitor.java:128)
	at jadx.core.dex.visitors.usage.UsageInfoVisitor.processMethod(UsageInfoVisitor.java:113)
	at jadx.core.dex.visitors.usage.UsageInfoVisitor.processClass(UsageInfoVisitor.java:101)
	at jadx.core.dex.visitors.usage.UsageInfoVisitor.buildUsageData(UsageInfoVisitor.java:81)
	at jadx.core.dex.visitors.usage.UsageInfoVisitor.init(UsageInfoVisitor.java:65)
	at jadx.core.dex.nodes.RootNode.runPreDecompileStage(RootNode.java:356)
	at jadx.api.JadxDecompiler.load(JadxDecompiler.java:136)
	at jadx.cli.JadxCLI.runSave(JadxCLI.java:71)
	at jadx.cli.JadxCLI.execute(JadxCLI.java:44)
	at jadx.cli.JadxCLI.execute(JadxCLI.java:33)
	at jadx.cli.JadxCLI.main(JadxCLI.java:26)
ERROR - Dependency scan failed at insn: 0x0000: INVOKE_STATIC_RANGE r46293, r46294, r46295, r46296, r46297, r46298, r46299, r46300, r46301, r46302, r46303, r46304, r46305, r46306, r46307, r46308, r46309, r46310, r46311, r46312, r46313, r46314, r46315, r46316, r46317, r46318, r46319, r46320, r46321, r46322, r46323, r46324, r46325, r46326, r46327, r46328, r46329, r46330, r46331, r46332, r46333, r46334, r46335, r46336, r46337, r46338, r46339, r46340, r46341, r46342, r46343, r46344, r46345, r46346, r46347, r46348, r46349, r46350, r46351, r46352, r46353, r46354, r46355, r46356, r46357, r46358, r46359, r46360, r46361, r46362, r46363, r46364, r46365, r46366, r46367, r46368, r46369, r46370, r46371, r46372, r46373, r46374, r46375, r46376, r46377, r46378, r46379, r46380, r46381, r46382, r46383, r46384, r46385, r46386, r46387, r46388, r46389, r46390, r46391, r46392, r46393, r46394, r46395, r46396, r46397, r46398, r46399, r46400, r46401, r46402, r46403, r46404, r46405, r46406, r46407, r46408, r46409, r46410, r46411, r46412, r46413, r46414, r46415, r46416, r46417, r46418, r46419, r46420, r46421, r46422, r46423, r46424, r46425, r46426, r46427, r46428, r46429, r46430, r46431, r46432, r46433, r46434, r46435, r46436, r46437, r46438, r46439, r46440, r46441, r46442, r46443, r46444, r46445, r46446, r46447, r46448, r46449, r46450, r46451, r46452, r46453, r46454, r46455, r46456, r46457, r46458, r46459, r46460, r46461, r46462, r46463, r46464, r46465, r46466, r46467, r46468, r46469, r46470, r46471, r46472, r46473, r46474, r46475, r46476, r46477, r46478, r46479, r46480, r46481, r46482, r46483, r46484, r46485, r46486, r46487, r46488, r46489, r46490, r46491, r46492, r46493, r46494, r46495, r46496, r46497, r46498, r46499, r46500, r46501, r46502, r46503, r46504, r46505, r46506, r46507, r46508, r46509 in method: com.shadow.kotlin.Unit.griTCA():void, file: /workspace/xh/fixp_148608.dex
java.lang.IllegalArgumentException: newPosition > limit: (1801675074 > 3323492)
	at java.base/java.nio.Buffer.createPositionException(Buffer.java:351)
	at java.base/java.nio.Buffer.position(Buffer.java:326)
	at java.base/java.nio.ByteBuffer.position(ByteBuffer.java:1561)
	at jadx.plugins.input.dex.sections.SectionReader.absPos(SectionReader.java:82)
	at jadx.plugins.input.dex.sections.SectionReader.readTypeListAt(SectionReader.java:141)
	at jadx.plugins.input.dex.sections.SectionReader.loadMethodRef(SectionReader.java:269)
	at jadx.plugins.input.dex.sections.DexMethodRef.load(DexMethodRef.java:28)
	at jadx.core.dex.info.MethodInfo.fromRef(MethodInfo.java:47)
	at jadx.core.dex.visitors.usage.UsageInfoVisitor.processInsn(UsageInfoVisitor.java:165)
	at jadx.core.dex.visitors.usage.UsageInfoVisitor.lambda$processInstructions$0(UsageInfoVisitor.java:130)
	at jadx.plugins.input.dex.sections.DexCodeReader.visitInstructions(DexCodeReader.java:86)
	at jadx.core.dex.visitors.usage.UsageInfoVisitor.processInstructions(UsageInfoVisitor.java:128)
	at jadx.core.dex.visitors.usage.UsageInfoVisitor.processMethod(UsageInfoVisitor.java:113)
	at jadx.core.dex.visitors.usage.UsageInfoVisitor.processClass(UsageInfoVisitor.java:101)
	at jadx.core.dex.visitors.usage.UsageInfoVisitor.buildUsageData(UsageInfoVisitor.java:81)
	at jadx.core.dex.visitors.usage.UsageInfoVisitor.init(UsageInfoVisitor.java:65)
	at jadx.core.dex.nodes.RootNode.runPreDecompileStage(RootNode.java:356)
	at jadx.api.JadxDecompiler.load(JadxDecompiler.java:136)
	at jadx.cli.JadxCLI.runSave(JadxCLI.java:71)
	at jadx.cli.JadxCLI.execute(JadxCLI.java:44)
	at jadx.cli.JadxCLI.execute(JadxCLI.java:33)
	at jadx.cli.JadxCLI.main(JadxCLI.java:26)
ERROR - Dependency scan failed at insn: 0x0003: SPUT r132 in method: com.shadow.kotlin.Unit.griTCA():void, file: /workspace/xh/fixp_148608.dex
java.lang.IllegalArgumentException: newPosition < 0: (-1782981076 < 0)
	at java.base/java.nio.Buffer.createPositionException(Buffer.java:351)
	at java.base/java.nio.Buffer.position(Buffer.java:326)
	at java.base/java.nio.ByteBuffer.position(ByteBuffer.java:1561)
	at jadx.plugins.input.dex.sections.SectionReader.absPos(SectionReader.java:82)
	at jadx.plugins.input.dex.sections.SectionReader.getString(SectionReader.java:175)
	at jadx.plugins.input.dex.sections.SectionReader.fillFieldData(SectionReader.java:195)
	at jadx.plugins.input.dex.sections.SectionReader.getFieldRef(SectionReader.java:183)
	at jadx.plugins.input.dex.insns.DexInsnData.getIndexAsField(DexInsnData.java:131)
	at jadx.core.dex.visitors.usage.UsageInfoVisitor.processInsn(UsageInfoVisitor.java:150)
	at jadx.core.dex.visitors.usage.UsageInfoVisitor.lambda$processInstructions$0(UsageInfoVisitor.java:130)
	at jadx.plugins.input.dex.sections.DexCodeReader.visitInstructions(DexCodeReader.java:86)
	at jadx.core.dex.visitors.usage.UsageInfoVisitor.processInstructions(UsageInfoVisitor.java:128)
	at jadx.core.dex.visitors.usage.UsageInfoVisitor.processMethod(UsageInfoVisitor.java:113)
	at jadx.core.dex.visitors.usage.UsageInfoVisitor.processClass(UsageInfoVisitor.java:101)
	at jadx.core.dex.visitors.usage.UsageInfoVisitor.buildUsageData(UsageInfoVisitor.java:81)
	at jadx.core.dex.visitors.usage.UsageInfoVisitor.init(UsageInfoVisitor.java:65)
	at jadx.core.dex.nodes.RootNode.runPreDecompileStage(RootNode.java:356)
	at jadx.api.JadxDecompiler.load(JadxDecompiler.java:136)
	at jadx.cli.JadxCLI.runSave(JadxCLI.java:71)
	at jadx.cli.JadxCLI.execute(JadxCLI.java:44)
	at jadx.cli.JadxCLI.execute(JadxCLI.java:33)
	at jadx.cli.JadxCLI.main(JadxCLI.java:26)
ERROR - Dependency scan failed at insn: 0x000A: SPUT r80 in method: com.shadow.kotlin.Unit.griTCA():void, file: /workspace/xh/fixp_148608.dex
java.lang.IllegalArgumentException: newPosition > limit: (1162351728 > 3323492)
	at java.base/java.nio.Buffer.createPositionException(Buffer.java:351)
	at java.base/java.nio.Buffer.position(Buffer.java:326)
	at java.base/java.nio.ByteBuffer.position(ByteBuffer.java:1561)
	at jadx.plugins.input.dex.sections.SectionReader.absPos(SectionReader.java:82)
	at jadx.plugins.input.dex.sections.SectionReader.getString(SectionReader.java:175)
	at jadx.plugins.input.dex.sections.SectionReader.getType(SectionReader.java:165)
	at jadx.plugins.input.dex.sections.SectionReader.fillFieldData(SectionReader.java:194)
	at jadx.plugins.input.dex.sections.SectionReader.getFieldRef(SectionReader.java:183)
	at jadx.plugins.input.dex.insns.DexInsnData.getIndexAsField(DexInsnData.java:131)
	at jadx.core.dex.visitors.usage.UsageInfoVisitor.processInsn(UsageInfoVisitor.java:150)
	at jadx.core.dex.visitors.usage.UsageInfoVisitor.lambda$processInstructions$0(UsageInfoVisitor.java:130)
	at jadx.plugins.input.dex.sections.DexCodeReader.visitInstructions(DexCodeReader.java:86)
	at jadx.core.dex.visitors.usage.UsageInfoVisitor.processInstructions(UsageInfoVisitor.java:128)
	at jadx.core.dex.visitors.usage.UsageInfoVisitor.processMethod(UsageInfoVisitor.java:113)
	at jadx.core.dex.visitors.usage.UsageInfoVisitor.processClass(UsageInfoVisitor.java:101)
	at jadx.core.dex.visitors.usage.UsageInfoVisitor.buildUsageData(UsageInfoVisitor.java:81)
	at jadx.core.dex.visitors.usage.UsageInfoVisitor.init(UsageInfoVisitor.java:65)
	at jadx.core.dex.nodes.RootNode.runPreDecompileStage(RootNode.java:356)
	at jadx.api.JadxDecompiler.load(JadxDecompiler.java:136)
	at jadx.cli.JadxCLI.runSave(JadxCLI.java:71)
	at jadx.cli.JadxCLI.execute(JadxCLI.java:44)
	at jadx.cli.JadxCLI.execute(JadxCLI.java:33)
	at jadx.cli.JadxCLI.main(JadxCLI.java:26)
ERROR - Dependency scan failed at insn: 0x0019: NEW_ARRAY r1, r11 in method: com.shadow.kotlin.Unit.griTCA():void, file: /workspace/xh/fixp_148608.dex
java.lang.IllegalArgumentException: newPosition > limit: (697352616 > 3323492)
	at java.base/java.nio.Buffer.createPositionException(Buffer.java:351)
	at java.base/java.nio.Buffer.position(Buffer.java:326)
	at java.base/java.nio.ByteBuffer.position(ByteBuffer.java:1561)
	at jadx.plugins.input.dex.sections.SectionReader.absPos(SectionReader.java:82)
	at jadx.plugins.input.dex.sections.SectionReader.getString(SectionReader.java:175)
	at jadx.plugins.input.dex.sections.SectionReader.getType(SectionReader.java:165)
	at jadx.plugins.input.dex.insns.DexInsnData.getIndexAsType(DexInsnData.java:126)
	at jadx.core.dex.visitors.usage.UsageInfoVisitor.processInsn(UsageInfoVisitor.java:144)
	at jadx.core.dex.visitors.usage.UsageInfoVisitor.lambda$processInstructions$0(UsageInfoVisitor.java:130)
	at jadx.plugins.input.dex.sections.DexCodeReader.visitInstructions(DexCodeReader.java:86)
	at jadx.core.dex.visitors.usage.UsageInfoVisitor.processInstructions(UsageInfoVisitor.java:128)
	at jadx.core.dex.visitors.usage.UsageInfoVisitor.processMethod(UsageInfoVisitor.java:113)
	at jadx.core.dex.visitors.usage.UsageInfoVisitor.processClass(UsageInfoVisitor.java:101)
	at jadx.core.dex.visitors.usage.UsageInfoVisitor.buildUsageData(UsageInfoVisitor.java:81)
	at jadx.core.dex.visitors.usage.UsageInfoVisitor.init(UsageInfoVisitor.java:65)
	at jadx.core.dex.nodes.RootNode.runPreDecompileStage(RootNode.java:356)
	at jadx.api.JadxDecompiler.load(JadxDecompiler.java:136)
	at jadx.cli.JadxCLI.runSave(JadxCLI.java:71)
	at jadx.cli.JadxCLI.execute(JadxCLI.java:44)
	at jadx.cli.JadxCLI.execute(JadxCLI.java:33)
	at jadx.cli.JadxCLI.main(JadxCLI.java:26)
ERROR - Dependency scan failed at insn: 0x001C: INVOKE_VIRTUAL_RANGE r24489, r24490, r24491, r24492, r24493, r24494, r24495, r24496, r24497, r24498, r24499, r24500, r24501, r24502, r24503, r24504, r24505, r24506, r24507, r24508, r24509, r24510, r24511, r24512 in method: com.shadow.kotlin.Unit.griTCA():void, file: /workspace/xh/fixp_148608.dex
java.lang.IllegalArgumentException: newPosition > limit: (1769234798 > 3323492)
	at java.base/java.nio.Buffer.createPositionException(Buffer.java:351)
	at java.base/java.nio.Buffer.position(Buffer.java:326)
	at java.base/java.nio.ByteBuffer.position(ByteBuffer.java:1561)
	at jadx.plugins.input.dex.sections.SectionReader.absPos(SectionReader.java:82)
	at jadx.plugins.input.dex.sections.SectionReader.readTypeListAt(SectionReader.java:141)
	at jadx.plugins.input.dex.sections.SectionReader.loadMethodRef(SectionReader.java:269)
	at jadx.plugins.input.dex.sections.DexMethodRef.load(DexMethodRef.java:28)
	at jadx.core.dex.info.MethodInfo.fromRef(MethodInfo.java:47)
	at jadx.core.dex.visitors.usage.UsageInfoVisitor.processInsn(UsageInfoVisitor.java:165)
	at jadx.core.dex.visitors.usage.UsageInfoVisitor.lambda$processInstructions$0(UsageInfoVisitor.java:130)
	at jadx.plugins.input.dex.sections.DexCodeReader.visitInstructions(DexCodeReader.java:86)
	at jadx.core.dex.visitors.usage.UsageInfoVisitor.processInstructions(UsageInfoVisitor.java:128)
	at jadx.core.dex.visitors.usage.UsageInfoVisitor.processMethod(UsageInfoVisitor.java:113)
	at jadx.core.dex.visitors.usage.UsageInfoVisitor.processClass(UsageInfoVisitor.java:101)
	at jadx.core.dex.visitors.usage.UsageInfoVisitor.buildUsageData(UsageInfoVisitor.java:81)
	at jadx.core.dex.visitors.usage.UsageInfoVisitor.init(UsageInfoVisitor.java:65)
	at jadx.core.dex.nodes.RootNode.runPreDecompileStage(RootNode.java:356)
	at jadx.api.JadxDecompiler.load(JadxDecompiler.java:136)
	at jadx.cli.JadxCLI.runSave(JadxCLI.java:71)
	at jadx.cli.JadxCLI.execute(JadxCLI.java:44)
	at jadx.cli.JadxCLI.execute(JadxCLI.java:33)
	at jadx.cli.JadxCLI.main(JadxCLI.java:26)
ERROR - Dependency scan failed at insn: 0x001F: NEW_INSTANCE r31 in method: com.shadow.kotlin.Unit.griTCA():void, file: /workspace/xh/fixp_148608.dex
java.lang.IllegalArgumentException: newPosition > limit: (240913816 > 3323492)
	at java.base/java.nio.Buffer.createPositionException(Buffer.java:351)
	at java.base/java.nio.Buffer.position(Buffer.java:326)
	at java.base/java.nio.ByteBuffer.position(ByteBuffer.java:1561)
	at jadx.plugins.input.dex.sections.SectionReader.absPos(SectionReader.java:82)
	at jadx.plugins.input.dex.sections.SectionReader.getString(SectionReader.java:175)
	at jadx.plugins.input.dex.sections.SectionReader.getType(SectionReader.java:165)
	at jadx.plugins.input.dex.insns.DexInsnData.getIndexAsType(DexInsnData.java:126)
	at jadx.core.dex.visitors.usage.UsageInfoVisitor.processInsn(UsageInfoVisitor.java:144)
	at jadx.core.dex.visitors.usage.UsageInfoVisitor.lambda$processInstructions$0(UsageInfoVisitor.java:130)
	at jadx.plugins.input.dex.sections.DexCodeReader.visitInstructions(DexCodeReader.java:86)
	at jadx.core.dex.visitors.usage.UsageInfoVisitor.processInstructions(UsageInfoVisitor.java:128)
	at jadx.core.dex.visitors.usage.UsageInfoVisitor.processMethod(UsageInfoVisitor.java:113)
	at jadx.core.dex.visitors.usage.UsageInfoVisitor.processClass(UsageInfoVisitor.java:101)
	at jadx.core.dex.visitors.usage.UsageInfoVisitor.buildUsageData(UsageInfoVisitor.java:81)
	at jadx.core.dex.visitors.usage.UsageInfoVisitor.init(UsageInfoVisitor.java:65)
	at jadx.core.dex.nodes.RootNode.runPreDecompileStage(RootNode.java:356)
	at jadx.api.JadxDecompiler.load(JadxDecompiler.java:136)
	at jadx.cli.JadxCLI.runSave(JadxCLI.java:71)
	at jadx.cli.JadxCLI.execute(JadxCLI.java:44)
	at jadx.cli.JadxCLI.execute(JadxCLI.java:33)
	at jadx.cli.JadxCLI.main(JadxCLI.java:26)
ERROR - Dependency scan failed at insn: 0x0035: INVOKE_VIRTUAL_RANGE r15586, r15587, r15588, r15589, r15590, r15591, r15592, r15593, r15594, r15595, r15596, r15597, r15598, r15599, r15600, r15601, r15602, r15603, r15604, r15605, r15606, r15607, r15608, r15609, r15610, r15611, r15612, r15613, r15614, r15615, r15616, r15617 in method: com.shadow.kotlin.Unit.griTCA():void, file: /workspace/xh/fixp_148608.dex
java.lang.IllegalArgumentException: newPosition < 0: (-1562664485 < 0)
	at java.base/java.nio.Buffer.createPositionException(Buffer.java:351)
	at java.base/java.nio.Buffer.position(Buffer.java:326)
	at java.base/java.nio.ByteBuffer.position(ByteBuffer.java:1561)
	at jadx.plugins.input.dex.sections.SectionReader.absPos(SectionReader.java:82)
	at jadx.plugins.input.dex.sections.SectionReader.readTypeListAt(SectionReader.java:141)
	at jadx.plugins.input.dex.sections.SectionReader.loadMethodRef(SectionReader.java:269)
	at jadx.plugins.input.dex.sections.DexMethodRef.load(DexMethodRef.java:28)
	at jadx.core.dex.info.MethodInfo.fromRef(MethodInfo.java:47)
	at jadx.core.dex.visitors.usage.UsageInfoVisitor.processInsn(UsageInfoVisitor.java:165)
	at jadx.core.dex.visitors.usage.UsageInfoVisitor.lambda$processInstructions$0(UsageInfoVisitor.java:130)
	at jadx.plugins.input.dex.sections.DexCodeReader.visitInstructions(DexCodeReader.java:86)
	at jadx.core.dex.visitors.usage.UsageInfoVisitor.processInstructions(UsageInfoVisitor.java:128)
	at jadx.core.dex.visitors.usage.UsageInfoVisitor.processMethod(UsageInfoVisitor.java:113)
	at jadx.core.dex.visitors.usage.UsageInfoVisitor.processClass(UsageInfoVisitor.java:101)
	at jadx.core.dex.visitors.usage.UsageInfoVisitor.buildUsageData(UsageInfoVisitor.java:81)
	at jadx.core.dex.visitors.usage.UsageInfoVisitor.init(UsageInfoVisitor.java:65)
	at jadx.core.dex.nodes.RootNode.runPreDecompileStage(RootNode.java:356)
	at jadx.api.JadxDecompiler.load(JadxDecompiler.java:136)
	at jadx.cli.JadxCLI.runSave(JadxCLI.java:71)
	at jadx.cli.JadxCLI.execute(JadxCLI.java:44)
	at jadx.cli.JadxCLI.execute(JadxCLI.java:33)
	at jadx.cli.JadxCLI.main(JadxCLI.java:26)
ERROR - Dependency scan failed at insn: 0x000F: SPUT r149 in method: com.shadow.kotlin.Unit.toString():java.lang.String, file: /workspace/xh/fixp_148608.dex
java.lang.IllegalArgumentException: newPosition > limit: (266079964 > 3323492)
	at java.base/java.nio.Buffer.createPositionException(Buffer.java:351)
	at java.base/java.nio.Buffer.position(Buffer.java:326)
	at java.base/java.nio.ByteBuffer.position(ByteBuffer.java:1561)
	at jadx.plugins.input.dex.sections.SectionReader.absPos(SectionReader.java:82)
	at jadx.plugins.input.dex.sections.SectionReader.getString(SectionReader.java:175)
	at jadx.plugins.input.dex.sections.SectionReader.getType(SectionReader.java:165)
	at jadx.plugins.input.dex.sections.SectionReader.fillFieldData(SectionReader.java:194)
	at jadx.plugins.input.dex.sections.SectionReader.getFieldRef(SectionReader.java:183)
	at jadx.plugins.input.dex.insns.DexInsnData.getIndexAsField(DexInsnData.java:131)
	at jadx.core.dex.visitors.usage.UsageInfoVisitor.processInsn(UsageInfoVisitor.java:150)
	at jadx.core.dex.visitors.usage.UsageInfoVisitor.lambda$processInstructions$0(UsageInfoVisitor.java:130)
	at jadx.plugins.input.dex.sections.DexCodeReader.visitInstructions(DexCodeReader.java:86)
	at jadx.core.dex.visitors.usage.UsageInfoVisitor.processInstructions(UsageInfoVisitor.java:128)
	at jadx.core.dex.visitors.usage.UsageInfoVisitor.processMethod(UsageInfoVisitor.java:113)
	at jadx.core.dex.visitors.usage.UsageInfoVisitor.processClass(UsageInfoVisitor.java:101)
	at jadx.core.dex.visitors.usage.UsageInfoVisitor.buildUsageData(UsageInfoVisitor.java:81)
	at jadx.core.dex.visitors.usage.UsageInfoVisitor.init(UsageInfoVisitor.java:65)
	at jadx.core.dex.nodes.RootNode.runPreDecompileStage(RootNode.java:356)
	at jadx.api.JadxDecompiler.load(JadxDecompiler.java:136)
	at jadx.cli.JadxCLI.runSave(JadxCLI.java:71)
	at jadx.cli.JadxCLI.execute(JadxCLI.java:44)
	at jadx.cli.JadxCLI.execute(JadxCLI.java:33)
	at jadx.cli.JadxCLI.main(JadxCLI.java:26)
ERROR - Dependency scan failed at insn: 0x0003: SGET r218 in method: com.shadow.kotlin.collections.AbstractCollection.addAll(java.util.Collection<? extends E>):boolean, file: /workspace/xh/fixp_148608.dex
java.lang.IllegalArgumentException: newPosition < 0: (-1515072980 < 0)
	at java.base/java.nio.Buffer.createPositionException(Buffer.java:351)
	at java.base/java.nio.Buffer.position(Buffer.java:326)
	at java.base/java.nio.ByteBuffer.position(ByteBuffer.java:1561)
	at jadx.plugins.input.dex.sections.SectionReader.absPos(SectionReader.java:82)
	at jadx.plugins.input.dex.sections.SectionReader.getString(SectionReader.java:175)
	at jadx.plugins.input.dex.sections.SectionReader.fillFieldData(SectionReader.java:195)
	at jadx.plugins.input.dex.sections.SectionReader.getFieldRef(SectionReader.java:183)
	at jadx.plugins.input.dex.insns.DexInsnData.getIndexAsField(DexInsnData.java:131)
	at jadx.core.dex.visitors.usage.UsageInfoVisitor.processInsn(UsageInfoVisitor.java:150)
	at jadx.core.dex.visitors.usage.UsageInfoVisitor.lambda$processInstructions$0(UsageInfoVisitor.java:130)
	at jadx.plugins.input.dex.sections.DexCodeReader.visitInstructions(DexCodeReader.java:86)
	at jadx.core.dex.visitors.usage.UsageInfoVisitor.processInstructions(UsageInfoVisitor.java:128)
	at jadx.core.dex.visitors.usage.UsageInfoVisitor.processMethod(UsageInfoVisitor.java:113)
	at jadx.core.dex.visitors.usage.UsageInfoVisitor.processClass(UsageInfoVisitor.java:101)
	at jadx.core.dex.visitors.usage.UsageInfoVisitor.buildUsageData(UsageInfoVisitor.java:81)
	at jadx.core.dex.visitors.usage.UsageInfoVisitor.init(UsageInfoVisitor.java:65)
	at jadx.core.dex.nodes.RootNode.runPreDecompileStage(RootNode.java:356)
	at jadx.api.JadxDecompiler.load(JadxDecompiler.java:136)
	at jadx.cli.JadxCLI.runSave(JadxCLI.java:71)
	at jadx.cli.JadxCLI.execute(JadxCLI.java:44)
	at jadx.cli.JadxCLI.execute(JadxCLI.java:33)
	at jadx.cli.JadxCLI.main(JadxCLI.java:26)
ERROR - Dependency scan failed at insn: 0x0005: IGET r6, r9 in method: com.shadow.kotlin.collections.AbstractCollection.addAll(java.util.Collection<? extends E>):boolean, file: /workspace/xh/fixp_148608.dex
java.lang.IllegalArgumentException: newPosition < 0: (-775839444 < 0)
	at java.base/java.nio.Buffer.createPositionException(Buffer.java:351)
	at java.base/java.nio.Buffer.position(Buffer.java:326)
	at java.base/java.nio.ByteBuffer.position(ByteBuffer.java:1561)
	at jadx.plugins.input.dex.sections.SectionReader.absPos(SectionReader.java:82)
	at jadx.plugins.input.dex.sections.SectionReader.getString(SectionReader.java:175)
	at jadx.plugins.input.dex.sections.SectionReader.getType(SectionReader.java:165)
	at jadx.plugins.input.dex.sections.SectionReader.fillFieldData(SectionReader.java:194)
	at jadx.plugins.input.dex.sections.SectionReader.getFieldRef(SectionReader.java:183)
	at jadx.plugins.input.dex.insns.DexInsnData.getIndexAsField(DexInsnData.java:131)
	at jadx.core.dex.visitors.usage.UsageInfoVisitor.processInsn(UsageInfoVisitor.java:150)
	at jadx.core.dex.visitors.usage.UsageInfoVisitor.lambda$processInstructions$0(UsageInfoVisitor.java:130)
	at jadx.plugins.input.dex.sections.DexCodeReader.visitInstructions(DexCodeReader.java:86)
	at jadx.core.dex.visitors.usage.UsageInfoVisitor.processInstructions(UsageInfoVisitor.java:128)
	at jadx.core.dex.visitors.usage.UsageInfoVisitor.processMethod(UsageInfoVisitor.java:113)
	at jadx.core.dex.visitors.usage.UsageInfoVisitor.processClass(UsageInfoVisitor.java:101)
	at jadx.core.dex.visitors.usage.UsageInfoVisitor.buildUsageData(UsageInfoVisitor.java:81)
	at jadx.core.dex.visitors.usage.UsageInfoVisitor.init(UsageInfoVisitor.java:65)
	at jadx.core.dex.nodes.RootNode.runPreDecompileStage(RootNode.java:356)
	at jadx.api.JadxDecompiler.load(JadxDecompiler.java:136)
	at jadx.cli.JadxCLI.runSave(JadxCLI.java:71)
	at jadx.cli.JadxCLI.execute(JadxCLI.java:44)
	at jadx.cli.JadxCLI.execute(JadxCLI.java:33)
	at jadx.cli.JadxCLI.main(JadxCLI.java:26)
ERROR - Dependency scan failed at insn: 0x0003: IPUT r9, r13 in method: com.shadow.kotlin.collections.AbstractCollection.contains(E):boolean, file: /workspace/xh/fixp_148608.dex
java.lang.IllegalArgumentException: newPosition < 0: (-1113212428 < 0)
	at java.base/java.nio.Buffer.createPositionException(Buffer.java:351)
	at java.base/java.nio.Buffer.position(Buffer.java:326)
	at java.base/java.nio.ByteBuffer.position(ByteBuffer.java:1561)
	at jadx.plugins.input.dex.sections.SectionReader.absPos(SectionReader.java:82)
	at jadx.plugins.input.dex.sections.SectionReader.getString(SectionReader.java:175)
	at jadx.plugins.input.dex.sections.SectionReader.getType(SectionReader.java:165)
	at jadx.plugins.input.dex.sections.SectionReader.fillFieldData(SectionReader.java:194)
	at jadx.plugins.input.dex.sections.SectionReader.getFieldRef(SectionReader.java:183)
	at jadx.plugins.input.dex.insns.DexInsnData.getIndexAsField(DexInsnData.java:131)
	at jadx.core.dex.visitors.usage.UsageInfoVisitor.processInsn(UsageInfoVisitor.java:150)
	at jadx.core.dex.visitors.usage.UsageInfoVisitor.lambda$processInstructions$0(UsageInfoVisitor.java:130)
	at jadx.plugins.input.dex.sections.DexCodeReader.visitInstructions(DexCodeReader.java:86)
	at jadx.core.dex.visitors.usage.UsageInfoVisitor.processInstructions(UsageInfoVisitor.java:128)
	at jadx.core.dex.visitors.usage.UsageInfoVisitor.processMethod(UsageInfoVisitor.java:113)
	at jadx.core.dex.visitors.usage.UsageInfoVisitor.processClass(UsageInfoVisitor.java:101)
	at jadx.core.dex.visitors.usage.UsageInfoVisitor.buildUsageData(UsageInfoVisitor.java:81)
	at jadx.core.dex.visitors.usage.UsageInfoVisitor.init(UsageInfoVisitor.java:65)
	at jadx.core.dex.nodes.RootNode.runPreDecompileStage(RootNode.java:356)
	at jadx.api.JadxDecompiler.load(JadxDecompiler.java:136)
	at jadx.cli.JadxCLI.runSave(JadxCLI.java:71)
	at jadx.cli.JadxCLI.execute(JadxCLI.java:44)
	at jadx.cli.JadxCLI.execute(JadxCLI.java:33)
	at jadx.cli.JadxCLI.main(JadxCLI.java:26)
ERROR - Dependency scan failed at insn: 0x001B: INVOKE_SUPER r6, r0, r2, r10 in method: com.shadow.kotlin.collections.AbstractCollection.contains(E):boolean, file: /workspace/xh/fixp_148608.dex
java.lang.IllegalArgumentException: newPosition > limit: (977615875 > 3323492)
	at java.base/java.nio.Buffer.createPositionException(Buffer.java:351)
	at java.base/java.nio.Buffer.position(Buffer.java:326)
	at java.base/java.nio.ByteBuffer.position(ByteBuffer.java:1561)
	at jadx.plugins.input.dex.sections.SectionReader.absPos(SectionReader.java:82)
	at jadx.plugins.input.dex.sections.SectionReader.readTypeListAt(SectionReader.java:141)
	at jadx.plugins.input.dex.sections.SectionReader.loadMethodRef(SectionReader.java:269)
	at jadx.plugins.input.dex.sections.DexMethodRef.load(DexMethodRef.java:28)
	at jadx.core.dex.info.MethodInfo.fromRef(MethodInfo.java:47)
	at jadx.core.dex.visitors.usage.UsageInfoVisitor.processInsn(UsageInfoVisitor.java:165)
	at jadx.core.dex.visitors.usage.UsageInfoVisitor.lambda$processInstructions$0(UsageInfoVisitor.java:130)
	at jadx.plugins.input.dex.sections.DexCodeReader.visitInstructions(DexCodeReader.java:86)
	at jadx.core.dex.visitors.usage.UsageInfoVisitor.processInstructions(UsageInfoVisitor.java:128)
	at jadx.core.dex.visitors.usage.UsageInfoVisitor.processMethod(UsageInfoVisitor.java:113)
	at jadx.core.dex.visitors.usage.UsageInfoVisitor.processClass(UsageInfoVisitor.java:101)
	at jadx.core.dex.visitors.usage.UsageInfoVisitor.buildUsageData(UsageInfoVisitor.java:81)
	at jadx.core.dex.visitors.usage.UsageInfoVisitor.init(UsageInfoVisitor.java:65)
	at jadx.core.dex.nodes.RootNode.runPreDecompileStage(RootNode.java:356)
	at jadx.api.JadxDecompiler.load(JadxDecompiler.java:136)
	at jadx.cli.JadxCLI.runSave(JadxCLI.java:71)
	at jadx.cli.JadxCLI.execute(JadxCLI.java:44)
	at jadx.cli.JadxCLI.execute(JadxCLI.java:33)
	at jadx.cli.JadxCLI.main(JadxCLI.java:26)
ERROR - Dependency scan failed at insn: 0x0013: INVOKE_VIRTUAL_RANGE r51460, r51461, r51462, r51463, r51464, r51465, r51466, r51467, r51468, r51469, r51470, r51471, r51472, r51473, r51474, r51475, r51476, r51477, r51478, r51479, r51480, r51481, r51482, r51483, r51484, r51485, r51486, r51487, r51488, r51489, r51490, r51491, r51492, r51493, r51494, r51495, r51496, r51497, r51498, r51499, r51500, r51501, r51502, r51503, r51504, r51505, r51506, r51507, r51508, r51509, r51510, r51511, r51512, r51513, r51514, r51515, r51516, r51517, r51518 in method: com.shadow.kotlin.collections.AbstractCollection.containsAll(java.util.Collection<? extends java.lang.Object>):boolean, file: /workspace/xh/fixp_148608.dex
java.lang.IllegalArgumentException: newPosition > limit: (346884244 > 3323492)
	at java.base/java.nio.Buffer.createPositionException(Buffer.java:351)
	at java.base/java.nio.Buffer.position(Buffer.java:326)
	at java.base/java.nio.ByteBuffer.position(ByteBuffer.java:1561)
	at jadx.plugins.input.dex.sections.SectionReader.absPos(SectionReader.java:82)
	at jadx.plugins.input.dex.sections.SectionReader.getString(SectionReader.java:175)
	at jadx.plugins.input.dex.sections.SectionReader.loadMethodRef(SectionReader.java:271)
	at jadx.plugins.input.dex.sections.DexMethodRef.load(DexMethodRef.java:28)
	at jadx.core.dex.info.MethodInfo.fromRef(MethodInfo.java:47)
	at jadx.core.dex.visitors.usage.UsageInfoVisitor.processInsn(UsageInfoVisitor.java:165)
	at jadx.core.dex.visitors.usage.UsageInfoVisitor.lambda$processInstructions$0(UsageInfoVisitor.java:130)
	at jadx.plugins.input.dex.sections.DexCodeReader.visitInstructions(DexCodeReader.java:86)
	at jadx.core.dex.visitors.usage.UsageInfoVisitor.processInstructions(UsageInfoVisitor.java:128)
	at jadx.core.dex.visitors.usage.UsageInfoVisitor.processMethod(UsageInfoVisitor.java:113)
	at jadx.core.dex.visitors.usage.UsageInfoVisitor.processClass(UsageInfoVisitor.java:101)
	at jadx.core.dex.visitors.usage.UsageInfoVisitor.buildUsageData(UsageInfoVisitor.java:81)
	at jadx.core.dex.visitors.usage.UsageInfoVisitor.init(UsageInfoVisitor.java:65)
	at jadx.core.dex.nodes.RootNode.runPreDecompileStage(RootNode.java:356)
	at jadx.api.JadxDecompiler.load(JadxDecompiler.java:136)
	at jadx.cli.JadxCLI.runSave(JadxCLI.java:71)
	at jadx.cli.JadxCLI.execute(JadxCLI.java:44)
	at jadx.cli.JadxCLI.execute(JadxCLI.java:33)
	at jadx.cli.JadxCLI.main(JadxCLI.java:26)
ERROR - Dependency scan failed at insn: 0x0003: SGET r188 in method: com.shadow.kotlin.collections.AbstractCollection.isEmpty():boolean, file: /workspace/xh/fixp_148608.dex
java.lang.IllegalArgumentException: newPosition > limit: (13121776 > 3323492)
	at java.base/java.nio.Buffer.createPositionException(Buffer.java:351)
	at java.base/java.nio.Buffer.position(Buffer.java:326)
	at java.base/java.nio.ByteBuffer.position(ByteBuffer.java:1561)
	at jadx.plugins.input.dex.sections.SectionReader.absPos(SectionReader.java:82)
	at jadx.plugins.input.dex.sections.SectionReader.getString(SectionReader.java:175)
	at jadx.plugins.input.dex.sections.SectionReader.getType(SectionReader.java:165)
	at jadx.plugins.input.dex.sections.SectionReader.fillFieldData(SectionReader.java:194)
	at jadx.plugins.input.dex.sections.SectionReader.getFieldRef(SectionReader.java:183)
	at jadx.plugins.input.dex.insns.DexInsnData.getIndexAsField(DexInsnData.java:131)
	at jadx.core.dex.visitors.usage.UsageInfoVisitor.processInsn(UsageInfoVisitor.java:150)
	at jadx.core.dex.visitors.usage.UsageInfoVisitor.lambda$processInstructions$0(UsageInfoVisitor.java:130)
	at jadx.plugins.input.dex.sections.DexCodeReader.visitInstructions(DexCodeReader.java:86)
	at jadx.core.dex.visitors.usage.UsageInfoVisitor.processInstructions(UsageInfoVisitor.java:128)
	at jadx.core.dex.visitors.usage.UsageInfoVisitor.processMethod(UsageInfoVisitor.java:113)
	at jadx.core.dex.visitors.usage.UsageInfoVisitor.processClass(UsageInfoVisitor.java:101)
	at jadx.core.dex.visitors.usage.UsageInfoVisitor.buildUsageData(UsageInfoVisitor.java:81)
	at jadx.core.dex.visitors.usage.UsageInfoVisitor.init(UsageInfoVisitor.java:65)
	at jadx.core.dex.nodes.RootNode.runPreDecompileStage(RootNode.java:356)
	at jadx.api.JadxDecompiler.load(JadxDecompiler.java:136)
	at jadx.cli.JadxCLI.runSave(JadxCLI.java:71)
	at jadx.cli.JadxCLI.execute(JadxCLI.java:44)
	at jadx.cli.JadxCLI.execute(JadxCLI.java:33)
	at jadx.cli.JadxCLI.main(JadxCLI.java:26)
ERROR - Dependency scan failed at insn: 0x0001: SGET r66 in method: com.shadow.kotlin.collections.AbstractCollection.removeAll(java.util.Collection<? extends java.lang.Object>):boolean, file: /workspace/xh/fixp_148608.dex
java.lang.IllegalArgumentException: newPosition > limit: (687189440 > 3323492)
	at java.base/java.nio.Buffer.createPositionException(Buffer.java:351)
	at java.base/java.nio.Buffer.position(Buffer.java:326)
	at java.base/java.nio.ByteBuffer.position(ByteBuffer.java:1561)
	at jadx.plugins.input.dex.sections.SectionReader.absPos(SectionReader.java:82)
	at jadx.plugins.input.dex.sections.SectionReader.getString(SectionReader.java:175)
	at jadx.plugins.input.dex.sections.SectionReader.fillFieldData(SectionReader.java:195)
	at jadx.plugins.input.dex.sections.SectionReader.getFieldRef(SectionReader.java:183)
	at jadx.plugins.input.dex.insns.DexInsnData.getIndexAsField(DexInsnData.java:131)
	at jadx.core.dex.visitors.usage.UsageInfoVisitor.processInsn(UsageInfoVisitor.java:150)
	at jadx.core.dex.visitors.usage.UsageInfoVisitor.lambda$processInstructions$0(UsageInfoVisitor.java:130)
	at jadx.plugins.input.dex.sections.DexCodeReader.visitInstructions(DexCodeReader.java:86)
	at jadx.core.dex.visitors.usage.UsageInfoVisitor.processInstructions(UsageInfoVisitor.java:128)
	at jadx.core.dex.visitors.usage.UsageInfoVisitor.processMethod(UsageInfoVisitor.java:113)
	at jadx.core.dex.visitors.usage.UsageInfoVisitor.processClass(UsageInfoVisitor.java:101)
	at jadx.core.dex.visitors.usage.UsageInfoVisitor.buildUsageData(UsageInfoVisitor.java:81)
	at jadx.core.dex.visitors.usage.UsageInfoVisitor.init(UsageInfoVisitor.java:65)
	at jadx.core.dex.nodes.RootNode.runPreDecompileStage(RootNode.java:356)
	at jadx.api.JadxDecompiler.load(JadxDecompiler.java:136)
	at jadx.cli.JadxCLI.runSave(JadxCLI.java:71)
	at jadx.cli.JadxCLI.execute(JadxCLI.java:44)
	at jadx.cli.JadxCLI.execute(JadxCLI.java:33)
	at jadx.cli.JadxCLI.main(JadxCLI.java:26)
ERROR - Dependency scan failed at insn: 0x0005: CHECK_CAST r100 in method: com.shadow.kotlin.collections.AbstractCollection.removeAll(java.util.Collection<? extends java.lang.Object>):boolean, file: /workspace/xh/fixp_148608.dex
java.lang.IllegalArgumentException: newPosition < 0: (-1314022000 < 0)
	at java.base/java.nio.Buffer.createPositionException(Buffer.java:351)
	at java.base/java.nio.Buffer.position(Buffer.java:326)
	at java.base/java.nio.ByteBuffer.position(ByteBuffer.java:1561)
	at jadx.plugins.input.dex.sections.SectionReader.absPos(SectionReader.java:82)
	at jadx.plugins.input.dex.sections.SectionReader.getString(SectionReader.java:175)
	at jadx.plugins.input.dex.sections.SectionReader.getType(SectionReader.java:165)
	at jadx.plugins.input.dex.insns.DexInsnData.getIndexAsType(DexInsnData.java:126)
	at jadx.core.dex.visitors.usage.UsageInfoVisitor.processInsn(UsageInfoVisitor.java:144)
	at jadx.core.dex.visitors.usage.UsageInfoVisitor.lambda$processInstructions$0(UsageInfoVisitor.java:130)
	at jadx.plugins.input.dex.sections.DexCodeReader.visitInstructions(DexCodeReader.java:86)
	at jadx.core.dex.visitors.usage.UsageInfoVisitor.processInstructions(UsageInfoVisitor.java:128)
	at jadx.core.dex.visitors.usage.UsageInfoVisitor.processMethod(UsageInfoVisitor.java:113)
	at jadx.core.dex.visitors.usage.UsageInfoVisitor.processClass(UsageInfoVisitor.java:101)
	at jadx.core.dex.visitors.usage.UsageInfoVisitor.buildUsageData(UsageInfoVisitor.java:81)
	at jadx.core.dex.visitors.usage.UsageInfoVisitor.init(UsageInfoVisitor.java:65)
	at jadx.core.dex.nodes.RootNode.runPreDecompileStage(RootNode.java:356)
	at jadx.api.JadxDecompiler.load(JadxDecompiler.java:136)
	at jadx.cli.JadxCLI.runSave(JadxCLI.java:71)
	at jadx.cli.JadxCLI.execute(JadxCLI.java:44)
	at jadx.cli.JadxCLI.execute(JadxCLI.java:33)
	at jadx.cli.JadxCLI.main(JadxCLI.java:26)
ERROR - Dependency scan failed at insn: 0x0001: SGET r91 in method: com.shadow.kotlin.collections.AbstractCollection.retainAll(java.util.Collection<? extends java.lang.Object>):boolean, file: /workspace/xh/fixp_148608.dex
java.lang.IllegalArgumentException: newPosition < 0: (-2058498620 < 0)
	at java.base/java.nio.Buffer.createPositionException(Buffer.java:351)
	at java.base/java.nio.Buffer.position(Buffer.java:326)
	at java.base/java.nio.ByteBuffer.position(ByteBuffer.java:1561)
	at jadx.plugins.input.dex.sections.SectionReader.absPos(SectionReader.java:82)
	at jadx.plugins.input.dex.sections.SectionReader.getString(SectionReader.java:175)
	at jadx.plugins.input.dex.sections.SectionReader.fillFieldData(SectionReader.java:195)
	at jadx.plugins.input.dex.sections.SectionReader.getFieldRef(SectionReader.java:183)
	at jadx.plugins.input.dex.insns.DexInsnData.getIndexAsField(DexInsnData.java:131)
	at jadx.core.dex.visitors.usage.UsageInfoVisitor.processInsn(UsageInfoVisitor.java:150)
	at jadx.core.dex.visitors.usage.UsageInfoVisitor.lambda$processInstructions$0(UsageInfoVisitor.java:130)
	at jadx.plugins.input.dex.sections.DexCodeReader.visitInstructions(DexCodeReader.java:86)
	at jadx.core.dex.visitors.usage.UsageInfoVisitor.processInstructions(UsageInfoVisitor.java:128)
	at jadx.core.dex.visitors.usage.UsageInfoVisitor.processMethod(UsageInfoVisitor.java:113)
	at jadx.core.dex.visitors.usage.UsageInfoVisitor.processClass(UsageInfoVisitor.java:101)
	at jadx.core.dex.visitors.usage.UsageInfoVisitor.buildUsageData(UsageInfoVisitor.java:81)
	at jadx.core.dex.visitors.usage.UsageInfoVisitor.init(UsageInfoVisitor.java:65)
	at jadx.core.dex.nodes.RootNode.runPreDecompileStage(RootNode.java:356)
	at jadx.api.JadxDecompiler.load(JadxDecompiler.java:136)
	at jadx.cli.JadxCLI.runSave(JadxCLI.java:71)
	at jadx.cli.JadxCLI.execute(JadxCLI.java:44)
	at jadx.cli.JadxCLI.execute(JadxCLI.java:33)
	at jadx.cli.JadxCLI.main(JadxCLI.java:26)
ERROR - Dependency scan failed at insn: 0x0003: SPUT r53 in method: com.shadow.kotlin.collections.AbstractCollection.retainAll(java.util.Collection<? extends java.lang.Object>):boolean, file: /workspace/xh/fixp_148608.dex
java.lang.IllegalArgumentException: newPosition < 0: (-1742208640 < 0)
	at java.base/java.nio.Buffer.createPositionException(Buffer.java:351)
	at java.base/java.nio.Buffer.position(Buffer.java:326)
	at java.base/java.nio.ByteBuffer.position(ByteBuffer.java:1561)
	at jadx.plugins.input.dex.sections.SectionReader.absPos(SectionReader.java:82)
	at jadx.plugins.input.dex.sections.SectionReader.getString(SectionReader.java:175)
	at jadx.plugins.input.dex.sections.SectionReader.fillFieldData(SectionReader.java:195)
	at jadx.plugins.input.dex.sections.SectionReader.getFieldRef(SectionReader.java:183)
	at jadx.plugins.input.dex.insns.DexInsnData.getIndexAsField(DexInsnData.java:131)
	at jadx.core.dex.visitors.usage.UsageInfoVisitor.processInsn(UsageInfoVisitor.java:150)
	at jadx.core.dex.visitors.usage.UsageInfoVisitor.lambda$processInstructions$0(UsageInfoVisitor.java:130)
	at jadx.plugins.input.dex.sections.DexCodeReader.visitInstructions(DexCodeReader.java:86)
	at jadx.core.dex.visitors.usage.UsageInfoVisitor.processInstructions(UsageInfoVisitor.java:128)
	at jadx.core.dex.visitors.usage.UsageInfoVisitor.processMethod(UsageInfoVisitor.java:113)
	at jadx.core.dex.visitors.usage.UsageInfoVisitor.processClass(UsageInfoVisitor.java:101)
	at jadx.core.dex.visitors.usage.UsageInfoVisitor.buildUsageData(UsageInfoVisitor.java:81)
	at jadx.core.dex.visitors.usage.UsageInfoVisitor.init(UsageInfoVisitor.java:65)
	at jadx.core.dex.nodes.RootNode.runPreDecompileStage(RootNode.java:356)
	at jadx.api.JadxDecompiler.load(JadxDecompiler.java:136)
	at jadx.cli.JadxCLI.runSave(JadxCLI.java:71)
	at jadx.cli.JadxCLI.execute(JadxCLI.java:44)
	at jadx.cli.JadxCLI.execute(JadxCLI.java:33)
	at jadx.cli.JadxCLI.main(JadxCLI.java:26)
ERROR - Dependency scan failed at insn: 0x0003: SGET r199 in method: com.shadow.kotlin.collections.AbstractCollection.size():int, file: /workspace/xh/fixp_148608.dex
java.lang.IllegalArgumentException: newPosition < 0: (-1112162820 < 0)
	at java.base/java.nio.Buffer.createPositionException(Buffer.java:351)
	at java.base/java.nio.Buffer.position(Buffer.java:326)
	at java.base/java.nio.ByteBuffer.position(ByteBuffer.java:1561)
	at jadx.plugins.input.dex.sections.SectionReader.absPos(SectionReader.java:82)
	at jadx.plugins.input.dex.sections.SectionReader.getString(SectionReader.java:175)
	at jadx.plugins.input.dex.sections.SectionReader.getType(SectionReader.java:165)
	at jadx.plugins.input.dex.sections.SectionReader.fillFieldData(SectionReader.java:194)
	at jadx.plugins.input.dex.sections.SectionReader.getFieldRef(SectionReader.java:183)
	at jadx.plugins.input.dex.insns.DexInsnData.getIndexAsField(DexInsnData.java:131)
	at jadx.core.dex.visitors.usage.UsageInfoVisitor.processInsn(UsageInfoVisitor.java:150)
	at jadx.core.dex.visitors.usage.UsageInfoVisitor.lambda$processInstructions$0(UsageInfoVisitor.java:130)
	at jadx.plugins.input.dex.sections.DexCodeReader.visitInstructions(DexCodeReader.java:86)
	at jadx.core.dex.visitors.usage.UsageInfoVisitor.processInstructions(UsageInfoVisitor.java:128)
	at jadx.core.dex.visitors.usage.UsageInfoVisitor.processMethod(UsageInfoVisitor.java:113)
	at jadx.core.dex.visitors.usage.UsageInfoVisitor.processClass(UsageInfoVisitor.java:101)
	at jadx.core.dex.visitors.usage.UsageInfoVisitor.buildUsageData(UsageInfoVisitor.java:81)
	at jadx.core.dex.visitors.usage.UsageInfoVisitor.init(UsageInfoVisitor.java:65)
	at jadx.core.dex.nodes.RootNode.runPreDecompileStage(RootNode.java:356)
	at jadx.api.JadxDecompiler.load(JadxDecompiler.java:136)
	at jadx.cli.JadxCLI.runSave(JadxCLI.java:71)
	at jadx.cli.JadxCLI.execute(JadxCLI.java:44)
	at jadx.cli.JadxCLI.execute(JadxCLI.java:33)
	at jadx.cli.JadxCLI.main(JadxCLI.java:26)
ERROR - Dependency scan failed at insn: 0x0000: SGET r251 in method: com.shadow.kotlin.collections.AbstractCollection.toArray():java.lang.Object[], file: /workspace/xh/fixp_148608.dex
java.lang.IllegalArgumentException: newPosition > limit: (321128304 > 3323492)
	at java.base/java.nio.Buffer.createPositionException(Buffer.java:351)
	at java.base/java.nio.Buffer.position(Buffer.java:326)
	at java.base/java.nio.ByteBuffer.position(ByteBuffer.java:1561)
	at jadx.plugins.input.dex.sections.SectionReader.absPos(SectionReader.java:82)
	at jadx.plugins.input.dex.sections.SectionReader.getString(SectionReader.java:175)
	at jadx.plugins.input.dex.sections.SectionReader.getType(SectionReader.java:165)
	at jadx.plugins.input.dex.sections.SectionReader.fillFieldData(SectionReader.java:194)
	at jadx.plugins.input.dex.sections.SectionReader.getFieldRef(SectionReader.java:183)
	at jadx.plugins.input.dex.insns.DexInsnData.getIndexAsField(DexInsnData.java:131)
	at jadx.core.dex.visitors.usage.UsageInfoVisitor.processInsn(UsageInfoVisitor.java:150)
	at jadx.core.dex.visitors.usage.UsageInfoVisitor.lambda$processInstructions$0(UsageInfoVisitor.java:130)
	at jadx.plugins.input.dex.sections.DexCodeReader.visitInstructions(DexCodeReader.java:86)
	at jadx.core.dex.visitors.usage.UsageInfoVisitor.processInstructions(UsageInfoVisitor.java:128)
	at jadx.core.dex.visitors.usage.UsageInfoVisitor.processMethod(UsageInfoVisitor.java:113)
	at jadx.core.dex.visitors.usage.UsageInfoVisitor.processClass(UsageInfoVisitor.java:101)
	at jadx.core.dex.visitors.usage.UsageInfoVisitor.buildUsageData(UsageInfoVisitor.java:81)
	at jadx.core.dex.visitors.usage.UsageInfoVisitor.init(UsageInfoVisitor.java:65)
	at jadx.core.dex.nodes.RootNode.runPreDecompileStage(RootNode.java:356)
	at jadx.api.JadxDecompiler.load(JadxDecompiler.java:136)
	at jadx.cli.JadxCLI.runSave(JadxCLI.java:71)
	at jadx.cli.JadxCLI.execute(JadxCLI.java:44)
	at jadx.cli.JadxCLI.execute(JadxCLI.java:33)
	at jadx.cli.JadxCLI.main(JadxCLI.java:26)
ERROR - Dependency scan failed at insn: 0x0009: NEW_ARRAY r10, r6 in method: com.shadow.kotlin.collections.AbstractCollection.toString():java.lang.String, file: /workspace/xh/fixp_148608.dex
jadx.core.utils.exceptions.JadxRuntimeException: Failed to parse type string: null
	at jadx.core.dex.instructions.args.ArgType.parse(ArgType.java:738)
	at jadx.core.dex.visitors.usage.UsageInfoVisitor.processInsn(UsageInfoVisitor.java:144)
	at jadx.core.dex.visitors.usage.UsageInfoVisitor.lambda$processInstructions$0(UsageInfoVisitor.java:130)
	at jadx.plugins.input.dex.sections.DexCodeReader.visitInstructions(DexCodeReader.java:86)
	at jadx.core.dex.visitors.usage.UsageInfoVisitor.processInstructions(UsageInfoVisitor.java:128)
	at jadx.core.dex.visitors.usage.UsageInfoVisitor.processMethod(UsageInfoVisitor.java:113)
	at jadx.core.dex.visitors.usage.UsageInfoVisitor.processClass(UsageInfoVisitor.java:101)
	at jadx.core.dex.visitors.usage.UsageInfoVisitor.buildUsageData(UsageInfoVisitor.java:81)
	at jadx.core.dex.visitors.usage.UsageInfoVisitor.init(UsageInfoVisitor.java:65)
	at jadx.core.dex.nodes.RootNode.runPreDecompileStage(RootNode.java:356)
	at jadx.api.JadxDecompiler.load(JadxDecompiler.java:136)
	at jadx.cli.JadxCLI.runSave(JadxCLI.java:71)
	at jadx.cli.JadxCLI.execute(JadxCLI.java:44)
	at jadx.cli.JadxCLI.execute(JadxCLI.java:33)
	at jadx.cli.JadxCLI.main(JadxCLI.java:26)
ERROR - Dependency scan failed at insn: 0x0003: IGET r14, r8 in method: com.shadow.kotlin.collections.AbstractCollection.toString.1.<init>(kotlin.collections.AbstractCollection<? extends E>):void, file: /workspace/xh/fixp_148608.dex
java.lang.IllegalArgumentException: newPosition < 0: (-1514288640 < 0)
	at java.base/java.nio.Buffer.createPositionException(Buffer.java:351)
	at java.base/java.nio.Buffer.position(Buffer.java:326)
	at java.base/java.nio.ByteBuffer.position(ByteBuffer.java:1561)
	at jadx.plugins.input.dex.sections.SectionReader.absPos(SectionReader.java:82)
	at jadx.plugins.input.dex.sections.SectionReader.getString(SectionReader.java:175)
	at jadx.plugins.input.dex.sections.SectionReader.getType(SectionReader.java:165)
	at jadx.plugins.input.dex.sections.SectionReader.fillFieldData(SectionReader.java:194)
	at jadx.plugins.input.dex.sections.SectionReader.getFieldRef(SectionReader.java:183)
	at jadx.plugins.input.dex.insns.DexInsnData.getIndexAsField(DexInsnData.java:131)
	at jadx.core.dex.visitors.usage.UsageInfoVisitor.processInsn(UsageInfoVisitor.java:150)
	at jadx.core.dex.visitors.usage.UsageInfoVisitor.lambda$processInstructions$0(UsageInfoVisitor.java:130)
	at jadx.plugins.input.dex.sections.DexCodeReader.visitInstructions(DexCodeReader.java:86)
	at jadx.core.dex.visitors.usage.UsageInfoVisitor.processInstructions(UsageInfoVisitor.java:128)
	at jadx.core.dex.visitors.usage.UsageInfoVisitor.processMethod(UsageInfoVisitor.java:113)
	at jadx.core.dex.visitors.usage.UsageInfoVisitor.processClass(UsageInfoVisitor.java:101)
	at jadx.core.dex.visitors.usage.UsageInfoVisitor.buildUsageData(UsageInfoVisitor.java:81)
	at jadx.core.dex.visitors.usage.UsageInfoVisitor.init(UsageInfoVisitor.java:65)
	at jadx.core.dex.nodes.RootNode.runPreDecompileStage(RootNode.java:356)
	at jadx.api.JadxDecompiler.load(JadxDecompiler.java:136)
	at jadx.cli.JadxCLI.runSave(JadxCLI.java:71)
	at jadx.cli.JadxCLI.execute(JadxCLI.java:44)
	at jadx.cli.JadxCLI.execute(JadxCLI.java:33)
	at jadx.cli.JadxCLI.main(JadxCLI.java:26)
ERROR - Dependency scan failed at insn: 0x0003: NEW_INSTANCE r4 in method: com.shadow.kotlin.collections.AbstractCollection.toString.1.invoke(java.lang.Object):java.lang.Object, file: /workspace/xh/fixp_148608.dex
java.lang.IllegalArgumentException: newPosition > limit: (1024229736 > 3323492)
	at java.base/java.nio.Buffer.createPositionException(Buffer.java:351)
	at java.base/java.nio.Buffer.position(Buffer.java:326)
	at java.base/java.nio.ByteBuffer.position(ByteBuffer.java:1561)
	at jadx.plugins.input.dex.sections.SectionReader.absPos(SectionReader.java:82)
	at jadx.plugins.input.dex.sections.SectionReader.getString(SectionReader.java:175)
	at jadx.plugins.input.dex.sections.SectionReader.getType(SectionReader.java:165)
	at jadx.plugins.input.dex.insns.DexInsnData.getIndexAsType(DexInsnData.java:126)
	at jadx.core.dex.visitors.usage.UsageInfoVisitor.processInsn(UsageInfoVisitor.java:144)
	at jadx.core.dex.visitors.usage.UsageInfoVisitor.lambda$processInstructions$0(UsageInfoVisitor.java:130)
	at jadx.plugins.input.dex.sections.DexCodeReader.visitInstructions(DexCodeReader.java:86)
	at jadx.core.dex.visitors.usage.UsageInfoVisitor.processInstructions(UsageInfoVisitor.java:128)
	at jadx.core.dex.visitors.usage.UsageInfoVisitor.processMethod(UsageInfoVisitor.java:113)
	at jadx.core.dex.visitors.usage.UsageInfoVisitor.processClass(UsageInfoVisitor.java:101)
	at jadx.core.dex.visitors.usage.UsageInfoVisitor.buildUsageData(UsageInfoVisitor.java:81)
	at jadx.core.dex.visitors.usage.UsageInfoVisitor.init(UsageInfoVisitor.java:65)
	at jadx.core.dex.nodes.RootNode.runPreDecompileStage(RootNode.java:356)
	at jadx.api.JadxDecompiler.load(JadxDecompiler.java:136)
	at jadx.cli.JadxCLI.runSave(JadxCLI.java:71)
	at jadx.cli.JadxCLI.execute(JadxCLI.java:44)
	at jadx.cli.JadxCLI.execute(JadxCLI.java:33)
	at jadx.cli.JadxCLI.main(JadxCLI.java:26)
ERROR - Dependency scan failed at insn: 0x0003: SGET r87 in method: com.shadow.kotlin.collections.AbstractList.WNoBg():void, file: /workspace/xh/fixp_148608.dex
java.lang.IllegalArgumentException: newPosition > limit: (8592224 > 3323492)
	at java.base/java.nio.Buffer.createPositionException(Buffer.java:351)
	at java.base/java.nio.Buffer.position(Buffer.java:326)
	at java.base/java.nio.ByteBuffer.position(ByteBuffer.java:1561)
	at jadx.plugins.input.dex.sections.SectionReader.absPos(SectionReader.java:82)
	at jadx.plugins.input.dex.sections.SectionReader.getString(SectionReader.java:175)
	at jadx.plugins.input.dex.sections.SectionReader.getType(SectionReader.java:165)
	at jadx.plugins.input.dex.sections.SectionReader.fillFieldData(SectionReader.java:194)
	at jadx.plugins.input.dex.sections.SectionReader.getFieldRef(SectionReader.java:183)
	at jadx.plugins.input.dex.insns.DexInsnData.getIndexAsField(DexInsnData.java:131)
	at jadx.core.dex.visitors.usage.UsageInfoVisitor.processInsn(UsageInfoVisitor.java:150)
	at jadx.core.dex.visitors.usage.UsageInfoVisitor.lambda$processInstructions$0(UsageInfoVisitor.java:130)
	at jadx.plugins.input.dex.sections.DexCodeReader.visitInstructions(DexCodeReader.java:86)
	at jadx.core.dex.visitors.usage.UsageInfoVisitor.processInstructions(UsageInfoVisitor.java:128)
	at jadx.core.dex.visitors.usage.UsageInfoVisitor.processMethod(UsageInfoVisitor.java:113)
	at jadx.core.dex.visitors.usage.UsageInfoVisitor.processClass(UsageInfoVisitor.java:101)
	at jadx.core.dex.visitors.usage.UsageInfoVisitor.buildUsageData(UsageInfoVisitor.java:81)
	at jadx.core.dex.visitors.usage.UsageInfoVisitor.init(UsageInfoVisitor.java:65)
	at jadx.core.dex.nodes.RootNode.runPreDecompileStage(RootNode.java:356)
	at jadx.api.JadxDecompiler.load(JadxDecompiler.java:136)
	at jadx.cli.JadxCLI.runSave(JadxCLI.java:71)
	at jadx.cli.JadxCLI.execute(JadxCLI.java:44)
	at jadx.cli.JadxCLI.execute(JadxCLI.java:33)
	at jadx.cli.JadxCLI.main(JadxCLI.java:26)
ERROR - Dependency scan failed in method: com.shadow.kotlin.collections.AbstractList.WNoBg():void, file: /workspace/xh/fixp_148608.dex
java.lang.ArrayIndexOutOfBoundsException: Index 5 out of bounds for length 5
	at jadx.plugins.input.dex.insns.DexInsnData.toString(DexInsnData.java:251)
	at java.base/java.lang.String.valueOf(String.java:4530)
	at jadx.core.dex.visitors.usage.UsageInfoVisitor.lambda$processInstructions$0(UsageInfoVisitor.java:132)
	at jadx.plugins.input.dex.sections.DexCodeReader.visitInstructions(DexCodeReader.java:86)
	at jadx.core.dex.visitors.usage.UsageInfoVisitor.processInstructions(UsageInfoVisitor.java:128)
	at jadx.core.dex.visitors.usage.UsageInfoVisitor.processMethod(UsageInfoVisitor.java:113)
	at jadx.core.dex.visitors.usage.UsageInfoVisitor.processClass(UsageInfoVisitor.java:101)
	at jadx.core.dex.visitors.usage.UsageInfoVisitor.buildUsageData(UsageInfoVisitor.java:81)
	at jadx.core.dex.visitors.usage.UsageInfoVisitor.init(UsageInfoVisitor.java:65)
	at jadx.core.dex.nodes.RootNode.runPreDecompileStage(RootNode.java:356)
	at jadx.api.JadxDecompiler.load(JadxDecompiler.java:136)
	at jadx.cli.JadxCLI.runSave(JadxCLI.java:71)
	at jadx.cli.JadxCLI.execute(JadxCLI.java:44)
	at jadx.cli.JadxCLI.execute(JadxCLI.java:33)
	at jadx.cli.JadxCLI.main(JadxCLI.java:26)
ERROR - Dependency scan failed at insn: 0x0002: INVOKE_DIRECT r1, r9, r2, r2 in method: com.shadow.kotlin.collections.AbstractList.add(int, E):void, file: /workspace/xh/fixp_148608.dex
java.lang.IllegalArgumentException: newPosition < 0: (-610804832 < 0)
	at java.base/java.nio.Buffer.createPositionException(Buffer.java:351)
	at java.base/java.nio.Buffer.position(Buffer.java:326)
	at java.base/java.nio.ByteBuffer.position(ByteBuffer.java:1561)
	at jadx.plugins.input.dex.sections.SectionReader.absPos(SectionReader.java:82)
	at jadx.plugins.input.dex.sections.SectionReader.readTypeListAt(SectionReader.java:141)
	at jadx.plugins.input.dex.sections.SectionReader.loadMethodRef(SectionReader.java:269)
	at jadx.plugins.input.dex.sections.DexMethodRef.load(DexMethodRef.java:28)
	at jadx.core.dex.info.MethodInfo.fromRef(MethodInfo.java:47)
	at jadx.core.dex.visitors.usage.UsageInfoVisitor.processInsn(UsageInfoVisitor.java:165)
	at jadx.core.dex.visitors.usage.UsageInfoVisitor.lambda$processInstructions$0(UsageInfoVisitor.java:130)
	at jadx.plugins.input.dex.sections.DexCodeReader.visitInstructions(DexCodeReader.java:86)
	at jadx.core.dex.visitors.usage.UsageInfoVisitor.processInstructions(UsageInfoVisitor.java:128)
	at jadx.core.dex.visitors.usage.UsageInfoVisitor.processMethod(UsageInfoVisitor.java:113)
	at jadx.core.dex.visitors.usage.UsageInfoVisitor.processClass(UsageInfoVisitor.java:101)
	at jadx.core.dex.visitors.usage.UsageInfoVisitor.buildUsageData(UsageInfoVisitor.java:81)
	at jadx.core.dex.visitors.usage.UsageInfoVisitor.init(UsageInfoVisitor.java:65)
	at jadx.core.dex.nodes.RootNode.runPreDecompileStage(RootNode.java:356)
	at jadx.api.JadxDecompiler.load(JadxDecompiler.java:136)
	at jadx.cli.JadxCLI.runSave(JadxCLI.java:71)
	at jadx.cli.JadxCLI.execute(JadxCLI.java:44)
	at jadx.cli.JadxCLI.execute(JadxCLI.java:33)
	at jadx.cli.JadxCLI.main(JadxCLI.java:26)
ERROR - Dependency scan failed at insn: 0x0006: INVOKE_INTERFACE r3, r0, r0 in method: com.shadow.kotlin.collections.AbstractList.add(int, E):void, file: /workspace/xh/fixp_148608.dex
java.lang.IllegalArgumentException: newPosition < 0: (-609494118 < 0)
	at java.base/java.nio.Buffer.createPositionException(Buffer.java:351)
	at java.base/java.nio.Buffer.position(Buffer.java:326)
	at java.base/java.nio.ByteBuffer.position(ByteBuffer.java:1561)
	at jadx.plugins.input.dex.sections.SectionReader.absPos(SectionReader.java:82)
	at jadx.plugins.input.dex.sections.SectionReader.readTypeListAt(SectionReader.java:141)
	at jadx.plugins.input.dex.sections.SectionReader.loadMethodRef(SectionReader.java:269)
	at jadx.plugins.input.dex.sections.DexMethodRef.load(DexMethodRef.java:28)
	at jadx.core.dex.info.MethodInfo.fromRef(MethodInfo.java:47)
	at jadx.core.dex.visitors.usage.UsageInfoVisitor.processInsn(UsageInfoVisitor.java:165)
	at jadx.core.dex.visitors.usage.UsageInfoVisitor.lambda$processInstructions$0(UsageInfoVisitor.java:130)
	at jadx.plugins.input.dex.sections.DexCodeReader.visitInstructions(DexCodeReader.java:86)
	at jadx.core.dex.visitors.usage.UsageInfoVisitor.processInstructions(UsageInfoVisitor.java:128)
	at jadx.core.dex.visitors.usage.UsageInfoVisitor.processMethod(UsageInfoVisitor.java:113)
	at jadx.core.dex.visitors.usage.UsageInfoVisitor.processClass(UsageInfoVisitor.java:101)
	at jadx.core.dex.visitors.usage.UsageInfoVisitor.buildUsageData(UsageInfoVisitor.java:81)
	at jadx.core.dex.visitors.usage.UsageInfoVisitor.init(UsageInfoVisitor.java:65)
	at jadx.core.dex.nodes.RootNode.runPreDecompileStage(RootNode.java:356)
	at jadx.api.JadxDecompiler.load(JadxDecompiler.java:136)
	at jadx.cli.JadxCLI.runSave(JadxCLI.java:71)
	at jadx.cli.JadxCLI.execute(JadxCLI.java:44)
	at jadx.cli.JadxCLI.execute(JadxCLI.java:33)
	at jadx.cli.JadxCLI.main(JadxCLI.java:26)
ERROR - Dependency scan failed at insn: 0x0006: SGET r42 in method: com.shadow.kotlin.collections.AbstractList.equals(java.lang.Object):boolean, file: /workspace/xh/fixp_148608.dex
java.lang.IllegalArgumentException: newPosition < 0: (-1114820356 < 0)
	at java.base/java.nio.Buffer.createPositionException(Buffer.java:351)
	at java.base/java.nio.Buffer.position(Buffer.java:326)
	at java.base/java.nio.ByteBuffer.position(ByteBuffer.java:1561)
	at jadx.plugins.input.dex.sections.SectionReader.absPos(SectionReader.java:82)
	at jadx.plugins.input.dex.sections.SectionReader.getString(SectionReader.java:175)
	at jadx.plugins.input.dex.sections.SectionReader.fillFieldData(SectionReader.java:195)
	at jadx.plugins.input.dex.sections.SectionReader.getFieldRef(SectionReader.java:183)
	at jadx.plugins.input.dex.insns.DexInsnData.getIndexAsField(DexInsnData.java:131)
	at jadx.core.dex.visitors.usage.UsageInfoVisitor.processInsn(UsageInfoVisitor.java:150)
	at jadx.core.dex.visitors.usage.UsageInfoVisitor.lambda$processInstructions$0(UsageInfoVisitor.java:130)
	at jadx.plugins.input.dex.sections.DexCodeReader.visitInstructions(DexCodeReader.java:86)
	at jadx.core.dex.visitors.usage.UsageInfoVisitor.processInstructions(UsageInfoVisitor.java:128)
	at jadx.core.dex.visitors.usage.UsageInfoVisitor.processMethod(UsageInfoVisitor.java:113)
	at jadx.core.dex.visitors.usage.UsageInfoVisitor.processClass(UsageInfoVisitor.java:101)
	at jadx.core.dex.visitors.usage.UsageInfoVisitor.buildUsageData(UsageInfoVisitor.java:81)
	at jadx.core.dex.visitors.usage.UsageInfoVisitor.init(UsageInfoVisitor.java:65)
	at jadx.core.dex.nodes.RootNode.runPreDecompileStage(RootNode.java:356)
	at jadx.api.JadxDecompiler.load(JadxDecompiler.java:136)
	at jadx.cli.JadxCLI.runSave(JadxCLI.java:71)
	at jadx.cli.JadxCLI.execute(JadxCLI.java:44)
	at jadx.cli.JadxCLI.execute(JadxCLI.java:33)
	at jadx.cli.JadxCLI.main(JadxCLI.java:26)
ERROR - Dependency scan failed at insn: 0x000C: IPUT r10, r0 in method: com.shadow.kotlin.collections.AbstractList.equals(java.lang.Object):boolean, file: /workspace/xh/fixp_148608.dex
java.lang.IllegalArgumentException: newPosition > limit: (691351924 > 3323492)
	at java.base/java.nio.Buffer.createPositionException(Buffer.java:351)
	at java.base/java.nio.Buffer.position(Buffer.java:326)
	at java.base/java.nio.ByteBuffer.position(ByteBuffer.java:1561)
	at jadx.plugins.input.dex.sections.SectionReader.absPos(SectionReader.java:82)
	at jadx.plugins.input.dex.sections.SectionReader.getString(SectionReader.java:175)
	at jadx.plugins.input.dex.sections.SectionReader.fillFieldData(SectionReader.java:195)
	at jadx.plugins.input.dex.sections.SectionReader.getFieldRef(SectionReader.java:183)
	at jadx.plugins.input.dex.insns.DexInsnData.getIndexAsField(DexInsnData.java:131)
	at jadx.core.dex.visitors.usage.UsageInfoVisitor.processInsn(UsageInfoVisitor.java:150)
	at jadx.core.dex.visitors.usage.UsageInfoVisitor.lambda$processInstructions$0(UsageInfoVisitor.java:130)
	at jadx.plugins.input.dex.sections.DexCodeReader.visitInstructions(DexCodeReader.java:86)
	at jadx.core.dex.visitors.usage.UsageInfoVisitor.processInstructions(UsageInfoVisitor.java:128)
	at jadx.core.dex.visitors.usage.UsageInfoVisitor.processMethod(UsageInfoVisitor.java:113)
	at jadx.core.dex.visitors.usage.UsageInfoVisitor.processClass(UsageInfoVisitor.java:101)
	at jadx.core.dex.visitors.usage.UsageInfoVisitor.buildUsageData(UsageInfoVisitor.java:81)
	at jadx.core.dex.visitors.usage.UsageInfoVisitor.init(UsageInfoVisitor.java:65)
	at jadx.core.dex.nodes.RootNode.runPreDecompileStage(RootNode.java:356)
	at jadx.api.JadxDecompiler.load(JadxDecompiler.java:136)
	at jadx.cli.JadxCLI.runSave(JadxCLI.java:71)
	at jadx.cli.JadxCLI.execute(JadxCLI.java:44)
	at jadx.cli.JadxCLI.execute(JadxCLI.java:33)
	at jadx.cli.JadxCLI.main(JadxCLI.java:26)
ERROR - Dependency scan failed at insn: 0x0013: IPUT r10, r3 in method: com.shadow.kotlin.collections.AbstractList.equals(java.lang.Object):boolean, file: /workspace/xh/fixp_148608.dex
java.lang.IllegalArgumentException: newPosition < 0: (-643444236 < 0)
	at java.base/java.nio.Buffer.createPositionException(Buffer.java:351)
	at java.base/java.nio.Buffer.position(Buffer.java:326)
	at java.base/java.nio.ByteBuffer.position(ByteBuffer.java:1561)
	at jadx.plugins.input.dex.sections.SectionReader.absPos(SectionReader.java:82)
	at jadx.plugins.input.dex.sections.SectionReader.getString(SectionReader.java:175)
	at jadx.plugins.input.dex.sections.SectionReader.fillFieldData(SectionReader.java:195)
	at jadx.plugins.input.dex.sections.SectionReader.getFieldRef(SectionReader.java:183)
	at jadx.plugins.input.dex.insns.DexInsnData.getIndexAsField(DexInsnData.java:131)
	at jadx.core.dex.visitors.usage.UsageInfoVisitor.processInsn(UsageInfoVisitor.java:150)
	at jadx.core.dex.visitors.usage.UsageInfoVisitor.lambda$processInstructions$0(UsageInfoVisitor.java:130)
	at jadx.plugins.input.dex.sections.DexCodeReader.visitInstructions(DexCodeReader.java:86)
	at jadx.core.dex.visitors.usage.UsageInfoVisitor.processInstructions(UsageInfoVisitor.java:128)
	at jadx.core.dex.visitors.usage.UsageInfoVisitor.processMethod(UsageInfoVisitor.java:113)
	at jadx.core.dex.visitors.usage.UsageInfoVisitor.processClass(UsageInfoVisitor.java:101)
	at jadx.core.dex.visitors.usage.UsageInfoVisitor.buildUsageData(UsageInfoVisitor.java:81)
	at jadx.core.dex.visitors.usage.UsageInfoVisitor.init(UsageInfoVisitor.java:65)
	at jadx.core.dex.nodes.RootNode.runPreDecompileStage(RootNode.java:356)
	at jadx.api.JadxDecompiler.load(JadxDecompiler.java:136)
	at jadx.cli.JadxCLI.runSave(JadxCLI.java:71)
	at jadx.cli.JadxCLI.execute(JadxCLI.java:44)
	at jadx.cli.JadxCLI.execute(JadxCLI.java:33)
	at jadx.cli.JadxCLI.main(JadxCLI.java:26)
ERROR - Dependency scan failed at insn: 0x001F: IGET r2, r0 in method: com.shadow.kotlin.collections.AbstractList.equals(java.lang.Object):boolean, file: /workspace/xh/fixp_148608.dex
java.lang.IllegalArgumentException: newPosition < 0: (-1114271212 < 0)
	at java.base/java.nio.Buffer.createPositionException(Buffer.java:351)
	at java.base/java.nio.Buffer.position(Buffer.java:326)
	at java.base/java.nio.ByteBuffer.position(ByteBuffer.java:1561)
	at jadx.plugins.input.dex.sections.SectionReader.absPos(SectionReader.java:82)
	at jadx.plugins.input.dex.sections.SectionReader.getString(SectionReader.java:175)
	at jadx.plugins.input.dex.sections.SectionReader.fillFieldData(SectionReader.java:195)
	at jadx.plugins.input.dex.sections.SectionReader.getFieldRef(SectionReader.java:183)
	at jadx.plugins.input.dex.insns.DexInsnData.getIndexAsField(DexInsnData.java:131)
	at jadx.core.dex.visitors.usage.UsageInfoVisitor.processInsn(UsageInfoVisitor.java:150)
	at jadx.core.dex.visitors.usage.UsageInfoVisitor.lambda$processInstructions$0(UsageInfoVisitor.java:130)
	at jadx.plugins.input.dex.sections.DexCodeReader.visitInstructions(DexCodeReader.java:86)
	at jadx.core.dex.visitors.usage.UsageInfoVisitor.processInstructions(UsageInfoVisitor.java:128)
	at jadx.core.dex.visitors.usage.UsageInfoVisitor.processMethod(UsageInfoVisitor.java:113)
	at jadx.core.dex.visitors.usage.UsageInfoVisitor.processClass(UsageInfoVisitor.java:101)
	at jadx.core.dex.visitors.usage.UsageInfoVisitor.buildUsageData(UsageInfoVisitor.java:81)
	at jadx.core.dex.visitors.usage.UsageInfoVisitor.init(UsageInfoVisitor.java:65)
	at jadx.core.dex.nodes.RootNode.runPreDecompileStage(RootNode.java:356)
	at jadx.api.JadxDecompiler.load(JadxDecompiler.java:136)
	at jadx.cli.JadxCLI.runSave(JadxCLI.java:71)
	at jadx.cli.JadxCLI.execute(JadxCLI.java:44)
	at jadx.cli.JadxCLI.execute(JadxCLI.java:33)
	at jadx.cli.JadxCLI.main(JadxCLI.java:26)
ERROR - Dependency scan failed at insn: 0x0001: CHECK_CAST r176 in method: com.shadow.kotlin.collections.AbstractList.hashCode():int, file: /workspace/xh/fixp_148608.dex
java.lang.IllegalArgumentException: newPosition > limit: (500533748 > 3323492)
	at java.base/java.nio.Buffer.createPositionException(Buffer.java:351)
	at java.base/java.nio.Buffer.position(Buffer.java:326)
	at java.base/java.nio.ByteBuffer.position(ByteBuffer.java:1561)
	at jadx.plugins.input.dex.sections.SectionReader.absPos(SectionReader.java:82)
	at jadx.plugins.input.dex.sections.SectionReader.getString(SectionReader.java:175)
	at jadx.plugins.input.dex.sections.SectionReader.getType(SectionReader.java:165)
	at jadx.plugins.input.dex.insns.DexInsnData.getIndexAsType(DexInsnData.java:126)
	at jadx.core.dex.visitors.usage.UsageInfoVisitor.processInsn(UsageInfoVisitor.java:144)
	at jadx.core.dex.visitors.usage.UsageInfoVisitor.lambda$processInstructions$0(UsageInfoVisitor.java:130)
	at jadx.plugins.input.dex.sections.DexCodeReader.visitInstructions(DexCodeReader.java:86)
	at jadx.core.dex.visitors.usage.UsageInfoVisitor.processInstructions(UsageInfoVisitor.java:128)
	at jadx.core.dex.visitors.usage.UsageInfoVisitor.processMethod(UsageInfoVisitor.java:113)
	at jadx.core.dex.visitors.usage.UsageInfoVisitor.processClass(UsageInfoVisitor.java:101)
	at jadx.core.dex.visitors.usage.UsageInfoVisitor.buildUsageData(UsageInfoVisitor.java:81)
	at jadx.core.dex.visitors.usage.UsageInfoVisitor.init(UsageInfoVisitor.java:65)
	at jadx.core.dex.nodes.RootNode.runPreDecompileStage(RootNode.java:356)
	at jadx.api.JadxDecompiler.load(JadxDecompiler.java:136)
	at jadx.cli.JadxCLI.runSave(JadxCLI.java:71)
	at jadx.cli.JadxCLI.execute(JadxCLI.java:44)
	at jadx.cli.JadxCLI.execute(JadxCLI.java:33)
	at jadx.cli.JadxCLI.main(JadxCLI.java:26)
ERROR - Dependency scan failed at insn: 0x0011: SGET r107 in method: com.shadow.kotlin.collections.AbstractList.indexOf(E):int, file: /workspace/xh/fixp_148608.dex
java.lang.IllegalArgumentException: newPosition > limit: (13131424 > 3323492)
	at java.base/java.nio.Buffer.createPositionException(Buffer.java:351)
	at java.base/java.nio.Buffer.position(Buffer.java:326)
	at java.base/java.nio.ByteBuffer.position(ByteBuffer.java:1561)
	at jadx.plugins.input.dex.sections.SectionReader.absPos(SectionReader.java:82)
	at jadx.plugins.input.dex.sections.SectionReader.getString(SectionReader.java:175)
	at jadx.plugins.input.dex.sections.SectionReader.getType(SectionReader.java:165)
	at jadx.plugins.input.dex.sections.SectionReader.fillFieldData(SectionReader.java:194)
	at jadx.plugins.input.dex.sections.SectionReader.getFieldRef(SectionReader.java:183)
	at jadx.plugins.input.dex.insns.DexInsnData.getIndexAsField(DexInsnData.java:131)
	at jadx.core.dex.visitors.usage.UsageInfoVisitor.processInsn(UsageInfoVisitor.java:150)
	at jadx.core.dex.visitors.usage.UsageInfoVisitor.lambda$processInstructions$0(UsageInfoVisitor.java:130)
	at jadx.plugins.input.dex.sections.DexCodeReader.visitInstructions(DexCodeReader.java:86)
	at jadx.core.dex.visitors.usage.UsageInfoVisitor.processInstructions(UsageInfoVisitor.java:128)
	at jadx.core.dex.visitors.usage.UsageInfoVisitor.processMethod(UsageInfoVisitor.java:113)
	at jadx.core.dex.visitors.usage.UsageInfoVisitor.processClass(UsageInfoVisitor.java:101)
	at jadx.core.dex.visitors.usage.UsageInfoVisitor.buildUsageData(UsageInfoVisitor.java:81)
	at jadx.core.dex.visitors.usage.UsageInfoVisitor.init(UsageInfoVisitor.java:65)
	at jadx.core.dex.nodes.RootNode.runPreDecompileStage(RootNode.java:356)
	at jadx.api.JadxDecompiler.load(JadxDecompiler.java:136)
	at jadx.cli.JadxCLI.runSave(JadxCLI.java:71)
	at jadx.cli.JadxCLI.execute(JadxCLI.java:44)
	at jadx.cli.JadxCLI.execute(JadxCLI.java:33)
	at jadx.cli.JadxCLI.main(JadxCLI.java:26)
ERROR - Dependency scan failed at insn: 0x0016: IGET r13, r12 in method: com.shadow.kotlin.collections.AbstractList.indexOf(E):int, file: /workspace/xh/fixp_148608.dex
java.lang.IllegalArgumentException: newPosition > limit: (1140861284 > 3323492)
	at java.base/java.nio.Buffer.createPositionException(Buffer.java:351)
	at java.base/java.nio.Buffer.position(Buffer.java:326)
	at java.base/java.nio.ByteBuffer.position(ByteBuffer.java:1561)
	at jadx.plugins.input.dex.sections.SectionReader.absPos(SectionReader.java:82)
	at jadx.plugins.input.dex.sections.SectionReader.getString(SectionReader.java:175)
	at jadx.plugins.input.dex.sections.SectionReader.fillFieldData(SectionReader.java:195)
	at jadx.plugins.input.dex.sections.SectionReader.getFieldRef(SectionReader.java:183)
	at jadx.plugins.input.dex.insns.DexInsnData.getIndexAsField(DexInsnData.java:131)
	at jadx.core.dex.visitors.usage.UsageInfoVisitor.processInsn(UsageInfoVisitor.java:150)
	at jadx.core.dex.visitors.usage.UsageInfoVisitor.lambda$processInstructions$0(UsageInfoVisitor.java:130)
	at jadx.plugins.input.dex.sections.DexCodeReader.visitInstructions(DexCodeReader.java:86)
	at jadx.core.dex.visitors.usage.UsageInfoVisitor.processInstructions(UsageInfoVisitor.java:128)
	at jadx.core.dex.visitors.usage.UsageInfoVisitor.processMethod(UsageInfoVisitor.java:113)
	at jadx.core.dex.visitors.usage.UsageInfoVisitor.processClass(UsageInfoVisitor.java:101)
	at jadx.core.dex.visitors.usage.UsageInfoVisitor.buildUsageData(UsageInfoVisitor.java:81)
	at jadx.core.dex.visitors.usage.UsageInfoVisitor.init(UsageInfoVisitor.java:65)
	at jadx.core.dex.nodes.RootNode.runPreDecompileStage(RootNode.java:356)
	at jadx.api.JadxDecompiler.load(JadxDecompiler.java:136)
	at jadx.cli.JadxCLI.runSave(JadxCLI.java:71)
	at jadx.cli.JadxCLI.execute(JadxCLI.java:44)
	at jadx.cli.JadxCLI.execute(JadxCLI.java:33)
	at jadx.cli.JadxCLI.main(JadxCLI.java:26)
ERROR - Dependency scan failed at insn: 0x0018: SGET r56 in method: com.shadow.kotlin.collections.AbstractList.indexOf(E):int, file: /workspace/xh/fixp_148608.dex
java.lang.IllegalArgumentException: newPosition < 0: (-1315855212 < 0)
	at java.base/java.nio.Buffer.createPositionException(Buffer.java:351)
	at java.base/java.nio.Buffer.position(Buffer.java:326)
	at java.base/java.nio.ByteBuffer.position(ByteBuffer.java:1561)
	at jadx.plugins.input.dex.sections.SectionReader.absPos(SectionReader.java:82)
	at jadx.plugins.input.dex.sections.SectionReader.getString(SectionReader.java:175)
	at jadx.plugins.input.dex.sections.SectionReader.fillFieldData(SectionReader.java:195)
	at jadx.plugins.input.dex.sections.SectionReader.getFieldRef(SectionReader.java:183)
	at jadx.plugins.input.dex.insns.DexInsnData.getIndexAsField(DexInsnData.java:131)
	at jadx.core.dex.visitors.usage.UsageInfoVisitor.processInsn(UsageInfoVisitor.java:150)
	at jadx.core.dex.visitors.usage.UsageInfoVisitor.lambda$processInstructions$0(UsageInfoVisitor.java:130)
	at jadx.plugins.input.dex.sections.DexCodeReader.visitInstructions(DexCodeReader.java:86)
	at jadx.core.dex.visitors.usage.UsageInfoVisitor.processInstructions(UsageInfoVisitor.java:128)
	at jadx.core.dex.visitors.usage.UsageInfoVisitor.processMethod(UsageInfoVisitor.java:113)
	at jadx.core.dex.visitors.usage.UsageInfoVisitor.processClass(UsageInfoVisitor.java:101)
	at jadx.core.dex.visitors.usage.UsageInfoVisitor.buildUsageData(UsageInfoVisitor.java:81)
	at jadx.core.dex.visitors.usage.UsageInfoVisitor.init(UsageInfoVisitor.java:65)
	at jadx.core.dex.nodes.RootNode.runPreDecompileStage(RootNode.java:356)
	at jadx.api.JadxDecompiler.load(JadxDecompiler.java:136)
	at jadx.cli.JadxCLI.runSave(JadxCLI.java:71)
	at jadx.cli.JadxCLI.execute(JadxCLI.java:44)
	at jadx.cli.JadxCLI.execute(JadxCLI.java:33)
	at jadx.cli.JadxCLI.main(JadxCLI.java:26)
ERROR - Dependency scan failed at insn: 0x0004: SGET r39 in method: com.shadow.kotlin.collections.AbstractList.iterator():java.util.Iterator<E>, file: /workspace/xh/fixp_148608.dex
java.lang.IllegalArgumentException: newPosition > limit: (124782480 > 3323492)
	at java.base/java.nio.Buffer.createPositionException(Buffer.java:351)
	at java.base/java.nio.Buffer.position(Buffer.java:326)
	at java.base/java.nio.ByteBuffer.position(ByteBuffer.java:1561)
	at jadx.plugins.input.dex.sections.SectionReader.absPos(SectionReader.java:82)
	at jadx.plugins.input.dex.sections.SectionReader.getString(SectionReader.java:175)
	at jadx.plugins.input.dex.sections.SectionReader.getType(SectionReader.java:165)
	at jadx.plugins.input.dex.sections.SectionReader.fillFieldData(SectionReader.java:194)
	at jadx.plugins.input.dex.sections.SectionReader.getFieldRef(SectionReader.java:183)
	at jadx.plugins.input.dex.insns.DexInsnData.getIndexAsField(DexInsnData.java:131)
	at jadx.core.dex.visitors.usage.UsageInfoVisitor.processInsn(UsageInfoVisitor.java:150)
	at jadx.core.dex.visitors.usage.UsageInfoVisitor.lambda$processInstructions$0(UsageInfoVisitor.java:130)
	at jadx.plugins.input.dex.sections.DexCodeReader.visitInstructions(DexCodeReader.java:86)
	at jadx.core.dex.visitors.usage.UsageInfoVisitor.processInstructions(UsageInfoVisitor.java:128)
	at jadx.core.dex.visitors.usage.UsageInfoVisitor.processMethod(UsageInfoVisitor.java:113)
	at jadx.core.dex.visitors.usage.UsageInfoVisitor.processClass(UsageInfoVisitor.java:101)
	at jadx.core.dex.visitors.usage.UsageInfoVisitor.buildUsageData(UsageInfoVisitor.java:81)
	at jadx.core.dex.visitors.usage.UsageInfoVisitor.init(UsageInfoVisitor.java:65)
	at jadx.core.dex.nodes.RootNode.runPreDecompileStage(RootNode.java:356)
	at jadx.api.JadxDecompiler.load(JadxDecompiler.java:136)
	at jadx.cli.JadxCLI.runSave(JadxCLI.java:71)
	at jadx.cli.JadxCLI.execute(JadxCLI.java:44)
	at jadx.cli.JadxCLI.execute(JadxCLI.java:33)
	at jadx.cli.JadxCLI.main(JadxCLI.java:26)
ERROR - Dependency scan failed at insn: 0x0007: SGET r121 in method: com.shadow.kotlin.collections.AbstractList.lastIndexOf(E):int, file: /workspace/xh/fixp_148608.dex
java.lang.IllegalArgumentException: newPosition < 0: (-908485256 < 0)
	at java.base/java.nio.Buffer.createPositionException(Buffer.java:351)
	at java.base/java.nio.Buffer.position(Buffer.java:326)
	at java.base/java.nio.ByteBuffer.position(ByteBuffer.java:1561)
	at jadx.plugins.input.dex.sections.SectionReader.absPos(SectionReader.java:82)
	at jadx.plugins.input.dex.sections.SectionReader.getString(SectionReader.java:175)
	at jadx.plugins.input.dex.sections.SectionReader.getType(SectionReader.java:165)
	at jadx.plugins.input.dex.sections.SectionReader.fillFieldData(SectionReader.java:194)
	at jadx.plugins.input.dex.sections.SectionReader.getFieldRef(SectionReader.java:183)
	at jadx.plugins.input.dex.insns.DexInsnData.getIndexAsField(DexInsnData.java:131)
	at jadx.core.dex.visitors.usage.UsageInfoVisitor.processInsn(UsageInfoVisitor.java:150)
	at jadx.core.dex.visitors.usage.UsageInfoVisitor.lambda$processInstructions$0(UsageInfoVisitor.java:130)
	at jadx.plugins.input.dex.sections.DexCodeReader.visitInstructions(DexCodeReader.java:86)
	at jadx.core.dex.visitors.usage.UsageInfoVisitor.processInstructions(UsageInfoVisitor.java:128)
	at jadx.core.dex.visitors.usage.UsageInfoVisitor.processMethod(UsageInfoVisitor.java:113)
	at jadx.core.dex.visitors.usage.UsageInfoVisitor.processClass(UsageInfoVisitor.java:101)
	at jadx.core.dex.visitors.usage.UsageInfoVisitor.buildUsageData(UsageInfoVisitor.java:81)
	at jadx.core.dex.visitors.usage.UsageInfoVisitor.init(UsageInfoVisitor.java:65)
	at jadx.core.dex.nodes.RootNode.runPreDecompileStage(RootNode.java:356)
	at jadx.api.JadxDecompiler.load(JadxDecompiler.java:136)
	at jadx.cli.JadxCLI.runSave(JadxCLI.java:71)
	at jadx.cli.JadxCLI.execute(JadxCLI.java:44)
	at jadx.cli.JadxCLI.execute(JadxCLI.java:33)
	at jadx.cli.JadxCLI.main(JadxCLI.java:26)
ERROR - Dependency scan failed at insn: 0x0015: SPUT r71 in method: com.shadow.kotlin.collections.AbstractList.lastIndexOf(E):int, file: /workspace/xh/fixp_148608.dex
java.lang.IllegalArgumentException: newPosition > limit: (29099932 > 3323492)
	at java.base/java.nio.Buffer.createPositionException(Buffer.java:351)
	at java.base/java.nio.Buffer.position(Buffer.java:326)
	at java.base/java.nio.ByteBuffer.position(ByteBuffer.java:1561)
	at jadx.plugins.input.dex.sections.SectionReader.absPos(SectionReader.java:82)
	at jadx.plugins.input.dex.sections.SectionReader.getString(SectionReader.java:175)
	at jadx.plugins.input.dex.sections.SectionReader.getType(SectionReader.java:165)
	at jadx.plugins.input.dex.sections.SectionReader.fillFieldData(SectionReader.java:194)
	at jadx.plugins.input.dex.sections.SectionReader.getFieldRef(SectionReader.java:183)
	at jadx.plugins.input.dex.insns.DexInsnData.getIndexAsField(DexInsnData.java:131)
	at jadx.core.dex.visitors.usage.UsageInfoVisitor.processInsn(UsageInfoVisitor.java:150)
	at jadx.core.dex.visitors.usage.UsageInfoVisitor.lambda$processInstructions$0(UsageInfoVisitor.java:130)
	at jadx.plugins.input.dex.sections.DexCodeReader.visitInstructions(DexCodeReader.java:86)
	at jadx.core.dex.visitors.usage.UsageInfoVisitor.processInstructions(UsageInfoVisitor.java:128)
	at jadx.core.dex.visitors.usage.UsageInfoVisitor.processMethod(UsageInfoVisitor.java:113)
	at jadx.core.dex.visitors.usage.UsageInfoVisitor.processClass(UsageInfoVisitor.java:101)
	at jadx.core.dex.visitors.usage.UsageInfoVisitor.buildUsageData(UsageInfoVisitor.java:81)
	at jadx.core.dex.visitors.usage.UsageInfoVisitor.init(UsageInfoVisitor.java:65)
	at jadx.core.dex.nodes.RootNode.runPreDecompileStage(RootNode.java:356)
	at jadx.api.JadxDecompiler.load(JadxDecompiler.java:136)
	at jadx.cli.JadxCLI.runSave(JadxCLI.java:71)
	at jadx.cli.JadxCLI.execute(JadxCLI.java:44)
	at jadx.cli.JadxCLI.execute(JadxCLI.java:33)
	at jadx.cli.JadxCLI.main(JadxCLI.java:26)
ERROR - Dependency scan failed at insn: 0x0000: INSTANCE_OF r1, r7 in method: com.shadow.kotlin.collections.AbstractList.listIterator():java.util.ListIterator<E>, file: /workspace/xh/fixp_148608.dex
java.lang.IllegalArgumentException: newPosition < 0: (-1003224772 < 0)
	at java.base/java.nio.Buffer.createPositionException(Buffer.java:351)
	at java.base/java.nio.Buffer.position(Buffer.java:326)
	at java.base/java.nio.ByteBuffer.position(ByteBuffer.java:1561)
	at jadx.plugins.input.dex.sections.SectionReader.absPos(SectionReader.java:82)
	at jadx.plugins.input.dex.sections.SectionReader.getString(SectionReader.java:175)
	at jadx.plugins.input.dex.sections.SectionReader.getType(SectionReader.java:165)
	at jadx.plugins.input.dex.insns.DexInsnData.getIndexAsType(DexInsnData.java:126)
	at jadx.core.dex.visitors.usage.UsageInfoVisitor.processInsn(UsageInfoVisitor.java:144)
	at jadx.core.dex.visitors.usage.UsageInfoVisitor.lambda$processInstructions$0(UsageInfoVisitor.java:130)
	at jadx.plugins.input.dex.sections.DexCodeReader.visitInstructions(DexCodeReader.java:86)
	at jadx.core.dex.visitors.usage.UsageInfoVisitor.processInstructions(UsageInfoVisitor.java:128)
	at jadx.core.dex.visitors.usage.UsageInfoVisitor.processMethod(UsageInfoVisitor.java:113)
	at jadx.core.dex.visitors.usage.UsageInfoVisitor.processClass(UsageInfoVisitor.java:101)
	at jadx.core.dex.visitors.usage.UsageInfoVisitor.buildUsageData(UsageInfoVisitor.java:81)
	at jadx.core.dex.visitors.usage.UsageInfoVisitor.init(UsageInfoVisitor.java:65)
	at jadx.core.dex.nodes.RootNode.runPreDecompileStage(RootNode.java:356)
	at jadx.api.JadxDecompiler.load(JadxDecompiler.java:136)
	at jadx.cli.JadxCLI.runSave(JadxCLI.java:71)
	at jadx.cli.JadxCLI.execute(JadxCLI.java:44)
	at jadx.cli.JadxCLI.execute(JadxCLI.java:33)
	at jadx.cli.JadxCLI.main(JadxCLI.java:26)
ERROR - Dependency scan failed at insn: 0x0004: NEW_ARRAY r12, r11 in method: com.shadow.kotlin.collections.AbstractList.set(int, E):E, file: /workspace/xh/fixp_148608.dex
java.lang.IllegalArgumentException: newPosition > limit: (872425828 > 3323492)
	at java.base/java.nio.Buffer.createPositionException(Buffer.java:351)
	at java.base/java.nio.Buffer.position(Buffer.java:326)
	at java.base/java.nio.ByteBuffer.position(ByteBuffer.java:1561)
	at jadx.plugins.input.dex.sections.SectionReader.absPos(SectionReader.java:82)
	at jadx.plugins.input.dex.sections.SectionReader.getString(SectionReader.java:175)
	at jadx.plugins.input.dex.sections.SectionReader.getType(SectionReader.java:165)
	at jadx.plugins.input.dex.insns.DexInsnData.getIndexAsType(DexInsnData.java:126)
	at jadx.core.dex.visitors.usage.UsageInfoVisitor.processInsn(UsageInfoVisitor.java:144)
	at jadx.core.dex.visitors.usage.UsageInfoVisitor.lambda$processInstructions$0(UsageInfoVisitor.java:130)
	at jadx.plugins.input.dex.sections.DexCodeReader.visitInstructions(DexCodeReader.java:86)
	at jadx.core.dex.visitors.usage.UsageInfoVisitor.processInstructions(UsageInfoVisitor.java:128)
	at jadx.core.dex.visitors.usage.UsageInfoVisitor.processMethod(UsageInfoVisitor.java:113)
	at jadx.core.dex.visitors.usage.UsageInfoVisitor.processClass(UsageInfoVisitor.java:101)
	at jadx.core.dex.visitors.usage.UsageInfoVisitor.buildUsageData(UsageInfoVisitor.java:81)
	at jadx.core.dex.visitors.usage.UsageInfoVisitor.init(UsageInfoVisitor.java:65)
	at jadx.core.dex.nodes.RootNode.runPreDecompileStage(RootNode.java:356)
	at jadx.api.JadxDecompiler.load(JadxDecompiler.java:136)
	at jadx.cli.JadxCLI.runSave(JadxCLI.java:71)
	at jadx.cli.JadxCLI.execute(JadxCLI.java:44)
	at jadx.cli.JadxCLI.execute(JadxCLI.java:33)
	at jadx.cli.JadxCLI.main(JadxCLI.java:26)
ERROR - Dependency scan failed at insn: 0x000C: IGET r0, r2 in method: com.shadow.kotlin.collections.AbstractList.Companion.checkElementIndex$kotlin_stdlib(int, int):void, file: /workspace/xh/fixp_148608.dex
java.lang.IllegalArgumentException: newPosition < 0: (-775039452 < 0)
	at java.base/java.nio.Buffer.createPositionException(Buffer.java:351)
	at java.base/java.nio.Buffer.position(Buffer.java:326)
	at java.base/java.nio.ByteBuffer.position(ByteBuffer.java:1561)
	at jadx.plugins.input.dex.sections.SectionReader.absPos(SectionReader.java:82)
	at jadx.plugins.input.dex.sections.SectionReader.getString(SectionReader.java:175)
	at jadx.plugins.input.dex.sections.SectionReader.fillFieldData(SectionReader.java:195)
	at jadx.plugins.input.dex.sections.SectionReader.getFieldRef(SectionReader.java:183)
	at jadx.plugins.input.dex.insns.DexInsnData.getIndexAsField(DexInsnData.java:131)
	at jadx.core.dex.visitors.usage.UsageInfoVisitor.processInsn(UsageInfoVisitor.java:150)
	at jadx.core.dex.visitors.usage.UsageInfoVisitor.lambda$processInstructions$0(UsageInfoVisitor.java:130)
	at jadx.plugins.input.dex.sections.DexCodeReader.visitInstructions(DexCodeReader.java:86)
	at jadx.core.dex.visitors.usage.UsageInfoVisitor.processInstructions(UsageInfoVisitor.java:128)
	at jadx.core.dex.visitors.usage.UsageInfoVisitor.processMethod(UsageInfoVisitor.java:113)
	at jadx.core.dex.visitors.usage.UsageInfoVisitor.processClass(UsageInfoVisitor.java:101)
	at jadx.core.dex.visitors.usage.UsageInfoVisitor.buildUsageData(UsageInfoVisitor.java:81)
	at jadx.core.dex.visitors.usage.UsageInfoVisitor.init(UsageInfoVisitor.java:65)
	at jadx.core.dex.nodes.RootNode.runPreDecompileStage(RootNode.java:356)
	at jadx.api.JadxDecompiler.load(JadxDecompiler.java:136)
	at jadx.cli.JadxCLI.runSave(JadxCLI.java:71)
	at jadx.cli.JadxCLI.execute(JadxCLI.java:44)
	at jadx.cli.JadxCLI.execute(JadxCLI.java:33)
	at jadx.cli.JadxCLI.main(JadxCLI.java:26)
ERROR - Dependency scan failed in method: com.shadow.kotlin.collections.AbstractList.Companion.checkElementIndex$kotlin_stdlib(int, int):void, file: /workspace/xh/fixp_148608.dex
java.lang.ArrayIndexOutOfBoundsException: Index 5 out of bounds for length 5
	at jadx.plugins.input.dex.insns.DexInsnData.toString(DexInsnData.java:251)
	at java.base/java.lang.String.valueOf(String.java:4530)
	at jadx.core.dex.visitors.usage.UsageInfoVisitor.lambda$processInstructions$0(UsageInfoVisitor.java:132)
	at jadx.plugins.input.dex.sections.DexCodeReader.visitInstructions(DexCodeReader.java:86)
	at jadx.core.dex.visitors.usage.UsageInfoVisitor.processInstructions(UsageInfoVisitor.java:128)
	at jadx.core.dex.visitors.usage.UsageInfoVisitor.processMethod(UsageInfoVisitor.java:113)
	at jadx.core.dex.visitors.usage.UsageInfoVisitor.processClass(UsageInfoVisitor.java:101)
	at jadx.core.dex.visitors.usage.UsageInfoVisitor.buildUsageData(UsageInfoVisitor.java:81)
	at jadx.core.dex.visitors.usage.UsageInfoVisitor.init(UsageInfoVisitor.java:65)
	at jadx.core.dex.nodes.RootNode.runPreDecompileStage(RootNode.java:356)
	at jadx.api.JadxDecompiler.load(JadxDecompiler.java:136)
	at jadx.cli.JadxCLI.runSave(JadxCLI.java:71)
	at jadx.cli.JadxCLI.execute(JadxCLI.java:44)
	at jadx.cli.JadxCLI.execute(JadxCLI.java:33)
	at jadx.cli.JadxCLI.main(JadxCLI.java:26)
ERROR - Dependency scan failed at insn: 0x0018: SPUT r131 in method: com.shadow.kotlin.collections.AbstractList.Companion.checkPositionIndex$kotlin_stdlib(int, int):void, file: /workspace/xh/fixp_148608.dex
java.lang.IllegalArgumentException: newPosition > limit: (1476513320 > 3323492)
	at java.base/java.nio.Buffer.createPositionException(Buffer.java:351)
	at java.base/java.nio.Buffer.position(Buffer.java:326)
	at java.base/java.nio.ByteBuffer.position(ByteBuffer.java:1561)
	at jadx.plugins.input.dex.sections.SectionReader.absPos(SectionReader.java:82)
	at jadx.plugins.input.dex.sections.SectionReader.getString(SectionReader.java:175)
	at jadx.plugins.input.dex.sections.SectionReader.fillFieldData(SectionReader.java:195)
	at jadx.plugins.input.dex.sections.SectionReader.getFieldRef(SectionReader.java:183)
	at jadx.plugins.input.dex.insns.DexInsnData.getIndexAsField(DexInsnData.java:131)
	at jadx.core.dex.visitors.usage.UsageInfoVisitor.processInsn(UsageInfoVisitor.java:150)
	at jadx.core.dex.visitors.usage.UsageInfoVisitor.lambda$processInstructions$0(UsageInfoVisitor.java:130)
	at jadx.plugins.input.dex.sections.DexCodeReader.visitInstructions(DexCodeReader.java:86)
	at jadx.core.dex.visitors.usage.UsageInfoVisitor.processInstructions(UsageInfoVisitor.java:128)
	at jadx.core.dex.visitors.usage.UsageInfoVisitor.processMethod(UsageInfoVisitor.java:113)
	at jadx.core.dex.visitors.usage.UsageInfoVisitor.processClass(UsageInfoVisitor.java:101)
	at jadx.core.dex.visitors.usage.UsageInfoVisitor.buildUsageData(UsageInfoVisitor.java:81)
	at jadx.core.dex.visitors.usage.UsageInfoVisitor.init(UsageInfoVisitor.java:65)
	at jadx.core.dex.nodes.RootNode.runPreDecompileStage(RootNode.java:356)
	at jadx.api.JadxDecompiler.load(JadxDecompiler.java:136)
	at jadx.cli.JadxCLI.runSave(JadxCLI.java:71)
	at jadx.cli.JadxCLI.execute(JadxCLI.java:44)
	at jadx.cli.JadxCLI.execute(JadxCLI.java:33)
	at jadx.cli.JadxCLI.main(JadxCLI.java:26)
ERROR - Dependency scan failed at insn: 0x0009: IGET r11, r1 in method: com.shadow.kotlin.collections.AbstractList.Companion.checkRangeIndexes$kotlin_stdlib(int, int, int):void, file: /workspace/xh/fixp_148608.dex
java.lang.IllegalArgumentException: newPosition < 0: (-1915368300 < 0)
	at java.base/java.nio.Buffer.createPositionException(Buffer.java:351)
	at java.base/java.nio.Buffer.position(Buffer.java:326)
	at java.base/java.nio.ByteBuffer.position(ByteBuffer.java:1561)
	at jadx.plugins.input.dex.sections.SectionReader.absPos(SectionReader.java:82)
	at jadx.plugins.input.dex.sections.SectionReader.getString(SectionReader.java:175)
	at jadx.plugins.input.dex.sections.SectionReader.fillFieldData(SectionReader.java:195)
	at jadx.plugins.input.dex.sections.SectionReader.getFieldRef(SectionReader.java:183)
	at jadx.plugins.input.dex.insns.DexInsnData.getIndexAsField(DexInsnData.java:131)
	at jadx.core.dex.visitors.usage.UsageInfoVisitor.processInsn(UsageInfoVisitor.java:150)
	at jadx.core.dex.visitors.usage.UsageInfoVisitor.lambda$processInstructions$0(UsageInfoVisitor.java:130)
	at jadx.plugins.input.dex.sections.DexCodeReader.visitInstructions(DexCodeReader.java:86)
	at jadx.core.dex.visitors.usage.UsageInfoVisitor.processInstructions(UsageInfoVisitor.java:128)
	at jadx.core.dex.visitors.usage.UsageInfoVisitor.processMethod(UsageInfoVisitor.java:113)
	at jadx.core.dex.visitors.usage.UsageInfoVisitor.processClass(UsageInfoVisitor.java:101)
	at jadx.core.dex.visitors.usage.UsageInfoVisitor.buildUsageData(UsageInfoVisitor.java:81)
	at jadx.core.dex.visitors.usage.UsageInfoVisitor.init(UsageInfoVisitor.java:65)
	at jadx.core.dex.nodes.RootNode.runPreDecompileStage(RootNode.java:356)
	at jadx.api.JadxDecompiler.load(JadxDecompiler.java:136)
	at jadx.cli.JadxCLI.runSave(JadxCLI.java:71)
	at jadx.cli.JadxCLI.execute(JadxCLI.java:44)
	at jadx.cli.JadxCLI.execute(JadxCLI.java:33)
	at jadx.cli.JadxCLI.main(JadxCLI.java:26)
ERROR - Dependency scan failed in method: com.shadow.kotlin.collections.AbstractList.Companion.checkRangeIndexes$kotlin_stdlib(int, int, int):void, file: /workspace/xh/fixp_148608.dex
java.lang.ArrayIndexOutOfBoundsException: Index 5 out of bounds for length 5
	at jadx.plugins.input.dex.insns.DexInsnData.toString(DexInsnData.java:251)
	at java.base/java.lang.String.valueOf(String.java:4530)
	at jadx.core.dex.visitors.usage.UsageInfoVisitor.lambda$processInstructions$0(UsageInfoVisitor.java:132)
	at jadx.plugins.input.dex.sections.DexCodeReader.visitInstructions(DexCodeReader.java:86)
	at jadx.core.dex.visitors.usage.UsageInfoVisitor.processInstructions(UsageInfoVisitor.java:128)
	at jadx.core.dex.visitors.usage.UsageInfoVisitor.processMethod(UsageInfoVisitor.java:113)
	at jadx.core.dex.visitors.usage.UsageInfoVisitor.processClass(UsageInfoVisitor.java:101)
	at jadx.core.dex.visitors.usage.UsageInfoVisitor.buildUsageData(UsageInfoVisitor.java:81)
	at jadx.core.dex.visitors.usage.UsageInfoVisitor.init(UsageInfoVisitor.java:65)
	at jadx.core.dex.nodes.RootNode.runPreDecompileStage(RootNode.java:356)
	at jadx.api.JadxDecompiler.load(JadxDecompiler.java:136)
	at jadx.cli.JadxCLI.runSave(JadxCLI.java:71)
	at jadx.cli.JadxCLI.execute(JadxCLI.java:44)
	at jadx.cli.JadxCLI.execute(JadxCLI.java:33)
	at jadx.cli.JadxCLI.main(JadxCLI.java:26)
ERROR - Dependency scan failed at insn: 0x0004: INVOKE_POLYMORPHIC_RANGE r60655, r60656, r60657, r60658, r60659, r60660, r60661, r60662, r60663, r60664, r60665, r60666, r60667, r60668, r60669, r60670, r60671, r60672, r60673, r60674, r60675, r60676, r60677, r60678, r60679, r60680, r60681, r60682, r60683, r60684, r60685, r60686, r60687, r60688, r60689, r60690, r60691, r60692, r60693, r60694, r60695, r60696, r60697, r60698, r60699, r60700, r60701, r60702, r60703, r60704, r60705, r60706, r60707, r60708, r60709, r60710, r60711, r60712, r60713, r60714, r60715, r60716, r60717, r60718, r60719, r60720, r60721, r60722, r60723, r60724, r60725, r60726, r60727, r60728, r60729, r60730, r60731, r60732, r60733, r60734, r60735, r60736, r60737, r60738, r60739, r60740, r60741, r60742, r60743, r60744, r60745, r60746, r60747, r60748, r60749, r60750, r60751, r60752, r60753, r60754, r60755, r60756, r60757, r60758, r60759, r60760, r60761, r60762, r60763, r60764, r60765 in method: com.shadow.kotlin.collections.AbstractList.Companion.newCapacity$kotlin_stdlib(int, int):int, file: /workspace/xh/fixp_148608.dex
java.lang.IllegalArgumentException: newPosition > limit: (1598837587 > 3323492)
	at java.base/java.nio.Buffer.createPositionException(Buffer.java:351)
	at java.base/java.nio.Buffer.position(Buffer.java:326)
	at java.base/java.nio.ByteBuffer.position(ByteBuffer.java:1561)
	at jadx.plugins.input.dex.sections.SectionReader.absPos(SectionReader.java:82)
	at jadx.plugins.input.dex.sections.SectionReader.readTypeListAt(SectionReader.java:141)
	at jadx.plugins.input.dex.sections.SectionReader.loadMethodRef(SectionReader.java:269)
	at jadx.plugins.input.dex.sections.DexMethodRef.load(DexMethodRef.java:28)
	at jadx.core.dex.info.MethodInfo.fromRef(MethodInfo.java:47)
	at jadx.core.dex.visitors.usage.UsageInfoVisitor.processInsn(UsageInfoVisitor.java:165)
	at jadx.core.dex.visitors.usage.UsageInfoVisitor.lambda$processInstructions$0(UsageInfoVisitor.java:130)
	at jadx.plugins.input.dex.sections.DexCodeReader.visitInstructions(DexCodeReader.java:86)
	at jadx.core.dex.visitors.usage.UsageInfoVisitor.processInstructions(UsageInfoVisitor.java:128)
	at jadx.core.dex.visitors.usage.UsageInfoVisitor.processMethod(UsageInfoVisitor.java:113)
	at jadx.core.dex.visitors.usage.UsageInfoVisitor.processClass(UsageInfoVisitor.java:101)
	at jadx.core.dex.visitors.usage.UsageInfoVisitor.buildUsageData(UsageInfoVisitor.java:81)
	at jadx.core.dex.visitors.usage.UsageInfoVisitor.init(UsageInfoVisitor.java:65)
	at jadx.core.dex.nodes.RootNode.runPreDecompileStage(RootNode.java:356)
	at jadx.api.JadxDecompiler.load(JadxDecompiler.java:136)
	at jadx.cli.JadxCLI.runSave(JadxCLI.java:71)
	at jadx.cli.JadxCLI.execute(JadxCLI.java:44)
	at jadx.cli.JadxCLI.execute(JadxCLI.java:33)
	at jadx.cli.JadxCLI.main(JadxCLI.java:26)
ERROR - Dependency scan failed at insn: 0x000A: IGET r2, r6 in method: com.shadow.kotlin.collections.AbstractList.Companion.newCapacity$kotlin_stdlib(int, int):int, file: /workspace/xh/fixp_148608.dex
java.lang.IllegalArgumentException: newPosition > limit: (8637712 > 3323492)
	at java.base/java.nio.Buffer.createPositionException(Buffer.java:351)
	at java.base/java.nio.Buffer.position(Buffer.java:326)
	at java.base/java.nio.ByteBuffer.position(ByteBuffer.java:1561)
	at jadx.plugins.input.dex.sections.SectionReader.absPos(SectionReader.java:82)
	at jadx.plugins.input.dex.sections.SectionReader.getString(SectionReader.java:175)
	at jadx.plugins.input.dex.sections.SectionReader.getType(SectionReader.java:165)
	at jadx.plugins.input.dex.sections.SectionReader.fillFieldData(SectionReader.java:194)
	at jadx.plugins.input.dex.sections.SectionReader.getFieldRef(SectionReader.java:183)
	at jadx.plugins.input.dex.insns.DexInsnData.getIndexAsField(DexInsnData.java:131)
	at jadx.core.dex.visitors.usage.UsageInfoVisitor.processInsn(UsageInfoVisitor.java:150)
	at jadx.core.dex.visitors.usage.UsageInfoVisitor.lambda$processInstructions$0(UsageInfoVisitor.java:130)
	at jadx.plugins.input.dex.sections.DexCodeReader.visitInstructions(DexCodeReader.java:86)
	at jadx.core.dex.visitors.usage.UsageInfoVisitor.processInstructions(UsageInfoVisitor.java:128)
	at jadx.core.dex.visitors.usage.UsageInfoVisitor.processMethod(UsageInfoVisitor.java:113)
	at jadx.core.dex.visitors.usage.UsageInfoVisitor.processClass(UsageInfoVisitor.java:101)
	at jadx.core.dex.visitors.usage.UsageInfoVisitor.buildUsageData(UsageInfoVisitor.java:81)
	at jadx.core.dex.visitors.usage.UsageInfoVisitor.init(UsageInfoVisitor.java:65)
	at jadx.core.dex.nodes.RootNode.runPreDecompileStage(RootNode.java:356)
	at jadx.api.JadxDecompiler.load(JadxDecompiler.java:136)
	at jadx.cli.JadxCLI.runSave(JadxCLI.java:71)
	at jadx.cli.JadxCLI.execute(JadxCLI.java:44)
	at jadx.cli.JadxCLI.execute(JadxCLI.java:33)
	at jadx.cli.JadxCLI.main(JadxCLI.java:26)
ERROR - Dependency scan failed at insn: 0x000B: SPUT r195 in method: com.shadow.kotlin.collections.AbstractList.IteratorImpl.hasNext():boolean, file: /workspace/xh/fixp_148608.dex
java.lang.IllegalArgumentException: newPosition < 0: (-917927416 < 0)
	at java.base/java.nio.Buffer.createPositionException(Buffer.java:351)
	at java.base/java.nio.Buffer.position(Buffer.java:326)
	at java.base/java.nio.ByteBuffer.position(ByteBuffer.java:1561)
	at jadx.plugins.input.dex.sections.SectionReader.absPos(SectionReader.java:82)
	at jadx.plugins.input.dex.sections.SectionReader.getString(SectionReader.java:175)
	at jadx.plugins.input.dex.sections.SectionReader.getType(SectionReader.java:165)
	at jadx.plugins.input.dex.sections.SectionReader.fillFieldData(SectionReader.java:194)
	at jadx.plugins.input.dex.sections.SectionReader.getFieldRef(SectionReader.java:183)
	at jadx.plugins.input.dex.insns.DexInsnData.getIndexAsField(DexInsnData.java:131)
	at jadx.core.dex.visitors.usage.UsageInfoVisitor.processInsn(UsageInfoVisitor.java:150)
	at jadx.core.dex.visitors.usage.UsageInfoVisitor.lambda$processInstructions$0(UsageInfoVisitor.java:130)
	at jadx.plugins.input.dex.sections.DexCodeReader.visitInstructions(DexCodeReader.java:86)
	at jadx.core.dex.visitors.usage.UsageInfoVisitor.processInstructions(UsageInfoVisitor.java:128)
	at jadx.core.dex.visitors.usage.UsageInfoVisitor.processMethod(UsageInfoVisitor.java:113)
	at jadx.core.dex.visitors.usage.UsageInfoVisitor.processClass(UsageInfoVisitor.java:101)
	at jadx.core.dex.visitors.usage.UsageInfoVisitor.buildUsageData(UsageInfoVisitor.java:81)
	at jadx.core.dex.visitors.usage.UsageInfoVisitor.init(UsageInfoVisitor.java:65)
	at jadx.core.dex.nodes.RootNode.runPreDecompileStage(RootNode.java:356)
	at jadx.api.JadxDecompiler.load(JadxDecompiler.java:136)
	at jadx.cli.JadxCLI.runSave(JadxCLI.java:71)
	at jadx.cli.JadxCLI.execute(JadxCLI.java:44)
	at jadx.cli.JadxCLI.execute(JadxCLI.java:33)
	at jadx.cli.JadxCLI.main(JadxCLI.java:26)
ERROR - Dependency scan failed at insn: 0x0000: IGET r8, r14 in method: com.shadow.kotlin.collections.AbstractList.IteratorImpl.next():java.lang.Object, file: /workspace/xh/fixp_148608.dex
java.lang.IllegalArgumentException: newPosition < 0: (-1112162820 < 0)
	at java.base/java.nio.Buffer.createPositionException(Buffer.java:351)
	at java.base/java.nio.Buffer.position(Buffer.java:326)
	at java.base/java.nio.ByteBuffer.position(ByteBuffer.java:1561)
	at jadx.plugins.input.dex.sections.SectionReader.absPos(SectionReader.java:82)
	at jadx.plugins.input.dex.sections.SectionReader.getString(SectionReader.java:175)
	at jadx.plugins.input.dex.sections.SectionReader.getType(SectionReader.java:165)
	at jadx.plugins.input.dex.sections.SectionReader.fillFieldData(SectionReader.java:194)
	at jadx.plugins.input.dex.sections.SectionReader.getFieldRef(SectionReader.java:183)
	at jadx.plugins.input.dex.insns.DexInsnData.getIndexAsField(DexInsnData.java:131)
	at jadx.core.dex.visitors.usage.UsageInfoVisitor.processInsn(UsageInfoVisitor.java:150)
	at jadx.core.dex.visitors.usage.UsageInfoVisitor.lambda$processInstructions$0(UsageInfoVisitor.java:130)
	at jadx.plugins.input.dex.sections.DexCodeReader.visitInstructions(DexCodeReader.java:86)
	at jadx.core.dex.visitors.usage.UsageInfoVisitor.processInstructions(UsageInfoVisitor.java:128)
	at jadx.core.dex.visitors.usage.UsageInfoVisitor.processMethod(UsageInfoVisitor.java:113)
	at jadx.core.dex.visitors.usage.UsageInfoVisitor.processClass(UsageInfoVisitor.java:101)
	at jadx.core.dex.visitors.usage.UsageInfoVisitor.buildUsageData(UsageInfoVisitor.java:81)
	at jadx.core.dex.visitors.usage.UsageInfoVisitor.init(UsageInfoVisitor.java:65)
	at jadx.core.dex.nodes.RootNode.runPreDecompileStage(RootNode.java:356)
	at jadx.api.JadxDecompiler.load(JadxDecompiler.java:136)
	at jadx.cli.JadxCLI.runSave(JadxCLI.java:71)
	at jadx.cli.JadxCLI.execute(JadxCLI.java:44)
	at jadx.cli.JadxCLI.execute(JadxCLI.java:33)
	at jadx.cli.JadxCLI.main(JadxCLI.java:26)
ERROR - Dependency scan failed at insn: 0x0006: FILLED_NEW_ARRAY_RANGE r30870, r30871, r30872, r30873, r30874, r30875, r30876, r30877, r30878, r30879, r30880, r30881, r30882, r30883, r30884, r30885, r30886, r30887, r30888, r30889, r30890, r30891, r30892, r30893, r30894, r30895, r30896, r30897, r30898, r30899, r30900, r30901, r30902, r30903, r30904, r30905, r30906, r30907, r30908, r30909, r30910, r30911, r30912, r30913, r30914, r30915, r30916, r30917, r30918, r30919, r30920, r30921, r30922, r30923, r30924, r30925, r30926, r30927, r30928, r30929, r30930, r30931, r30932, r30933, r30934, r30935, r30936, r30937, r30938, r30939, r30940, r30941, r30942, r30943, r30944, r30945, r30946, r30947, r30948, r30949, r30950, r30951, r30952, r30953, r30954, r30955, r30956, r30957, r30958, r30959, r30960, r30961, r30962, r30963, r30964, r30965, r30966, r30967, r30968, r30969, r30970, r30971, r30972, r30973, r30974, r30975, r30976, r30977, r30978, r30979, r30980, r30981, r30982, r30983, r30984, r30985, r30986, r30987 in method: com.shadow.kotlin.collections.AbstractList.IteratorImpl.next():java.lang.Object, file: /workspace/xh/fixp_148608.dex
java.lang.IllegalArgumentException: newPosition < 0: (-1182482916 < 0)
	at java.base/java.nio.Buffer.createPositionException(Buffer.java:351)
	at java.base/java.nio.Buffer.position(Buffer.java:326)
	at java.base/java.nio.ByteBuffer.position(ByteBuffer.java:1561)
	at jadx.plugins.input.dex.sections.SectionReader.absPos(SectionReader.java:82)
	at jadx.plugins.input.dex.sections.SectionReader.getString(SectionReader.java:175)
	at jadx.plugins.input.dex.sections.SectionReader.getType(SectionReader.java:165)
	at jadx.plugins.input.dex.insns.DexInsnData.getIndexAsType(DexInsnData.java:126)
	at jadx.core.dex.visitors.usage.UsageInfoVisitor.processInsn(UsageInfoVisitor.java:144)
	at jadx.core.dex.visitors.usage.UsageInfoVisitor.lambda$processInstructions$0(UsageInfoVisitor.java:130)
	at jadx.plugins.input.dex.sections.DexCodeReader.visitInstructions(DexCodeReader.java:86)
	at jadx.core.dex.visitors.usage.UsageInfoVisitor.processInstructions(UsageInfoVisitor.java:128)
	at jadx.core.dex.visitors.usage.UsageInfoVisitor.processMethod(UsageInfoVisitor.java:113)
	at jadx.core.dex.visitors.usage.UsageInfoVisitor.processClass(UsageInfoVisitor.java:101)
	at jadx.core.dex.visitors.usage.UsageInfoVisitor.buildUsageData(UsageInfoVisitor.java:81)
	at jadx.core.dex.visitors.usage.UsageInfoVisitor.init(UsageInfoVisitor.java:65)
	at jadx.core.dex.nodes.RootNode.runPreDecompileStage(RootNode.java:356)
	at jadx.api.JadxDecompiler.load(JadxDecompiler.java:136)
	at jadx.cli.JadxCLI.runSave(JadxCLI.java:71)
	at jadx.cli.JadxCLI.execute(JadxCLI.java:44)
	at jadx.cli.JadxCLI.execute(JadxCLI.java:33)
	at jadx.cli.JadxCLI.main(JadxCLI.java:26)
ERROR - Dependency scan failed at insn: 0x0002: INVOKE_CUSTOM_RANGE r17373, r17374, r17375, r17376, r17377, r17378, r17379, r17380, r17381, r17382, r17383, r17384, r17385, r17386, r17387, r17388, r17389, r17390, r17391, r17392, r17393, r17394, r17395, r17396, r17397, r17398, r17399, r17400, r17401, r17402, r17403, r17404, r17405, r17406, r17407, r17408, r17409, r17410, r17411, r17412, r17413, r17414, r17415, r17416, r17417, r17418, r17419, r17420, r17421, r17422, r17423, r17424, r17425, r17426, r17427, r17428, r17429, r17430, r17431, r17432, r17433, r17434, r17435, r17436, r17437, r17438, r17439, r17440, r17441, r17442, r17443, r17444, r17445, r17446, r17447, r17448, r17449, r17450, r17451, r17452, r17453, r17454, r17455, r17456, r17457, r17458, r17459, r17460, r17461, r17462, r17463, r17464, r17465, r17466, r17467, r17468, r17469, r17470, r17471, r17472, r17473, r17474, r17475, r17476, r17477, r17478, r17479, r17480, r17481, r17482, r17483, r17484, r17485, r17486, r17487, r17488, r17489, r17490, r17491, r17492, r17493, r17494, r17495, r17496, r17497, r17498, r17499, r17500, r17501, r17502, r17503, r17504, r17505, r17506, r17507, r17508, r17509, r17510, r17511, r17512, r17513, r17514, r17515, r17516, r17517, r17518, r17519, r17520, r17521, r17522, r17523, r17524, r17525, r17526, r17527, r17528, r17529, r17530, r17531, r17532, r17533, r17534, r17535, r17536, r17537, r17538, r17539, r17540, r17541, r17542, r17543, r17544, r17545, r17546, r17547, r17548, r17549, r17550, r17551, r17552, r17553, r17554 in method: com.shadow.kotlin.collections.AbstractList.IteratorImpl.nextIndex():int, file: /workspace/xh/fixp_148608.dex
java.lang.IllegalArgumentException: newPosition < 0: (-591317648 < 0)
	at java.base/java.nio.Buffer.createPositionException(Buffer.java:351)
	at java.base/java.nio.Buffer.position(Buffer.java:326)
	at java.base/java.nio.ByteBuffer.position(ByteBuffer.java:1561)
	at jadx.plugins.input.dex.sections.SectionReader.absPos(SectionReader.java:82)
	at jadx.plugins.input.dex.sections.SectionReader.fillFieldData(SectionReader.java:190)
	at jadx.plugins.input.dex.sections.SectionReader.getFieldRef(SectionReader.java:183)
	at jadx.plugins.input.dex.sections.annotations.EncodedValueParser.parseValue(EncodedValueParser.java:69)
	at jadx.plugins.input.dex.sections.annotations.EncodedValueParser.parseEncodedArray(EncodedValueParser.java:95)
	at jadx.plugins.input.dex.sections.SectionReader.getCallSite(SectionReader.java:209)
	at jadx.plugins.input.dex.insns.DexInsnData.getIndexAsCallSite(DexInsnData.java:141)
	at jadx.core.utils.input.InsnDataUtils.getCallSite(InsnDataUtils.java:27)
	at jadx.core.dex.visitors.usage.UsageInfoVisitor.processInsn(UsageInfoVisitor.java:174)
	at jadx.core.dex.visitors.usage.UsageInfoVisitor.lambda$processInstructions$0(UsageInfoVisitor.java:130)
	at jadx.plugins.input.dex.sections.DexCodeReader.visitInstructions(DexCodeReader.java:86)
	at jadx.core.dex.visitors.usage.UsageInfoVisitor.processInstructions(UsageInfoVisitor.java:128)
	at jadx.core.dex.visitors.usage.UsageInfoVisitor.processMethod(UsageInfoVisitor.java:113)
	at jadx.core.dex.visitors.usage.UsageInfoVisitor.processClass(UsageInfoVisitor.java:101)
	at jadx.core.dex.visitors.usage.UsageInfoVisitor.buildUsageData(UsageInfoVisitor.java:81)
	at jadx.core.dex.visitors.usage.UsageInfoVisitor.init(UsageInfoVisitor.java:65)
	at jadx.core.dex.nodes.RootNode.runPreDecompileStage(RootNode.java:356)
	at jadx.api.JadxDecompiler.load(JadxDecompiler.java:136)
	at jadx.cli.JadxCLI.runSave(JadxCLI.java:71)
	at jadx.cli.JadxCLI.execute(JadxCLI.java:44)
	at jadx.cli.JadxCLI.execute(JadxCLI.java:33)
	at jadx.cli.JadxCLI.main(JadxCLI.java:26)
ERROR - Dependency scan failed in method: com.shadow.kotlin.collections.AbstractList.IteratorImpl.remove():void, file: /workspace/xh/fixp_148608.dex
java.lang.ArrayIndexOutOfBoundsException: Index 5 out of bounds for length 5
	at jadx.plugins.input.dex.insns.DexInsnData.toString(DexInsnData.java:251)
	at java.base/java.lang.String.valueOf(String.java:4530)
	at jadx.core.dex.visitors.usage.UsageInfoVisitor.lambda$processInstructions$0(UsageInfoVisitor.java:132)
	at jadx.plugins.input.dex.sections.DexCodeReader.visitInstructions(DexCodeReader.java:86)
	at jadx.core.dex.visitors.usage.UsageInfoVisitor.processInstructions(UsageInfoVisitor.java:128)
	at jadx.core.dex.visitors.usage.UsageInfoVisitor.processMethod(UsageInfoVisitor.java:113)
	at jadx.core.dex.visitors.usage.UsageInfoVisitor.processClass(UsageInfoVisitor.java:101)
	at jadx.core.dex.visitors.usage.UsageInfoVisitor.buildUsageData(UsageInfoVisitor.java:81)
	at jadx.core.dex.visitors.usage.UsageInfoVisitor.init(UsageInfoVisitor.java:65)
	at jadx.core.dex.nodes.RootNode.runPreDecompileStage(RootNode.java:356)
	at jadx.api.JadxDecompiler.load(JadxDecompiler.java:136)
	at jadx.cli.JadxCLI.runSave(JadxCLI.java:71)
	at jadx.cli.JadxCLI.execute(JadxCLI.java:44)
	at jadx.cli.JadxCLI.execute(JadxCLI.java:33)
	at jadx.cli.JadxCLI.main(JadxCLI.java:26)
ERROR - Dependency scan failed at insn: 0x0002: IPUT r0, r8 in method: com.shadow.kotlin.collections.AbstractList.ListIteratorImpl.hasPrevious():boolean, file: /workspace/xh/fixp_148608.dex
java.lang.IllegalArgumentException: newPosition < 0: (-591134568 < 0)
	at java.base/java.nio.Buffer.createPositionException(Buffer.java:351)
	at java.base/java.nio.Buffer.position(Buffer.java:326)
	at java.base/java.nio.ByteBuffer.position(ByteBuffer.java:1561)
	at jadx.plugins.input.dex.sections.SectionReader.absPos(SectionReader.java:82)
	at jadx.plugins.input.dex.sections.SectionReader.getString(SectionReader.java:175)
	at jadx.plugins.input.dex.sections.SectionReader.fillFieldData(SectionReader.java:195)
	at jadx.plugins.input.dex.sections.SectionReader.getFieldRef(SectionReader.java:183)
	at jadx.plugins.input.dex.insns.DexInsnData.getIndexAsField(DexInsnData.java:131)
	at jadx.core.dex.visitors.usage.UsageInfoVisitor.processInsn(UsageInfoVisitor.java:150)
	at jadx.core.dex.visitors.usage.UsageInfoVisitor.lambda$processInstructions$0(UsageInfoVisitor.java:130)
	at jadx.plugins.input.dex.sections.DexCodeReader.visitInstructions(DexCodeReader.java:86)
	at jadx.core.dex.visitors.usage.UsageInfoVisitor.processInstructions(UsageInfoVisitor.java:128)
	at jadx.core.dex.visitors.usage.UsageInfoVisitor.processMethod(UsageInfoVisitor.java:113)
	at jadx.core.dex.visitors.usage.UsageInfoVisitor.processClass(UsageInfoVisitor.java:101)
	at jadx.core.dex.visitors.usage.UsageInfoVisitor.buildUsageData(UsageInfoVisitor.java:81)
	at jadx.core.dex.visitors.usage.UsageInfoVisitor.init(UsageInfoVisitor.java:65)
	at jadx.core.dex.nodes.RootNode.runPreDecompileStage(RootNode.java:356)
	at jadx.api.JadxDecompiler.load(JadxDecompiler.java:136)
	at jadx.cli.JadxCLI.runSave(JadxCLI.java:71)
	at jadx.cli.JadxCLI.execute(JadxCLI.java:44)
	at jadx.cli.JadxCLI.execute(JadxCLI.java:33)
	at jadx.cli.JadxCLI.main(JadxCLI.java:26)
ERROR - Dependency scan failed at insn: 0x0000: IPUT r6, r9 in method: com.shadow.kotlin.collections.AbstractList.ListIteratorImpl.previous():java.lang.Object, file: /workspace/xh/fixp_148608.dex
java.lang.IllegalArgumentException: newPosition < 0: (-1852452364 < 0)
	at java.base/java.nio.Buffer.createPositionException(Buffer.java:351)
	at java.base/java.nio.Buffer.position(Buffer.java:326)
	at java.base/java.nio.ByteBuffer.position(ByteBuffer.java:1561)
	at jadx.plugins.input.dex.sections.SectionReader.absPos(SectionReader.java:82)
	at jadx.plugins.input.dex.sections.SectionReader.getString(SectionReader.java:175)
	at jadx.plugins.input.dex.sections.SectionReader.fillFieldData(SectionReader.java:195)
	at jadx.plugins.input.dex.sections.SectionReader.getFieldRef(SectionReader.java:183)
	at jadx.plugins.input.dex.insns.DexInsnData.getIndexAsField(DexInsnData.java:131)
	at jadx.core.dex.visitors.usage.UsageInfoVisitor.processInsn(UsageInfoVisitor.java:150)
	at jadx.core.dex.visitors.usage.UsageInfoVisitor.lambda$processInstructions$0(UsageInfoVisitor.java:130)
	at jadx.plugins.input.dex.sections.DexCodeReader.visitInstructions(DexCodeReader.java:86)
	at jadx.core.dex.visitors.usage.UsageInfoVisitor.processInstructions(UsageInfoVisitor.java:128)
	at jadx.core.dex.visitors.usage.UsageInfoVisitor.processMethod(UsageInfoVisitor.java:113)
	at jadx.core.dex.visitors.usage.UsageInfoVisitor.processClass(UsageInfoVisitor.java:101)
	at jadx.core.dex.visitors.usage.UsageInfoVisitor.buildUsageData(UsageInfoVisitor.java:81)
	at jadx.core.dex.visitors.usage.UsageInfoVisitor.init(UsageInfoVisitor.java:65)
	at jadx.core.dex.nodes.RootNode.runPreDecompileStage(RootNode.java:356)
	at jadx.api.JadxDecompiler.load(JadxDecompiler.java:136)
	at jadx.cli.JadxCLI.runSave(JadxCLI.java:71)
	at jadx.cli.JadxCLI.execute(JadxCLI.java:44)
	at jadx.cli.JadxCLI.execute(JadxCLI.java:33)
	at jadx.cli.JadxCLI.main(JadxCLI.java:26)
ERROR - Dependency scan failed at insn: 0x0007: IGET r15, r9 in method: com.shadow.kotlin.collections.AbstractList.ListIteratorImpl.previous():java.lang.Object, file: /workspace/xh/fixp_148608.dex
java.lang.IllegalArgumentException: newPosition > limit: (329254944 > 3323492)
	at java.base/java.nio.Buffer.createPositionException(Buffer.java:351)
	at java.base/java.nio.Buffer.position(Buffer.java:326)
	at java.base/java.nio.ByteBuffer.position(ByteBuffer.java:1561)
	at jadx.plugins.input.dex.sections.SectionReader.absPos(SectionReader.java:82)
	at jadx.plugins.input.dex.sections.SectionReader.getString(SectionReader.java:175)
	at jadx.plugins.input.dex.sections.SectionReader.getType(SectionReader.java:165)
	at jadx.plugins.input.dex.sections.SectionReader.fillFieldData(SectionReader.java:194)
	at jadx.plugins.input.dex.sections.SectionReader.getFieldRef(SectionReader.java:183)
	at jadx.plugins.input.dex.insns.DexInsnData.getIndexAsField(DexInsnData.java:131)
	at jadx.core.dex.visitors.usage.UsageInfoVisitor.processInsn(UsageInfoVisitor.java:150)
	at jadx.core.dex.visitors.usage.UsageInfoVisitor.lambda$processInstructions$0(UsageInfoVisitor.java:130)
	at jadx.plugins.input.dex.sections.DexCodeReader.visitInstructions(DexCodeReader.java:86)
	at jadx.core.dex.visitors.usage.UsageInfoVisitor.processInstructions(UsageInfoVisitor.java:128)
	at jadx.core.dex.visitors.usage.UsageInfoVisitor.processMethod(UsageInfoVisitor.java:113)
	at jadx.core.dex.visitors.usage.UsageInfoVisitor.processClass(UsageInfoVisitor.java:101)
	at jadx.core.dex.visitors.usage.UsageInfoVisitor.buildUsageData(UsageInfoVisitor.java:81)
	at jadx.core.dex.visitors.usage.UsageInfoVisitor.init(UsageInfoVisitor.java:65)
	at jadx.core.dex.nodes.RootNode.runPreDecompileStage(RootNode.java:356)
	at jadx.api.JadxDecompiler.load(JadxDecompiler.java:136)
	at jadx.cli.JadxCLI.runSave(JadxCLI.java:71)
	at jadx.cli.JadxCLI.execute(JadxCLI.java:44)
	at jadx.cli.JadxCLI.execute(JadxCLI.java:33)
	at jadx.cli.JadxCLI.main(JadxCLI.java:26)
ERROR - Dependency scan failed at insn: 0x000E: IGET r2, r2 in method: com.shadow.kotlin.collections.AbstractList.ListIteratorImpl.previous():java.lang.Object, file: /workspace/xh/fixp_148608.dex
java.lang.IllegalArgumentException: newPosition < 0: (-439035564 < 0)
	at java.base/java.nio.Buffer.createPositionException(Buffer.java:351)
	at java.base/java.nio.Buffer.position(Buffer.java:326)
	at java.base/java.nio.ByteBuffer.position(ByteBuffer.java:1561)
	at jadx.plugins.input.dex.sections.SectionReader.absPos(SectionReader.java:82)
	at jadx.plugins.input.dex.sections.SectionReader.getString(SectionReader.java:175)
	at jadx.plugins.input.dex.sections.SectionReader.getType(SectionReader.java:165)
	at jadx.plugins.input.dex.sections.SectionReader.fillFieldData(SectionReader.java:194)
	at jadx.plugins.input.dex.sections.SectionReader.getFieldRef(SectionReader.java:183)
	at jadx.plugins.input.dex.insns.DexInsnData.getIndexAsField(DexInsnData.java:131)
	at jadx.core.dex.visitors.usage.UsageInfoVisitor.processInsn(UsageInfoVisitor.java:150)
	at jadx.core.dex.visitors.usage.UsageInfoVisitor.lambda$processInstructions$0(UsageInfoVisitor.java:130)
	at jadx.plugins.input.dex.sections.DexCodeReader.visitInstructions(DexCodeReader.java:86)
	at jadx.core.dex.visitors.usage.UsageInfoVisitor.processInstructions(UsageInfoVisitor.java:128)
	at jadx.core.dex.visitors.usage.UsageInfoVisitor.processMethod(UsageInfoVisitor.java:113)
	at jadx.core.dex.visitors.usage.UsageInfoVisitor.processClass(UsageInfoVisitor.java:101)
	at jadx.core.dex.visitors.usage.UsageInfoVisitor.buildUsageData(UsageInfoVisitor.java:81)
	at jadx.core.dex.visitors.usage.UsageInfoVisitor.init(UsageInfoVisitor.java:65)
	at jadx.core.dex.nodes.RootNode.runPreDecompileStage(RootNode.java:356)
	at jadx.api.JadxDecompiler.load(JadxDecompiler.java:136)
	at jadx.cli.JadxCLI.runSave(JadxCLI.java:71)
	at jadx.cli.JadxCLI.execute(JadxCLI.java:44)
	at jadx.cli.JadxCLI.execute(JadxCLI.java:33)
	at jadx.cli.JadxCLI.main(JadxCLI.java:26)
ERROR - Dependency scan failed at insn: 0x0010: IPUT r3, r6 in method: com.shadow.kotlin.collections.AbstractList.ListIteratorImpl.previous():java.lang.Object, file: /workspace/xh/fixp_148608.dex
java.lang.IllegalArgumentException: newPosition < 0: (-936116072 < 0)
	at java.base/java.nio.Buffer.createPositionException(Buffer.java:351)
	at java.base/java.nio.Buffer.position(Buffer.java:326)
	at java.base/java.nio.ByteBuffer.position(ByteBuffer.java:1561)
	at jadx.plugins.input.dex.sections.SectionReader.absPos(SectionReader.java:82)
	at jadx.plugins.input.dex.sections.SectionReader.getString(SectionReader.java:175)
	at jadx.plugins.input.dex.sections.SectionReader.getType(SectionReader.java:165)
	at jadx.plugins.input.dex.sections.SectionReader.fillFieldData(SectionReader.java:194)
	at jadx.plugins.input.dex.sections.SectionReader.getFieldRef(SectionReader.java:183)
	at jadx.plugins.input.dex.insns.DexInsnData.getIndexAsField(DexInsnData.java:131)
	at jadx.core.dex.visitors.usage.UsageInfoVisitor.processInsn(UsageInfoVisitor.java:150)
	at jadx.core.dex.visitors.usage.UsageInfoVisitor.lambda$processInstructions$0(UsageInfoVisitor.java:130)
	at jadx.plugins.input.dex.sections.DexCodeReader.visitInstructions(DexCodeReader.java:86)
	at jadx.core.dex.visitors.usage.UsageInfoVisitor.processInstructions(UsageInfoVisitor.java:128)
	at jadx.core.dex.visitors.usage.UsageInfoVisitor.processMethod(UsageInfoVisitor.java:113)
	at jadx.core.dex.visitors.usage.UsageInfoVisitor.processClass(UsageInfoVisitor.java:101)
	at jadx.core.dex.visitors.usage.UsageInfoVisitor.buildUsageData(UsageInfoVisitor.java:81)
	at jadx.core.dex.visitors.usage.UsageInfoVisitor.init(UsageInfoVisitor.java:65)
	at jadx.core.dex.nodes.RootNode.runPreDecompileStage(RootNode.java:356)
	at jadx.api.JadxDecompiler.load(JadxDecompiler.java:136)
	at jadx.cli.JadxCLI.runSave(JadxCLI.java:71)
	at jadx.cli.JadxCLI.execute(JadxCLI.java:44)
	at jadx.cli.JadxCLI.execute(JadxCLI.java:33)
	at jadx.cli.JadxCLI.main(JadxCLI.java:26)
ERROR - Dependency scan failed at insn: 0x0014: INVOKE_DIRECT_RANGE r7088, r7089, r7090, r7091, r7092, r7093, r7094, r7095, r7096, r7097, r7098, r7099, r7100, r7101, r7102, r7103, r7104, r7105, r7106, r7107, r7108, r7109, r7110, r7111, r7112, r7113, r7114, r7115, r7116, r7117, r7118, r7119, r7120, r7121, r7122, r7123, r7124, r7125, r7126, r7127, r7128, r7129, r7130, r7131, r7132, r7133, r7134, r7135, r7136, r7137, r7138, r7139, r7140, r7141, r7142, r7143, r7144, r7145, r7146, r7147, r7148, r7149, r7150, r7151, r7152, r7153, r7154 in method: com.shadow.kotlin.collections.AbstractList.ListIteratorImpl.previous():java.lang.Object, file: /workspace/xh/fixp_148608.dex
java.lang.IllegalArgumentException: newPosition < 0: (-610870373 < 0)
	at java.base/java.nio.Buffer.createPositionException(Buffer.java:351)
	at java.base/java.nio.Buffer.position(Buffer.java:326)
	at java.base/java.nio.ByteBuffer.position(ByteBuffer.java:1561)
	at jadx.plugins.input.dex.sections.SectionReader.absPos(SectionReader.java:82)
	at jadx.plugins.input.dex.sections.SectionReader.readTypeListAt(SectionReader.java:141)
	at jadx.plugins.input.dex.sections.SectionReader.loadMethodRef(SectionReader.java:269)
	at jadx.plugins.input.dex.sections.DexMethodRef.load(DexMethodRef.java:28)
	at jadx.core.dex.info.MethodInfo.fromRef(MethodInfo.java:47)
	at jadx.core.dex.visitors.usage.UsageInfoVisitor.processInsn(UsageInfoVisitor.java:165)
	at jadx.core.dex.visitors.usage.UsageInfoVisitor.lambda$processInstructions$0(UsageInfoVisitor.java:130)
	at jadx.plugins.input.dex.sections.DexCodeReader.visitInstructions(DexCodeReader.java:86)
	at jadx.core.dex.visitors.usage.UsageInfoVisitor.processInstructions(UsageInfoVisitor.java:128)
	at jadx.core.dex.visitors.usage.UsageInfoVisitor.processMethod(UsageInfoVisitor.java:113)
	at jadx.core.dex.visitors.usage.UsageInfoVisitor.processClass(UsageInfoVisitor.java:101)
	at jadx.core.dex.visitors.usage.UsageInfoVisitor.buildUsageData(UsageInfoVisitor.java:81)
	at jadx.core.dex.visitors.usage.UsageInfoVisitor.init(UsageInfoVisitor.java:65)
	at jadx.core.dex.nodes.RootNode.runPreDecompileStage(RootNode.java:356)
	at jadx.api.JadxDecompiler.load(JadxDecompiler.java:136)
	at jadx.cli.JadxCLI.runSave(JadxCLI.java:71)
	at jadx.cli.JadxCLI.execute(JadxCLI.java:44)
	at jadx.cli.JadxCLI.execute(JadxCLI.java:33)
	at jadx.cli.JadxCLI.main(JadxCLI.java:26)
ERROR - Dependency scan failed at insn: 0x0019: IGET r0, r9 in method: com.shadow.kotlin.collections.AbstractList.ListIteratorImpl.previous():java.lang.Object, file: /workspace/xh/fixp_148608.dex
java.lang.IllegalArgumentException: newPosition > limit: (499911596 > 3323492)
	at java.base/java.nio.Buffer.createPositionException(Buffer.java:351)
	at java.base/java.nio.Buffer.position(Buffer.java:326)
	at java.base/java.nio.ByteBuffer.position(ByteBuffer.java:1561)
	at jadx.plugins.input.dex.sections.SectionReader.absPos(SectionReader.java:82)
	at jadx.plugins.input.dex.sections.SectionReader.getString(SectionReader.java:175)
	at jadx.plugins.input.dex.sections.SectionReader.getType(SectionReader.java:165)
	at jadx.plugins.input.dex.sections.SectionReader.fillFieldData(SectionReader.java:194)
	at jadx.plugins.input.dex.sections.SectionReader.getFieldRef(SectionReader.java:183)
	at jadx.plugins.input.dex.insns.DexInsnData.getIndexAsField(DexInsnData.java:131)
	at jadx.core.dex.visitors.usage.UsageInfoVisitor.processInsn(UsageInfoVisitor.java:150)
	at jadx.core.dex.visitors.usage.UsageInfoVisitor.lambda$processInstructions$0(UsageInfoVisitor.java:130)
	at jadx.plugins.input.dex.sections.DexCodeReader.visitInstructions(DexCodeReader.java:86)
	at jadx.core.dex.visitors.usage.UsageInfoVisitor.processInstructions(UsageInfoVisitor.java:128)
	at jadx.core.dex.visitors.usage.UsageInfoVisitor.processMethod(UsageInfoVisitor.java:113)
	at jadx.core.dex.visitors.usage.UsageInfoVisitor.processClass(UsageInfoVisitor.java:101)
	at jadx.core.dex.visitors.usage.UsageInfoVisitor.buildUsageData(UsageInfoVisitor.java:81)
	at jadx.core.dex.visitors.usage.UsageInfoVisitor.init(UsageInfoVisitor.java:65)
	at jadx.core.dex.nodes.RootNode.runPreDecompileStage(RootNode.java:356)
	at jadx.api.JadxDecompiler.load(JadxDecompiler.java:136)
	at jadx.cli.JadxCLI.runSave(JadxCLI.java:71)
	at jadx.cli.JadxCLI.execute(JadxCLI.java:44)
	at jadx.cli.JadxCLI.execute(JadxCLI.java:33)
	at jadx.cli.JadxCLI.main(JadxCLI.java:26)
ERROR - Dependency scan failed at insn: 0x0003: INVOKE_STATIC r0, r10, r0, r0, r7 in method: com.shadow.kotlin.collections.AbstractList.ListIteratorImpl.previousIndex():int, file: /workspace/xh/fixp_148608.dex
java.lang.IllegalArgumentException: newPosition > limit: (690892334 > 3323492)
	at java.base/java.nio.Buffer.createPositionException(Buffer.java:351)
	at java.base/java.nio.Buffer.position(Buffer.java:326)
	at java.base/java.nio.ByteBuffer.position(ByteBuffer.java:1561)
	at jadx.plugins.input.dex.sections.SectionReader.absPos(SectionReader.java:82)
	at jadx.plugins.input.dex.sections.SectionReader.readTypeListAt(SectionReader.java:141)
	at jadx.plugins.input.dex.sections.SectionReader.loadMethodRef(SectionReader.java:269)
	at jadx.plugins.input.dex.sections.DexMethodRef.load(DexMethodRef.java:28)
	at jadx.core.dex.info.MethodInfo.fromRef(MethodInfo.java:47)
	at jadx.core.dex.visitors.usage.UsageInfoVisitor.processInsn(UsageInfoVisitor.java:165)
	at jadx.core.dex.visitors.usage.UsageInfoVisitor.lambda$processInstructions$0(UsageInfoVisitor.java:130)
	at jadx.plugins.input.dex.sections.DexCodeReader.visitInstructions(DexCodeReader.java:86)
	at jadx.core.dex.visitors.usage.UsageInfoVisitor.processInstructions(UsageInfoVisitor.java:128)
	at jadx.core.dex.visitors.usage.UsageInfoVisitor.processMethod(UsageInfoVisitor.java:113)
	at jadx.core.dex.visitors.usage.UsageInfoVisitor.processClass(UsageInfoVisitor.java:101)
	at jadx.core.dex.visitors.usage.UsageInfoVisitor.buildUsageData(UsageInfoVisitor.java:81)
	at jadx.core.dex.visitors.usage.UsageInfoVisitor.init(UsageInfoVisitor.java:65)
	at jadx.core.dex.nodes.RootNode.runPreDecompileStage(RootNode.java:356)
	at jadx.api.JadxDecompiler.load(JadxDecompiler.java:136)
	at jadx.cli.JadxCLI.runSave(JadxCLI.java:71)
	at jadx.cli.JadxCLI.execute(JadxCLI.java:44)
	at jadx.cli.JadxCLI.execute(JadxCLI.java:33)
	at jadx.cli.JadxCLI.main(JadxCLI.java:26)
ERROR - Dependency scan failed at insn: 0x0003: SGET r187 in method: com.shadow.kotlin.collections.AbstractList.ListIteratorImpl.set(java.lang.Object):void, file: /workspace/xh/fixp_148608.dex
java.lang.IllegalArgumentException: newPosition > limit: (570429576 > 3323492)
	at java.base/java.nio.Buffer.createPositionException(Buffer.java:351)
	at java.base/java.nio.Buffer.position(Buffer.java:326)
	at java.base/java.nio.ByteBuffer.position(ByteBuffer.java:1561)
	at jadx.plugins.input.dex.sections.SectionReader.absPos(SectionReader.java:82)
	at jadx.plugins.input.dex.sections.SectionReader.getString(SectionReader.java:175)
	at jadx.plugins.input.dex.sections.SectionReader.getType(SectionReader.java:165)
	at jadx.plugins.input.dex.sections.SectionReader.fillFieldData(SectionReader.java:194)
	at jadx.plugins.input.dex.sections.SectionReader.getFieldRef(SectionReader.java:183)
	at jadx.plugins.input.dex.insns.DexInsnData.getIndexAsField(DexInsnData.java:131)
	at jadx.core.dex.visitors.usage.UsageInfoVisitor.processInsn(UsageInfoVisitor.java:150)
	at jadx.core.dex.visitors.usage.UsageInfoVisitor.lambda$processInstructions$0(UsageInfoVisitor.java:130)
	at jadx.plugins.input.dex.sections.DexCodeReader.visitInstructions(DexCodeReader.java:86)
	at jadx.core.dex.visitors.usage.UsageInfoVisitor.processInstructions(UsageInfoVisitor.java:128)
	at jadx.core.dex.visitors.usage.UsageInfoVisitor.processMethod(UsageInfoVisitor.java:113)
	at jadx.core.dex.visitors.usage.UsageInfoVisitor.processClass(UsageInfoVisitor.java:101)
	at jadx.core.dex.visitors.usage.UsageInfoVisitor.buildUsageData(UsageInfoVisitor.java:81)
	at jadx.core.dex.visitors.usage.UsageInfoVisitor.init(UsageInfoVisitor.java:65)
	at jadx.core.dex.nodes.RootNode.runPreDecompileStage(RootNode.java:356)
	at jadx.api.JadxDecompiler.load(JadxDecompiler.java:136)
	at jadx.cli.JadxCLI.runSave(JadxCLI.java:71)
	at jadx.cli.JadxCLI.execute(JadxCLI.java:44)
	at jadx.cli.JadxCLI.execute(JadxCLI.java:33)
	at jadx.cli.JadxCLI.main(JadxCLI.java:26)
ERROR - Dependency scan failed at insn: 0x0005: SPUT r72 in method: com.shadow.kotlin.collections.AbstractList.SubList.get(int):E, file: /workspace/xh/fixp_148608.dex
java.lang.IllegalArgumentException: newPosition < 0: (-725243328 < 0)
	at java.base/java.nio.Buffer.createPositionException(Buffer.java:351)
	at java.base/java.nio.Buffer.position(Buffer.java:326)
	at java.base/java.nio.ByteBuffer.position(ByteBuffer.java:1561)
	at jadx.plugins.input.dex.sections.SectionReader.absPos(SectionReader.java:82)
	at jadx.plugins.input.dex.sections.SectionReader.getString(SectionReader.java:175)
	at jadx.plugins.input.dex.sections.SectionReader.getType(SectionReader.java:165)
	at jadx.plugins.input.dex.sections.SectionReader.fillFieldData(SectionReader.java:194)
	at jadx.plugins.input.dex.sections.SectionReader.getFieldRef(SectionReader.java:183)
	at jadx.plugins.input.dex.insns.DexInsnData.getIndexAsField(DexInsnData.java:131)
	at jadx.core.dex.visitors.usage.UsageInfoVisitor.processInsn(UsageInfoVisitor.java:150)
	at jadx.core.dex.visitors.usage.UsageInfoVisitor.lambda$processInstructions$0(UsageInfoVisitor.java:130)
	at jadx.plugins.input.dex.sections.DexCodeReader.visitInstructions(DexCodeReader.java:86)
	at jadx.core.dex.visitors.usage.UsageInfoVisitor.processInstructions(UsageInfoVisitor.java:128)
	at jadx.core.dex.visitors.usage.UsageInfoVisitor.processMethod(UsageInfoVisitor.java:113)
	at jadx.core.dex.visitors.usage.UsageInfoVisitor.processClass(UsageInfoVisitor.java:101)
	at jadx.core.dex.visitors.usage.UsageInfoVisitor.buildUsageData(UsageInfoVisitor.java:81)
	at jadx.core.dex.visitors.usage.UsageInfoVisitor.init(UsageInfoVisitor.java:65)
	at jadx.core.dex.nodes.RootNode.runPreDecompileStage(RootNode.java:356)
	at jadx.api.JadxDecompiler.load(JadxDecompiler.java:136)
	at jadx.cli.JadxCLI.runSave(JadxCLI.java:71)
	at jadx.cli.JadxCLI.execute(JadxCLI.java:44)
	at jadx.cli.JadxCLI.execute(JadxCLI.java:33)
	at jadx.cli.JadxCLI.main(JadxCLI.java:26)
ERROR - Dependency scan failed at insn: 0x000D: IPUT r1, r13 in method: com.shadow.kotlin.collections.AbstractList.SubList.get(int):E, file: /workspace/xh/fixp_148608.dex
java.lang.IllegalArgumentException: newPosition < 0: (-1781417452 < 0)
	at java.base/java.nio.Buffer.createPositionException(Buffer.java:351)
	at java.base/java.nio.Buffer.position(Buffer.java:326)
	at java.base/java.nio.ByteBuffer.position(ByteBuffer.java:1561)
	at jadx.plugins.input.dex.sections.SectionReader.absPos(SectionReader.java:82)
	at jadx.plugins.input.dex.sections.SectionReader.getString(SectionReader.java:175)
	at jadx.plugins.input.dex.sections.SectionReader.getType(SectionReader.java:165)
	at jadx.plugins.input.dex.sections.SectionReader.fillFieldData(SectionReader.java:194)
	at jadx.plugins.input.dex.sections.SectionReader.getFieldRef(SectionReader.java:183)
	at jadx.plugins.input.dex.insns.DexInsnData.getIndexAsField(DexInsnData.java:131)
	at jadx.core.dex.visitors.usage.UsageInfoVisitor.processInsn(UsageInfoVisitor.java:150)
	at jadx.core.dex.visitors.usage.UsageInfoVisitor.lambda$processInstructions$0(UsageInfoVisitor.java:130)
	at jadx.plugins.input.dex.sections.DexCodeReader.visitInstructions(DexCodeReader.java:86)
	at jadx.core.dex.visitors.usage.UsageInfoVisitor.processInstructions(UsageInfoVisitor.java:128)
	at jadx.core.dex.visitors.usage.UsageInfoVisitor.processMethod(UsageInfoVisitor.java:113)
	at jadx.core.dex.visitors.usage.UsageInfoVisitor.processClass(UsageInfoVisitor.java:101)
	at jadx.core.dex.visitors.usage.UsageInfoVisitor.buildUsageData(UsageInfoVisitor.java:81)
	at jadx.core.dex.visitors.usage.UsageInfoVisitor.init(UsageInfoVisitor.java:65)
	at jadx.core.dex.nodes.RootNode.runPreDecompileStage(RootNode.java:356)
	at jadx.api.JadxDecompiler.load(JadxDecompiler.java:136)
	at jadx.cli.JadxCLI.runSave(JadxCLI.java:71)
	at jadx.cli.JadxCLI.execute(JadxCLI.java:44)
	at jadx.cli.JadxCLI.execute(JadxCLI.java:33)
	at jadx.cli.JadxCLI.main(JadxCLI.java:26)
ERROR - Dependency scan failed in method: com.shadow.kotlin.collections.AbstractList.SubList.get(int):E, file: /workspace/xh/fixp_148608.dex
java.lang.ArrayIndexOutOfBoundsException: Index 5 out of bounds for length 5
	at jadx.plugins.input.dex.insns.DexInsnData.toString(DexInsnData.java:251)
	at java.base/java.lang.String.valueOf(String.java:4530)
	at jadx.core.dex.visitors.usage.UsageInfoVisitor.lambda$processInstructions$0(UsageInfoVisitor.java:132)
	at jadx.plugins.input.dex.sections.DexCodeReader.visitInstructions(DexCodeReader.java:86)
	at jadx.core.dex.visitors.usage.UsageInfoVisitor.processInstructions(UsageInfoVisitor.java:128)
	at jadx.core.dex.visitors.usage.UsageInfoVisitor.processMethod(UsageInfoVisitor.java:113)
	at jadx.core.dex.visitors.usage.UsageInfoVisitor.processClass(UsageInfoVisitor.java:101)
	at jadx.core.dex.visitors.usage.UsageInfoVisitor.buildUsageData(UsageInfoVisitor.java:81)
	at jadx.core.dex.visitors.usage.UsageInfoVisitor.init(UsageInfoVisitor.java:65)
	at jadx.core.dex.nodes.RootNode.runPreDecompileStage(RootNode.java:356)
	at jadx.api.JadxDecompiler.load(JadxDecompiler.java:136)
	at jadx.cli.JadxCLI.runSave(JadxCLI.java:71)
	at jadx.cli.JadxCLI.execute(JadxCLI.java:44)
	at jadx.cli.JadxCLI.execute(JadxCLI.java:33)
	at jadx.cli.JadxCLI.main(JadxCLI.java:26)
ERROR - Dependency scan failed in method: com.shadow.kotlin.collections.AbstractMutableList.<init>():void, file: /workspace/xh/fixp_148608.dex
java.lang.ArrayIndexOutOfBoundsException: Index 5 out of bounds for length 5
	at jadx.plugins.input.dex.insns.DexInsnData.toString(DexInsnData.java:251)
	at java.base/java.lang.String.valueOf(String.java:4530)
	at jadx.core.dex.visitors.usage.UsageInfoVisitor.lambda$processInstructions$0(UsageInfoVisitor.java:132)
	at jadx.plugins.input.dex.sections.DexCodeReader.visitInstructions(DexCodeReader.java:86)
	at jadx.core.dex.visitors.usage.UsageInfoVisitor.processInstructions(UsageInfoVisitor.java:128)
	at jadx.core.dex.visitors.usage.UsageInfoVisitor.processMethod(UsageInfoVisitor.java:113)
	at jadx.core.dex.visitors.usage.UsageInfoVisitor.processClass(UsageInfoVisitor.java:101)
	at jadx.core.dex.visitors.usage.UsageInfoVisitor.buildUsageData(UsageInfoVisitor.java:81)
	at jadx.core.dex.visitors.usage.UsageInfoVisitor.init(UsageInfoVisitor.java:65)
	at jadx.core.dex.nodes.RootNode.runPreDecompileStage(RootNode.java:356)
	at jadx.api.JadxDecompiler.load(JadxDecompiler.java:136)
	at jadx.cli.JadxCLI.runSave(JadxCLI.java:71)
	at jadx.cli.JadxCLI.execute(JadxCLI.java:44)
	at jadx.cli.JadxCLI.execute(JadxCLI.java:33)
	at jadx.cli.JadxCLI.main(JadxCLI.java:26)
ERROR - Dependency scan failed at insn: 0x0003: SPUT r55 in method: com.shadow.kotlin.collections.AbstractMutableList.remove(int):E, file: /workspace/xh/fixp_148608.dex
java.lang.IllegalArgumentException: newPosition > limit: (241174300 > 3323492)
	at java.base/java.nio.Buffer.createPositionException(Buffer.java:351)
	at java.base/java.nio.Buffer.position(Buffer.java:326)
	at java.base/java.nio.ByteBuffer.position(ByteBuffer.java:1561)
	at jadx.plugins.input.dex.sections.SectionReader.absPos(SectionReader.java:82)
	at jadx.plugins.input.dex.sections.SectionReader.getString(SectionReader.java:175)
	at jadx.plugins.input.dex.sections.SectionReader.getType(SectionReader.java:165)
	at jadx.plugins.input.dex.sections.SectionReader.fillFieldData(SectionReader.java:194)
	at jadx.plugins.input.dex.sections.SectionReader.getFieldRef(SectionReader.java:183)
	at jadx.plugins.input.dex.insns.DexInsnData.getIndexAsField(DexInsnData.java:131)
	at jadx.core.dex.visitors.usage.UsageInfoVisitor.processInsn(UsageInfoVisitor.java:150)
	at jadx.core.dex.visitors.usage.UsageInfoVisitor.lambda$processInstructions$0(UsageInfoVisitor.java:130)
	at jadx.plugins.input.dex.sections.DexCodeReader.visitInstructions(DexCodeReader.java:86)
	at jadx.core.dex.visitors.usage.UsageInfoVisitor.processInstructions(UsageInfoVisitor.java:128)
	at jadx.core.dex.visitors.usage.UsageInfoVisitor.processMethod(UsageInfoVisitor.java:113)
	at jadx.core.dex.visitors.usage.UsageInfoVisitor.processClass(UsageInfoVisitor.java:101)
	at jadx.core.dex.visitors.usage.UsageInfoVisitor.buildUsageData(UsageInfoVisitor.java:81)
	at jadx.core.dex.visitors.usage.UsageInfoVisitor.init(UsageInfoVisitor.java:65)
	at jadx.core.dex.nodes.RootNode.runPreDecompileStage(RootNode.java:356)
	at jadx.api.JadxDecompiler.load(JadxDecompiler.java:136)
	at jadx.cli.JadxCLI.runSave(JadxCLI.java:71)
	at jadx.cli.JadxCLI.execute(JadxCLI.java:44)
	at jadx.cli.JadxCLI.execute(JadxCLI.java:33)
	at jadx.cli.JadxCLI.main(JadxCLI.java:26)
ERROR - Dependency scan failed at insn: 0x0000: SGET r61 in method: com.shadow.kotlin.collections.AbstractMutableSet.<init>():void, file: /workspace/xh/fixp_148608.dex
java.lang.IllegalArgumentException: newPosition > limit: (8589568 > 3323492)
	at java.base/java.nio.Buffer.createPositionException(Buffer.java:351)
	at java.base/java.nio.Buffer.position(Buffer.java:326)
	at java.base/java.nio.ByteBuffer.position(ByteBuffer.java:1561)
	at jadx.plugins.input.dex.sections.SectionReader.absPos(SectionReader.java:82)
	at jadx.plugins.input.dex.sections.SectionReader.getString(SectionReader.java:175)
	at jadx.plugins.input.dex.sections.SectionReader.getType(SectionReader.java:165)
	at jadx.plugins.input.dex.sections.SectionReader.fillFieldData(SectionReader.java:194)
	at jadx.plugins.input.dex.sections.SectionReader.getFieldRef(SectionReader.java:183)
	at jadx.plugins.input.dex.insns.DexInsnData.getIndexAsField(DexInsnData.java:131)
	at jadx.core.dex.visitors.usage.UsageInfoVisitor.processInsn(UsageInfoVisitor.java:150)
	at jadx.core.dex.visitors.usage.UsageInfoVisitor.lambda$processInstructions$0(UsageInfoVisitor.java:130)
	at jadx.plugins.input.dex.sections.DexCodeReader.visitInstructions(DexCodeReader.java:86)
	at jadx.core.dex.visitors.usage.UsageInfoVisitor.processInstructions(UsageInfoVisitor.java:128)
	at jadx.core.dex.visitors.usage.UsageInfoVisitor.processMethod(UsageInfoVisitor.java:113)
	at jadx.core.dex.visitors.usage.UsageInfoVisitor.processClass(UsageInfoVisitor.java:101)
	at jadx.core.dex.visitors.usage.UsageInfoVisitor.buildUsageData(UsageInfoVisitor.java:81)
	at jadx.core.dex.visitors.usage.UsageInfoVisitor.init(UsageInfoVisitor.java:65)
	at jadx.core.dex.nodes.RootNode.runPreDecompileStage(RootNode.java:356)
	at jadx.api.JadxDecompiler.load(JadxDecompiler.java:136)
	at jadx.cli.JadxCLI.runSave(JadxCLI.java:71)
	at jadx.cli.JadxCLI.execute(JadxCLI.java:44)
	at jadx.cli.JadxCLI.execute(JadxCLI.java:33)
	at jadx.cli.JadxCLI.main(JadxCLI.java:26)
ERROR - Dependency scan failed at insn: 0x0003: SPUT r169 in method: com.shadow.kotlin.collections.AbstractMutableSet.size():int, file: /workspace/xh/fixp_148608.dex
java.lang.IllegalArgumentException: newPosition > limit: (939639360 > 3323492)
	at java.base/java.nio.Buffer.createPositionException(Buffer.java:351)
	at java.base/java.nio.Buffer.position(Buffer.java:326)
	at java.base/java.nio.ByteBuffer.position(ByteBuffer.java:1561)
	at jadx.plugins.input.dex.sections.SectionReader.absPos(SectionReader.java:82)
	at jadx.plugins.input.dex.sections.SectionReader.getString(SectionReader.java:175)
	at jadx.plugins.input.dex.sections.SectionReader.fillFieldData(SectionReader.java:195)
	at jadx.plugins.input.dex.sections.SectionReader.getFieldRef(SectionReader.java:183)
	at jadx.plugins.input.dex.insns.DexInsnData.getIndexAsField(DexInsnData.java:131)
	at jadx.core.dex.visitors.usage.UsageInfoVisitor.processInsn(UsageInfoVisitor.java:150)
	at jadx.core.dex.visitors.usage.UsageInfoVisitor.lambda$processInstructions$0(UsageInfoVisitor.java:130)
	at jadx.plugins.input.dex.sections.DexCodeReader.visitInstructions(DexCodeReader.java:86)
	at jadx.core.dex.visitors.usage.UsageInfoVisitor.processInstructions(UsageInfoVisitor.java:128)
	at jadx.core.dex.visitors.usage.UsageInfoVisitor.processMethod(UsageInfoVisitor.java:113)
	at jadx.core.dex.visitors.usage.UsageInfoVisitor.processClass(UsageInfoVisitor.java:101)
	at jadx.core.dex.visitors.usage.UsageInfoVisitor.buildUsageData(UsageInfoVisitor.java:81)
	at jadx.core.dex.visitors.usage.UsageInfoVisitor.init(UsageInfoVisitor.java:65)
	at jadx.core.dex.nodes.RootNode.runPreDecompileStage(RootNode.java:356)
	at jadx.api.JadxDecompiler.load(JadxDecompiler.java:136)
	at jadx.cli.JadxCLI.runSave(JadxCLI.java:71)
	at jadx.cli.JadxCLI.execute(JadxCLI.java:44)
	at jadx.cli.JadxCLI.execute(JadxCLI.java:33)
	at jadx.cli.JadxCLI.main(JadxCLI.java:26)
ERROR - Dependency scan failed at insn: 0x0002: CHECK_CAST r132 in method: com.shadow.kotlin.collections.ArrayAsCollection.<init>(java.lang.Object[]):void, file: /workspace/xh/fixp_148608.dex
java.lang.IllegalArgumentException: newPosition < 0: (-1781406344 < 0)
	at java.base/java.nio.Buffer.createPositionException(Buffer.java:351)
	at java.base/java.nio.Buffer.position(Buffer.java:326)
	at java.base/java.nio.ByteBuffer.position(ByteBuffer.java:1561)
	at jadx.plugins.input.dex.sections.SectionReader.absPos(SectionReader.java:82)
	at jadx.plugins.input.dex.sections.SectionReader.getString(SectionReader.java:175)
	at jadx.plugins.input.dex.sections.SectionReader.getType(SectionReader.java:165)
	at jadx.plugins.input.dex.insns.DexInsnData.getIndexAsType(DexInsnData.java:126)
	at jadx.core.dex.visitors.usage.UsageInfoVisitor.processInsn(UsageInfoVisitor.java:144)
	at jadx.core.dex.visitors.usage.UsageInfoVisitor.lambda$processInstructions$0(UsageInfoVisitor.java:130)
	at jadx.plugins.input.dex.sections.DexCodeReader.visitInstructions(DexCodeReader.java:86)
	at jadx.core.dex.visitors.usage.UsageInfoVisitor.processInstructions(UsageInfoVisitor.java:128)
	at jadx.core.dex.visitors.usage.UsageInfoVisitor.processMethod(UsageInfoVisitor.java:113)
	at jadx.core.dex.visitors.usage.UsageInfoVisitor.processClass(UsageInfoVisitor.java:101)
	at jadx.core.dex.visitors.usage.UsageInfoVisitor.buildUsageData(UsageInfoVisitor.java:81)
	at jadx.core.dex.visitors.usage.UsageInfoVisitor.init(UsageInfoVisitor.java:65)
	at jadx.core.dex.nodes.RootNode.runPreDecompileStage(RootNode.java:356)
	at jadx.api.JadxDecompiler.load(JadxDecompiler.java:136)
	at jadx.cli.JadxCLI.runSave(JadxCLI.java:71)
	at jadx.cli.JadxCLI.execute(JadxCLI.java:44)
	at jadx.cli.JadxCLI.execute(JadxCLI.java:33)
	at jadx.cli.JadxCLI.main(JadxCLI.java:26)
ERROR - Dependency scan failed in method: com.shadow.kotlin.collections.ArrayAsCollection.add(T):boolean, file: /workspace/xh/fixp_148608.dex
java.lang.ArrayIndexOutOfBoundsException: Index 5 out of bounds for length 5
	at jadx.plugins.input.dex.insns.DexInsnData.toString(DexInsnData.java:251)
	at java.base/java.lang.String.valueOf(String.java:4530)
	at jadx.core.dex.visitors.usage.UsageInfoVisitor.lambda$processInstructions$0(UsageInfoVisitor.java:132)
	at jadx.plugins.input.dex.sections.DexCodeReader.visitInstructions(DexCodeReader.java:86)
	at jadx.core.dex.visitors.usage.UsageInfoVisitor.processInstructions(UsageInfoVisitor.java:128)
	at jadx.core.dex.visitors.usage.UsageInfoVisitor.processMethod(UsageInfoVisitor.java:113)
	at jadx.core.dex.visitors.usage.UsageInfoVisitor.processClass(UsageInfoVisitor.java:101)
	at jadx.core.dex.visitors.usage.UsageInfoVisitor.buildUsageData(UsageInfoVisitor.java:81)
	at jadx.core.dex.visitors.usage.UsageInfoVisitor.init(UsageInfoVisitor.java:65)
	at jadx.core.dex.nodes.RootNode.runPreDecompileStage(RootNode.java:356)
	at jadx.api.JadxDecompiler.load(JadxDecompiler.java:136)
	at jadx.cli.JadxCLI.runSave(JadxCLI.java:71)
	at jadx.cli.JadxCLI.execute(JadxCLI.java:44)
	at jadx.cli.JadxCLI.execute(JadxCLI.java:33)
	at jadx.cli.JadxCLI.main(JadxCLI.java:26)
ERROR - Dependency scan failed at insn: 0x0006: INVOKE_VIRTUAL_RANGE r7, r8, r9, r10, r11, r12, r13, r14, r15, r16, r17, r18, r19, r20, r21, r22, r23, r24, r25, r26, r27, r28, r29, r30, r31, r32, r33, r34, r35, r36, r37, r38, r39, r40, r41, r42, r43, r44, r45, r46, r47, r48, r49, r50, r51, r52, r53, r54, r55, r56, r57, r58, r59, r60, r61, r62, r63, r64, r65, r66, r67, r68, r69, r70, r71, r72, r73, r74, r75, r76, r77, r78, r79, r80, r81, r82, r83, r84, r85, r86, r87, r88, r89, r90, r91, r92, r93, r94, r95, r96, r97, r98, r99, r100, r101, r102, r103, r104, r105 in method: com.shadow.kotlin.collections.ArrayAsCollection.clear():void, file: /workspace/xh/fixp_148608.dex
java.lang.IllegalArgumentException: newPosition > limit: (8779632 > 3323492)
	at java.base/java.nio.Buffer.createPositionException(Buffer.java:351)
	at java.base/java.nio.Buffer.position(Buffer.java:326)
	at java.base/java.nio.ByteBuffer.position(ByteBuffer.java:1561)
	at jadx.plugins.input.dex.sections.SectionReader.absPos(SectionReader.java:82)
	at jadx.plugins.input.dex.sections.SectionReader.getString(SectionReader.java:175)
	at jadx.plugins.input.dex.sections.SectionReader.getType(SectionReader.java:165)
	at jadx.plugins.input.dex.sections.SectionReader.loadMethodRef(SectionReader.java:270)
	at jadx.plugins.input.dex.sections.DexMethodRef.load(DexMethodRef.java:28)
	at jadx.core.dex.info.MethodInfo.fromRef(MethodInfo.java:47)
	at jadx.core.dex.visitors.usage.UsageInfoVisitor.processInsn(UsageInfoVisitor.java:165)
	at jadx.core.dex.visitors.usage.UsageInfoVisitor.lambda$processInstructions$0(UsageInfoVisitor.java:130)
	at jadx.plugins.input.dex.sections.DexCodeReader.visitInstructions(DexCodeReader.java:86)
	at jadx.core.dex.visitors.usage.UsageInfoVisitor.processInstructions(UsageInfoVisitor.java:128)
	at jadx.core.dex.visitors.usage.UsageInfoVisitor.processMethod(UsageInfoVisitor.java:113)
	at jadx.core.dex.visitors.usage.UsageInfoVisitor.processClass(UsageInfoVisitor.java:101)
	at jadx.core.dex.visitors.usage.UsageInfoVisitor.buildUsageData(UsageInfoVisitor.java:81)
	at jadx.core.dex.visitors.usage.UsageInfoVisitor.init(UsageInfoVisitor.java:65)
	at jadx.core.dex.nodes.RootNode.runPreDecompileStage(RootNode.java:356)
	at jadx.api.JadxDecompiler.load(JadxDecompiler.java:136)
	at jadx.cli.JadxCLI.runSave(JadxCLI.java:71)
	at jadx.cli.JadxCLI.execute(JadxCLI.java:44)
	at jadx.cli.JadxCLI.execute(JadxCLI.java:33)
	at jadx.cli.JadxCLI.main(JadxCLI.java:26)
ERROR - Dependency scan failed at insn: 0x0006: IGET r10, r0 in method: com.shadow.kotlin.collections.ArrayAsCollection.contains(java.lang.Object):boolean, file: /workspace/xh/fixp_148608.dex
java.lang.IllegalArgumentException: newPosition < 0: (-2051948244 < 0)
	at java.base/java.nio.Buffer.createPositionException(Buffer.java:351)
	at java.base/java.nio.Buffer.position(Buffer.java:326)
	at java.base/java.nio.ByteBuffer.position(ByteBuffer.java:1561)
	at jadx.plugins.input.dex.sections.SectionReader.absPos(SectionReader.java:82)
	at jadx.plugins.input.dex.sections.SectionReader.getString(SectionReader.java:175)
	at jadx.plugins.input.dex.sections.SectionReader.getType(SectionReader.java:165)
	at jadx.plugins.input.dex.sections.SectionReader.fillFieldData(SectionReader.java:194)
	at jadx.plugins.input.dex.sections.SectionReader.getFieldRef(SectionReader.java:183)
	at jadx.plugins.input.dex.insns.DexInsnData.getIndexAsField(DexInsnData.java:131)
	at jadx.core.dex.visitors.usage.UsageInfoVisitor.processInsn(UsageInfoVisitor.java:150)
	at jadx.core.dex.visitors.usage.UsageInfoVisitor.lambda$processInstructions$0(UsageInfoVisitor.java:130)
	at jadx.plugins.input.dex.sections.DexCodeReader.visitInstructions(DexCodeReader.java:86)
	at jadx.core.dex.visitors.usage.UsageInfoVisitor.processInstructions(UsageInfoVisitor.java:128)
	at jadx.core.dex.visitors.usage.UsageInfoVisitor.processMethod(UsageInfoVisitor.java:113)
	at jadx.core.dex.visitors.usage.UsageInfoVisitor.processClass(UsageInfoVisitor.java:101)
	at jadx.core.dex.visitors.usage.UsageInfoVisitor.buildUsageData(UsageInfoVisitor.java:81)
	at jadx.core.dex.visitors.usage.UsageInfoVisitor.init(UsageInfoVisitor.java:65)
	at jadx.core.dex.nodes.RootNode.runPreDecompileStage(RootNode.java:356)
	at jadx.api.JadxDecompiler.load(JadxDecompiler.java:136)
	at jadx.cli.JadxCLI.runSave(JadxCLI.java:71)
	at jadx.cli.JadxCLI.execute(JadxCLI.java:44)
	at jadx.cli.JadxCLI.execute(JadxCLI.java:33)
	at jadx.cli.JadxCLI.main(JadxCLI.java:26)
ERROR - Dependency scan failed at insn: 0x001B: SGET r141 in method: com.shadow.kotlin.collections.ArrayAsCollection.contains(java.lang.Object):boolean, file: /workspace/xh/fixp_148608.dex
java.lang.IllegalArgumentException: newPosition > limit: (1494026688 > 3323492)
	at java.base/java.nio.Buffer.createPositionException(Buffer.java:351)
	at java.base/java.nio.Buffer.position(Buffer.java:326)
	at java.base/java.nio.ByteBuffer.position(ByteBuffer.java:1561)
	at jadx.plugins.input.dex.sections.SectionReader.absPos(SectionReader.java:82)
	at jadx.plugins.input.dex.sections.SectionReader.getString(SectionReader.java:175)
	at jadx.plugins.input.dex.sections.SectionReader.getType(SectionReader.java:165)
	at jadx.plugins.input.dex.sections.SectionReader.fillFieldData(SectionReader.java:194)
	at jadx.plugins.input.dex.sections.SectionReader.getFieldRef(SectionReader.java:183)
	at jadx.plugins.input.dex.insns.DexInsnData.getIndexAsField(DexInsnData.java:131)
	at jadx.core.dex.visitors.usage.UsageInfoVisitor.processInsn(UsageInfoVisitor.java:150)
	at jadx.core.dex.visitors.usage.UsageInfoVisitor.lambda$processInstructions$0(UsageInfoVisitor.java:130)
	at jadx.plugins.input.dex.sections.DexCodeReader.visitInstructions(DexCodeReader.java:86)
	at jadx.core.dex.visitors.usage.UsageInfoVisitor.processInstructions(UsageInfoVisitor.java:128)
	at jadx.core.dex.visitors.usage.UsageInfoVisitor.processMethod(UsageInfoVisitor.java:113)
	at jadx.core.dex.visitors.usage.UsageInfoVisitor.processClass(UsageInfoVisitor.java:101)
	at jadx.core.dex.visitors.usage.UsageInfoVisitor.buildUsageData(UsageInfoVisitor.java:81)
	at jadx.core.dex.visitors.usage.UsageInfoVisitor.init(UsageInfoVisitor.java:65)
	at jadx.core.dex.nodes.RootNode.runPreDecompileStage(RootNode.java:356)
	at jadx.api.JadxDecompiler.load(JadxDecompiler.java:136)
	at jadx.cli.JadxCLI.runSave(JadxCLI.java:71)
	at jadx.cli.JadxCLI.execute(JadxCLI.java:44)
	at jadx.cli.JadxCLI.execute(JadxCLI.java:33)
	at jadx.cli.JadxCLI.main(JadxCLI.java:26)
ERROR - Dependency scan failed at insn: 0x001D: IPUT r9, r5 in method: com.shadow.kotlin.collections.ArrayAsCollection.contains(java.lang.Object):boolean, file: /workspace/xh/fixp_148608.dex
java.lang.IllegalArgumentException: newPosition > limit: (512494024 > 3323492)
	at java.base/java.nio.Buffer.createPositionException(Buffer.java:351)
	at java.base/java.nio.Buffer.position(Buffer.java:326)
	at java.base/java.nio.ByteBuffer.position(ByteBuffer.java:1561)
	at jadx.plugins.input.dex.sections.SectionReader.absPos(SectionReader.java:82)
	at jadx.plugins.input.dex.sections.SectionReader.getString(SectionReader.java:175)
	at jadx.plugins.input.dex.sections.SectionReader.getType(SectionReader.java:165)
	at jadx.plugins.input.dex.sections.SectionReader.fillFieldData(SectionReader.java:194)
	at jadx.plugins.input.dex.sections.SectionReader.getFieldRef(SectionReader.java:183)
	at jadx.plugins.input.dex.insns.DexInsnData.getIndexAsField(DexInsnData.java:131)
	at jadx.core.dex.visitors.usage.UsageInfoVisitor.processInsn(UsageInfoVisitor.java:150)
	at jadx.core.dex.visitors.usage.UsageInfoVisitor.lambda$processInstructions$0(UsageInfoVisitor.java:130)
	at jadx.plugins.input.dex.sections.DexCodeReader.visitInstructions(DexCodeReader.java:86)
	at jadx.core.dex.visitors.usage.UsageInfoVisitor.processInstructions(UsageInfoVisitor.java:128)
	at jadx.core.dex.visitors.usage.UsageInfoVisitor.processMethod(UsageInfoVisitor.java:113)
	at jadx.core.dex.visitors.usage.UsageInfoVisitor.processClass(UsageInfoVisitor.java:101)
	at jadx.core.dex.visitors.usage.UsageInfoVisitor.buildUsageData(UsageInfoVisitor.java:81)
	at jadx.core.dex.visitors.usage.UsageInfoVisitor.init(UsageInfoVisitor.java:65)
	at jadx.core.dex.nodes.RootNode.runPreDecompileStage(RootNode.java:356)
	at jadx.api.JadxDecompiler.load(JadxDecompiler.java:136)
	at jadx.cli.JadxCLI.runSave(JadxCLI.java:71)
	at jadx.cli.JadxCLI.execute(JadxCLI.java:44)
	at jadx.cli.JadxCLI.execute(JadxCLI.java:33)
	at jadx.cli.JadxCLI.main(JadxCLI.java:26)
ERROR - Dependency scan failed in method: com.shadow.kotlin.collections.ArrayAsCollection.containsAll(java.util.Collection<? extends java.lang.Object>):boolean, file: /workspace/xh/fixp_148608.dex
java.lang.ArrayIndexOutOfBoundsException: Index 5 out of bounds for length 5
	at jadx.plugins.input.dex.insns.DexInsnData.toString(DexInsnData.java:251)
	at java.base/java.lang.String.valueOf(String.java:4530)
	at jadx.core.dex.visitors.usage.UsageInfoVisitor.lambda$processInstructions$0(UsageInfoVisitor.java:132)
	at jadx.plugins.input.dex.sections.DexCodeReader.visitInstructions(DexCodeReader.java:86)
	at jadx.core.dex.visitors.usage.UsageInfoVisitor.processInstructions(UsageInfoVisitor.java:128)
	at jadx.core.dex.visitors.usage.UsageInfoVisitor.processMethod(UsageInfoVisitor.java:113)
	at jadx.core.dex.visitors.usage.UsageInfoVisitor.processClass(UsageInfoVisitor.java:101)
	at jadx.core.dex.visitors.usage.UsageInfoVisitor.buildUsageData(UsageInfoVisitor.java:81)
	at jadx.core.dex.visitors.usage.UsageInfoVisitor.init(UsageInfoVisitor.java:65)
	at jadx.core.dex.nodes.RootNode.runPreDecompileStage(RootNode.java:356)
	at jadx.api.JadxDecompiler.load(JadxDecompiler.java:136)
	at jadx.cli.JadxCLI.runSave(JadxCLI.java:71)
	at jadx.cli.JadxCLI.execute(JadxCLI.java:44)
	at jadx.cli.JadxCLI.execute(JadxCLI.java:33)
	at jadx.cli.JadxCLI.main(JadxCLI.java:26)
ERROR - Dependency scan failed at insn: 0x0001: SPUT r104 in method: com.shadow.kotlin.collections.ArrayAsCollection.remove(java.lang.Object):boolean, file: /workspace/xh/fixp_148608.dex
java.lang.IllegalArgumentException: newPosition < 0: (-1315849740 < 0)
	at java.base/java.nio.Buffer.createPositionException(Buffer.java:351)
	at java.base/java.nio.Buffer.position(Buffer.java:326)
	at java.base/java.nio.ByteBuffer.position(ByteBuffer.java:1561)
	at jadx.plugins.input.dex.sections.SectionReader.absPos(SectionReader.java:82)
	at jadx.plugins.input.dex.sections.SectionReader.getString(SectionReader.java:175)
	at jadx.plugins.input.dex.sections.SectionReader.fillFieldData(SectionReader.java:195)
	at jadx.plugins.input.dex.sections.SectionReader.getFieldRef(SectionReader.java:183)
	at jadx.plugins.input.dex.insns.DexInsnData.getIndexAsField(DexInsnData.java:131)
	at jadx.core.dex.visitors.usage.UsageInfoVisitor.processInsn(UsageInfoVisitor.java:150)
	at jadx.core.dex.visitors.usage.UsageInfoVisitor.lambda$processInstructions$0(UsageInfoVisitor.java:130)
	at jadx.plugins.input.dex.sections.DexCodeReader.visitInstructions(DexCodeReader.java:86)
	at jadx.core.dex.visitors.usage.UsageInfoVisitor.processInstructions(UsageInfoVisitor.java:128)
	at jadx.core.dex.visitors.usage.UsageInfoVisitor.processMethod(UsageInfoVisitor.java:113)
	at jadx.core.dex.visitors.usage.UsageInfoVisitor.processClass(UsageInfoVisitor.java:101)
	at jadx.core.dex.visitors.usage.UsageInfoVisitor.buildUsageData(UsageInfoVisitor.java:81)
	at jadx.core.dex.visitors.usage.UsageInfoVisitor.init(UsageInfoVisitor.java:65)
	at jadx.core.dex.nodes.RootNode.runPreDecompileStage(RootNode.java:356)
	at jadx.api.JadxDecompiler.load(JadxDecompiler.java:136)
	at jadx.cli.JadxCLI.runSave(JadxCLI.java:71)
	at jadx.cli.JadxCLI.execute(JadxCLI.java:44)
	at jadx.cli.JadxCLI.execute(JadxCLI.java:33)
	at jadx.cli.JadxCLI.main(JadxCLI.java:26)
ERROR - Dependency scan failed at insn: 0x0000: SPUT r142 in method: com.shadow.kotlin.collections.ArrayAsCollection.removeAll(java.util.Collection<? extends java.lang.Object>):boolean, file: /workspace/xh/fixp_148608.dex
java.lang.IllegalArgumentException: newPosition < 0: (-1781417452 < 0)
	at java.base/java.nio.Buffer.createPositionException(Buffer.java:351)
	at java.base/java.nio.Buffer.position(Buffer.java:326)
	at java.base/java.nio.ByteBuffer.position(ByteBuffer.java:1561)
	at jadx.plugins.input.dex.sections.SectionReader.absPos(SectionReader.java:82)
	at jadx.plugins.input.dex.sections.SectionReader.getString(SectionReader.java:175)
	at jadx.plugins.input.dex.sections.SectionReader.getType(SectionReader.java:165)
	at jadx.plugins.input.dex.sections.SectionReader.fillFieldData(SectionReader.java:194)
	at jadx.plugins.input.dex.sections.SectionReader.getFieldRef(SectionReader.java:183)
	at jadx.plugins.input.dex.insns.DexInsnData.getIndexAsField(DexInsnData.java:131)
	at jadx.core.dex.visitors.usage.UsageInfoVisitor.processInsn(UsageInfoVisitor.java:150)
	at jadx.core.dex.visitors.usage.UsageInfoVisitor.lambda$processInstructions$0(UsageInfoVisitor.java:130)
	at jadx.plugins.input.dex.sections.DexCodeReader.visitInstructions(DexCodeReader.java:86)
	at jadx.core.dex.visitors.usage.UsageInfoVisitor.processInstructions(UsageInfoVisitor.java:128)
	at jadx.core.dex.visitors.usage.UsageInfoVisitor.processMethod(UsageInfoVisitor.java:113)
	at jadx.core.dex.visitors.usage.UsageInfoVisitor.processClass(UsageInfoVisitor.java:101)
	at jadx.core.dex.visitors.usage.UsageInfoVisitor.buildUsageData(UsageInfoVisitor.java:81)
	at jadx.core.dex.visitors.usage.UsageInfoVisitor.init(UsageInfoVisitor.java:65)
	at jadx.core.dex.nodes.RootNode.runPreDecompileStage(RootNode.java:356)
	at jadx.api.JadxDecompiler.load(JadxDecompiler.java:136)
	at jadx.cli.JadxCLI.runSave(JadxCLI.java:71)
	at jadx.cli.JadxCLI.execute(JadxCLI.java:44)
	at jadx.cli.JadxCLI.execute(JadxCLI.java:33)
	at jadx.cli.JadxCLI.main(JadxCLI.java:26)
ERROR - Dependency scan failed at insn: 0x0004: IGET r5, r4 in method: com.shadow.kotlin.collections.ArrayAsCollection.retainAll(java.util.Collection<? extends java.lang.Object>):boolean, file: /workspace/xh/fixp_148608.dex
java.lang.IllegalArgumentException: newPosition < 0: (-174222988 < 0)
	at java.base/java.nio.Buffer.createPositionException(Buffer.java:351)
	at java.base/java.nio.Buffer.position(Buffer.java:326)
	at java.base/java.nio.ByteBuffer.position(ByteBuffer.java:1561)
	at jadx.plugins.input.dex.sections.SectionReader.absPos(SectionReader.java:82)
	at jadx.plugins.input.dex.sections.SectionReader.getString(SectionReader.java:175)
	at jadx.plugins.input.dex.sections.SectionReader.getType(SectionReader.java:165)
	at jadx.plugins.input.dex.sections.SectionReader.fillFieldData(SectionReader.java:194)
	at jadx.plugins.input.dex.sections.SectionReader.getFieldRef(SectionReader.java:183)
	at jadx.plugins.input.dex.insns.DexInsnData.getIndexAsField(DexInsnData.java:131)
	at jadx.core.dex.visitors.usage.UsageInfoVisitor.processInsn(UsageInfoVisitor.java:150)
	at jadx.core.dex.visitors.usage.UsageInfoVisitor.lambda$processInstructions$0(UsageInfoVisitor.java:130)
	at jadx.plugins.input.dex.sections.DexCodeReader.visitInstructions(DexCodeReader.java:86)
	at jadx.core.dex.visitors.usage.UsageInfoVisitor.processInstructions(UsageInfoVisitor.java:128)
	at jadx.core.dex.visitors.usage.UsageInfoVisitor.processMethod(UsageInfoVisitor.java:113)
	at jadx.core.dex.visitors.usage.UsageInfoVisitor.processClass(UsageInfoVisitor.java:101)
	at jadx.core.dex.visitors.usage.UsageInfoVisitor.buildUsageData(UsageInfoVisitor.java:81)
	at jadx.core.dex.visitors.usage.UsageInfoVisitor.init(UsageInfoVisitor.java:65)
	at jadx.core.dex.nodes.RootNode.runPreDecompileStage(RootNode.java:356)
	at jadx.api.JadxDecompiler.load(JadxDecompiler.java:136)
	at jadx.cli.JadxCLI.runSave(JadxCLI.java:71)
	at jadx.cli.JadxCLI.execute(JadxCLI.java:44)
	at jadx.cli.JadxCLI.execute(JadxCLI.java:33)
	at jadx.cli.JadxCLI.main(JadxCLI.java:26)
ERROR - Dependency scan failed at insn: 0x0000: INVOKE_POLYMORPHIC r4 in method: com.shadow.kotlin.collections.ArrayAsCollection.size():int, file: /workspace/xh/fixp_148608.dex
java.lang.IllegalArgumentException: newPosition > limit: (1684369001 > 3323492)
	at java.base/java.nio.Buffer.createPositionException(Buffer.java:351)
	at java.base/java.nio.Buffer.position(Buffer.java:326)
	at java.base/java.nio.ByteBuffer.position(ByteBuffer.java:1561)
	at jadx.plugins.input.dex.sections.SectionReader.absPos(SectionReader.java:82)
	at jadx.plugins.input.dex.sections.SectionReader.readTypeListAt(SectionReader.java:141)
	at jadx.plugins.input.dex.sections.SectionReader.loadMethodRef(SectionReader.java:269)
	at jadx.plugins.input.dex.sections.DexMethodRef.load(DexMethodRef.java:28)
	at jadx.core.dex.info.MethodInfo.fromRef(MethodInfo.java:47)
	at jadx.core.dex.visitors.usage.UsageInfoVisitor.processInsn(UsageInfoVisitor.java:165)
	at jadx.core.dex.visitors.usage.UsageInfoVisitor.lambda$processInstructions$0(UsageInfoVisitor.java:130)
	at jadx.plugins.input.dex.sections.DexCodeReader.visitInstructions(DexCodeReader.java:86)
	at jadx.core.dex.visitors.usage.UsageInfoVisitor.processInstructions(UsageInfoVisitor.java:128)
	at jadx.core.dex.visitors.usage.UsageInfoVisitor.processMethod(UsageInfoVisitor.java:113)
	at jadx.core.dex.visitors.usage.UsageInfoVisitor.processClass(UsageInfoVisitor.java:101)
	at jadx.core.dex.visitors.usage.UsageInfoVisitor.buildUsageData(UsageInfoVisitor.java:81)
	at jadx.core.dex.visitors.usage.UsageInfoVisitor.init(UsageInfoVisitor.java:65)
	at jadx.core.dex.nodes.RootNode.runPreDecompileStage(RootNode.java:356)
	at jadx.api.JadxDecompiler.load(JadxDecompiler.java:136)
	at jadx.cli.JadxCLI.runSave(JadxCLI.java:71)
	at jadx.cli.JadxCLI.execute(JadxCLI.java:44)
	at jadx.cli.JadxCLI.execute(JadxCLI.java:33)
	at jadx.cli.JadxCLI.main(JadxCLI.java:26)
ERROR - Dependency scan failed at insn: 0x0005: SPUT r59 in method: com.shadow.kotlin.collections.ArrayAsCollection.toArray():java.lang.Object[], file: /workspace/xh/fixp_148608.dex
java.lang.IllegalArgumentException: newPosition > limit: (521932936 > 3323492)
	at java.base/java.nio.Buffer.createPositionException(Buffer.java:351)
	at java.base/java.nio.Buffer.position(Buffer.java:326)
	at java.base/java.nio.ByteBuffer.position(ByteBuffer.java:1561)
	at jadx.plugins.input.dex.sections.SectionReader.absPos(SectionReader.java:82)
	at jadx.plugins.input.dex.sections.SectionReader.getString(SectionReader.java:175)
	at jadx.plugins.input.dex.sections.SectionReader.getType(SectionReader.java:165)
	at jadx.plugins.input.dex.sections.SectionReader.fillFieldData(SectionReader.java:194)
	at jadx.plugins.input.dex.sections.SectionReader.getFieldRef(SectionReader.java:183)
	at jadx.plugins.input.dex.insns.DexInsnData.getIndexAsField(DexInsnData.java:131)
	at jadx.core.dex.visitors.usage.UsageInfoVisitor.processInsn(UsageInfoVisitor.java:150)
	at jadx.core.dex.visitors.usage.UsageInfoVisitor.lambda$processInstructions$0(UsageInfoVisitor.java:130)
	at jadx.plugins.input.dex.sections.DexCodeReader.visitInstructions(DexCodeReader.java:86)
	at jadx.core.dex.visitors.usage.UsageInfoVisitor.processInstructions(UsageInfoVisitor.java:128)
	at jadx.core.dex.visitors.usage.UsageInfoVisitor.processMethod(UsageInfoVisitor.java:113)
	at jadx.core.dex.visitors.usage.UsageInfoVisitor.processClass(UsageInfoVisitor.java:101)
	at jadx.core.dex.visitors.usage.UsageInfoVisitor.buildUsageData(UsageInfoVisitor.java:81)
	at jadx.core.dex.visitors.usage.UsageInfoVisitor.init(UsageInfoVisitor.java:65)
	at jadx.core.dex.nodes.RootNode.runPreDecompileStage(RootNode.java:356)
	at jadx.api.JadxDecompiler.load(JadxDecompiler.java:136)
	at jadx.cli.JadxCLI.runSave(JadxCLI.java:71)
	at jadx.cli.JadxCLI.execute(JadxCLI.java:44)
	at jadx.cli.JadxCLI.execute(JadxCLI.java:33)
	at jadx.cli.JadxCLI.main(JadxCLI.java:26)
ERROR - Dependency scan failed at insn: 0x000E: IPUT r6, r7 in method: com.shadow.kotlin.collections.ArrayAsCollection.toArray():java.lang.Object[], file: /workspace/xh/fixp_148608.dex
java.lang.IllegalArgumentException: newPosition > limit: (329256348 > 3323492)
	at java.base/java.nio.Buffer.createPositionException(Buffer.java:351)
	at java.base/java.nio.Buffer.position(Buffer.java:326)
	at java.base/java.nio.ByteBuffer.position(ByteBuffer.java:1561)
	at jadx.plugins.input.dex.sections.SectionReader.absPos(SectionReader.java:82)
	at jadx.plugins.input.dex.sections.SectionReader.getString(SectionReader.java:175)
	at jadx.plugins.input.dex.sections.SectionReader.getType(SectionReader.java:165)
	at jadx.plugins.input.dex.sections.SectionReader.fillFieldData(SectionReader.java:194)
	at jadx.plugins.input.dex.sections.SectionReader.getFieldRef(SectionReader.java:183)
	at jadx.plugins.input.dex.insns.DexInsnData.getIndexAsField(DexInsnData.java:131)
	at jadx.core.dex.visitors.usage.UsageInfoVisitor.processInsn(UsageInfoVisitor.java:150)
	at jadx.core.dex.visitors.usage.UsageInfoVisitor.lambda$processInstructions$0(UsageInfoVisitor.java:130)
	at jadx.plugins.input.dex.sections.DexCodeReader.visitInstructions(DexCodeReader.java:86)
	at jadx.core.dex.visitors.usage.UsageInfoVisitor.processInstructions(UsageInfoVisitor.java:128)
	at jadx.core.dex.visitors.usage.UsageInfoVisitor.processMethod(UsageInfoVisitor.java:113)
	at jadx.core.dex.visitors.usage.UsageInfoVisitor.processClass(UsageInfoVisitor.java:101)
	at jadx.core.dex.visitors.usage.UsageInfoVisitor.buildUsageData(UsageInfoVisitor.java:81)
	at jadx.core.dex.visitors.usage.UsageInfoVisitor.init(UsageInfoVisitor.java:65)
	at jadx.core.dex.nodes.RootNode.runPreDecompileStage(RootNode.java:356)
	at jadx.api.JadxDecompiler.load(JadxDecompiler.java:136)
	at jadx.cli.JadxCLI.runSave(JadxCLI.java:71)
	at jadx.cli.JadxCLI.execute(JadxCLI.java:44)
	at jadx.cli.JadxCLI.execute(JadxCLI.java:33)
	at jadx.cli.JadxCLI.main(JadxCLI.java:26)
ERROR - Dependency scan failed at insn: 0x0006: IPUT r12, r12 in method: com.shadow.kotlin.collections.ArrayAsCollection.toArray(T[]):T[], file: /workspace/xh/fixp_148608.dex
java.lang.IllegalArgumentException: newPosition < 0: (-910321088 < 0)
	at java.base/java.nio.Buffer.createPositionException(Buffer.java:351)
	at java.base/java.nio.Buffer.position(Buffer.java:326)
	at java.base/java.nio.ByteBuffer.position(ByteBuffer.java:1561)
	at jadx.plugins.input.dex.sections.SectionReader.absPos(SectionReader.java:82)
	at jadx.plugins.input.dex.sections.SectionReader.getString(SectionReader.java:175)
	at jadx.plugins.input.dex.sections.SectionReader.getType(SectionReader.java:165)
	at jadx.plugins.input.dex.sections.SectionReader.fillFieldData(SectionReader.java:194)
	at jadx.plugins.input.dex.sections.SectionReader.getFieldRef(SectionReader.java:183)
	at jadx.plugins.input.dex.insns.DexInsnData.getIndexAsField(DexInsnData.java:131)
	at jadx.core.dex.visitors.usage.UsageInfoVisitor.processInsn(UsageInfoVisitor.java:150)
	at jadx.core.dex.visitors.usage.UsageInfoVisitor.lambda$processInstructions$0(UsageInfoVisitor.java:130)
	at jadx.plugins.input.dex.sections.DexCodeReader.visitInstructions(DexCodeReader.java:86)
	at jadx.core.dex.visitors.usage.UsageInfoVisitor.processInstructions(UsageInfoVisitor.java:128)
	at jadx.core.dex.visitors.usage.UsageInfoVisitor.processMethod(UsageInfoVisitor.java:113)
	at jadx.core.dex.visitors.usage.UsageInfoVisitor.processClass(UsageInfoVisitor.java:101)
	at jadx.core.dex.visitors.usage.UsageInfoVisitor.buildUsageData(UsageInfoVisitor.java:81)
	at jadx.core.dex.visitors.usage.UsageInfoVisitor.init(UsageInfoVisitor.java:65)
	at jadx.core.dex.nodes.RootNode.runPreDecompileStage(RootNode.java:356)
	at jadx.api.JadxDecompiler.load(JadxDecompiler.java:136)
	at jadx.cli.JadxCLI.runSave(JadxCLI.java:71)
	at jadx.cli.JadxCLI.execute(JadxCLI.java:44)
	at jadx.cli.JadxCLI.execute(JadxCLI.java:33)
	at jadx.cli.JadxCLI.main(JadxCLI.java:26)
ERROR - Dependency scan failed at insn: 0x0005: IPUT r15, r10 in method: com.shadow.kotlin.collections.ArrayDeque.<clinit>():void, file: /workspace/xh/fixp_148608.dex
java.lang.IllegalArgumentException: newPosition < 0: (-908485256 < 0)
	at java.base/java.nio.Buffer.createPositionException(Buffer.java:351)
	at java.base/java.nio.Buffer.position(Buffer.java:326)
	at java.base/java.nio.ByteBuffer.position(ByteBuffer.java:1561)
	at jadx.plugins.input.dex.sections.SectionReader.absPos(SectionReader.java:82)
	at jadx.plugins.input.dex.sections.SectionReader.getString(SectionReader.java:175)
	at jadx.plugins.input.dex.sections.SectionReader.getType(SectionReader.java:165)
	at jadx.plugins.input.dex.sections.SectionReader.fillFieldData(SectionReader.java:194)
	at jadx.plugins.input.dex.sections.SectionReader.getFieldRef(SectionReader.java:183)
	at jadx.plugins.input.dex.insns.DexInsnData.getIndexAsField(DexInsnData.java:131)
	at jadx.core.dex.visitors.usage.UsageInfoVisitor.processInsn(UsageInfoVisitor.java:150)
	at jadx.core.dex.visitors.usage.UsageInfoVisitor.lambda$processInstructions$0(UsageInfoVisitor.java:130)
	at jadx.plugins.input.dex.sections.DexCodeReader.visitInstructions(DexCodeReader.java:86)
	at jadx.core.dex.visitors.usage.UsageInfoVisitor.processInstructions(UsageInfoVisitor.java:128)
	at jadx.core.dex.visitors.usage.UsageInfoVisitor.processMethod(UsageInfoVisitor.java:113)
	at jadx.core.dex.visitors.usage.UsageInfoVisitor.processClass(UsageInfoVisitor.java:101)
	at jadx.core.dex.visitors.usage.UsageInfoVisitor.buildUsageData(UsageInfoVisitor.java:81)
	at jadx.core.dex.visitors.usage.UsageInfoVisitor.init(UsageInfoVisitor.java:65)
	at jadx.core.dex.nodes.RootNode.runPreDecompileStage(RootNode.java:356)
	at jadx.api.JadxDecompiler.load(JadxDecompiler.java:136)
	at jadx.cli.JadxCLI.runSave(JadxCLI.java:71)
	at jadx.cli.JadxCLI.execute(JadxCLI.java:44)
	at jadx.cli.JadxCLI.execute(JadxCLI.java:33)
	at jadx.cli.JadxCLI.main(JadxCLI.java:26)
ERROR - Dependency scan failed at insn: 0x0000: INVOKE_DIRECT_RANGE r23145, r23146, r23147, r23148, r23149, r23150, r23151, r23152, r23153, r23154, r23155, r23156, r23157, r23158, r23159, r23160, r23161, r23162, r23163, r23164, r23165, r23166, r23167, r23168, r23169, r23170, r23171, r23172, r23173, r23174, r23175, r23176, r23177, r23178, r23179, r23180, r23181, r23182, r23183, r23184, r23185, r23186, r23187, r23188, r23189, r23190, r23191, r23192, r23193, r23194, r23195, r23196, r23197, r23198, r23199, r23200, r23201, r23202, r23203, r23204, r23205, r23206, r23207, r23208, r23209, r23210, r23211, r23212, r23213, r23214, r23215, r23216, r23217, r23218, r23219, r23220, r23221, r23222, r23223, r23224, r23225, r23226, r23227, r23228, r23229, r23230, r23231, r23232, r23233, r23234, r23235, r23236, r23237, r23238, r23239, r23240, r23241, r23242, r23243, r23244, r23245, r23246, r23247, r23248, r23249, r23250, r23251, r23252, r23253, r23254, r23255, r23256, r23257, r23258, r23259, r23260, r23261, r23262, r23263, r23264, r23265, r23266, r23267, r23268, r23269, r23270, r23271, r23272, r23273, r23274, r23275, r23276, r23277, r23278, r23279, r23280 in method: com.shadow.kotlin.collections.ArrayDeque.copyCollectionElements(int, java.util.Collection<? extends E>):void, file: /workspace/xh/fixp_148608.dex
java.lang.IllegalArgumentException: newPosition > limit: (1801545843 > 3323492)
	at java.base/java.nio.Buffer.createPositionException(Buffer.java:351)
	at java.base/java.nio.Buffer.position(Buffer.java:326)
	at java.base/java.nio.ByteBuffer.position(ByteBuffer.java:1561)
	at jadx.plugins.input.dex.sections.SectionReader.absPos(SectionReader.java:82)
	at jadx.plugins.input.dex.sections.SectionReader.readTypeListAt(SectionReader.java:141)
	at jadx.plugins.input.dex.sections.SectionReader.loadMethodRef(SectionReader.java:269)
	at jadx.plugins.input.dex.sections.DexMethodRef.load(DexMethodRef.java:28)
	at jadx.core.dex.info.MethodInfo.fromRef(MethodInfo.java:47)
	at jadx.core.dex.visitors.usage.UsageInfoVisitor.processInsn(UsageInfoVisitor.java:165)
	at jadx.core.dex.visitors.usage.UsageInfoVisitor.lambda$processInstructions$0(UsageInfoVisitor.java:130)
	at jadx.plugins.input.dex.sections.DexCodeReader.visitInstructions(DexCodeReader.java:86)
	at jadx.core.dex.visitors.usage.UsageInfoVisitor.processInstructions(UsageInfoVisitor.java:128)
	at jadx.core.dex.visitors.usage.UsageInfoVisitor.processMethod(UsageInfoVisitor.java:113)
	at jadx.core.dex.visitors.usage.UsageInfoVisitor.processClass(UsageInfoVisitor.java:101)
	at jadx.core.dex.visitors.usage.UsageInfoVisitor.buildUsageData(UsageInfoVisitor.java:81)
	at jadx.core.dex.visitors.usage.UsageInfoVisitor.init(UsageInfoVisitor.java:65)
	at jadx.core.dex.nodes.RootNode.runPreDecompileStage(RootNode.java:356)
	at jadx.api.JadxDecompiler.load(JadxDecompiler.java:136)
	at jadx.cli.JadxCLI.runSave(JadxCLI.java:71)
	at jadx.cli.JadxCLI.execute(JadxCLI.java:44)
	at jadx.cli.JadxCLI.execute(JadxCLI.java:33)
	at jadx.cli.JadxCLI.main(JadxCLI.java:26)
ERROR - Dependency scan failed at insn: 0x0008: SPUT r195 in method: com.shadow.kotlin.collections.ArrayDeque.copyCollectionElements(int, java.util.Collection<? extends E>):void, file: /workspace/xh/fixp_148608.dex
java.lang.IllegalArgumentException: newPosition > limit: (330305640 > 3323492)
	at java.base/java.nio.Buffer.createPositionException(Buffer.java:351)
	at java.base/java.nio.Buffer.position(Buffer.java:326)
	at java.base/java.nio.ByteBuffer.position(ByteBuffer.java:1561)
	at jadx.plugins.input.dex.sections.SectionReader.absPos(SectionReader.java:82)
	at jadx.plugins.input.dex.sections.SectionReader.getString(SectionReader.java:175)
	at jadx.plugins.input.dex.sections.SectionReader.getType(SectionReader.java:165)
	at jadx.plugins.input.dex.sections.SectionReader.fillFieldData(SectionReader.java:194)
	at jadx.plugins.input.dex.sections.SectionReader.getFieldRef(SectionReader.java:183)
	at jadx.plugins.input.dex.insns.DexInsnData.getIndexAsField(DexInsnData.java:131)
	at jadx.core.dex.visitors.usage.UsageInfoVisitor.processInsn(UsageInfoVisitor.java:150)
	at jadx.core.dex.visitors.usage.UsageInfoVisitor.lambda$processInstructions$0(UsageInfoVisitor.java:130)
	at jadx.plugins.input.dex.sections.DexCodeReader.visitInstructions(DexCodeReader.java:86)
	at jadx.core.dex.visitors.usage.UsageInfoVisitor.processInstructions(UsageInfoVisitor.java:128)
	at jadx.core.dex.visitors.usage.UsageInfoVisitor.processMethod(UsageInfoVisitor.java:113)
	at jadx.core.dex.visitors.usage.UsageInfoVisitor.processClass(UsageInfoVisitor.java:101)
	at jadx.core.dex.visitors.usage.UsageInfoVisitor.buildUsageData(UsageInfoVisitor.java:81)
	at jadx.core.dex.visitors.usage.UsageInfoVisitor.init(UsageInfoVisitor.java:65)
	at jadx.core.dex.nodes.RootNode.runPreDecompileStage(RootNode.java:356)
	at jadx.api.JadxDecompiler.load(JadxDecompiler.java:136)
	at jadx.cli.JadxCLI.runSave(JadxCLI.java:71)
	at jadx.cli.JadxCLI.execute(JadxCLI.java:44)
	at jadx.cli.JadxCLI.execute(JadxCLI.java:33)
	at jadx.cli.JadxCLI.main(JadxCLI.java:26)
ERROR - Dependency scan failed at insn: 0x002F: INVOKE_VIRTUAL r11, r9, r8, r8, r7, r23150, r23151, r23152, r23153, r23154, r23155, r23156, r23157, r23158 in method: com.shadow.kotlin.collections.ArrayDeque.copyCollectionElements(int, java.util.Collection<? extends E>):void, file: /workspace/xh/fixp_148608.dex
java.lang.IllegalArgumentException: newPosition > limit: (1330840832 > 3323492)
	at java.base/java.nio.Buffer.createPositionException(Buffer.java:351)
	at java.base/java.nio.Buffer.position(Buffer.java:326)
	at java.base/java.nio.ByteBuffer.position(ByteBuffer.java:1561)
	at jadx.plugins.input.dex.sections.SectionReader.absPos(SectionReader.java:82)
	at jadx.plugins.input.dex.sections.SectionReader.readTypeListAt(SectionReader.java:141)
	at jadx.plugins.input.dex.sections.SectionReader.loadMethodRef(SectionReader.java:269)
	at jadx.plugins.input.dex.sections.DexMethodRef.load(DexMethodRef.java:28)
	at jadx.core.dex.info.MethodInfo.fromRef(MethodInfo.java:47)
	at jadx.core.dex.visitors.usage.UsageInfoVisitor.processInsn(UsageInfoVisitor.java:165)
	at jadx.core.dex.visitors.usage.UsageInfoVisitor.lambda$processInstructions$0(UsageInfoVisitor.java:130)
	at jadx.plugins.input.dex.sections.DexCodeReader.visitInstructions(DexCodeReader.java:86)
	at jadx.core.dex.visitors.usage.UsageInfoVisitor.processInstructions(UsageInfoVisitor.java:128)
	at jadx.core.dex.visitors.usage.UsageInfoVisitor.processMethod(UsageInfoVisitor.java:113)
	at jadx.core.dex.visitors.usage.UsageInfoVisitor.processClass(UsageInfoVisitor.java:101)
	at jadx.core.dex.visitors.usage.UsageInfoVisitor.buildUsageData(UsageInfoVisitor.java:81)
	at jadx.core.dex.visitors.usage.UsageInfoVisitor.init(UsageInfoVisitor.java:65)
	at jadx.core.dex.nodes.RootNode.runPreDecompileStage(RootNode.java:356)
	at jadx.api.JadxDecompiler.load(JadxDecompiler.java:136)
	at jadx.cli.JadxCLI.runSave(JadxCLI.java:71)
	at jadx.cli.JadxCLI.execute(JadxCLI.java:44)
	at jadx.cli.JadxCLI.execute(JadxCLI.java:33)
	at jadx.cli.JadxCLI.main(JadxCLI.java:26)
ERROR - Dependency scan failed at insn: 0x0035: INVOKE_POLYMORPHIC r14, r6, r7, r0, r7, r23150, r23151, r23152, r23153, r23154, r23155, r23156, r23157, r23158, r23159 in method: com.shadow.kotlin.collections.ArrayDeque.copyCollectionElements(int, java.util.Collection<? extends E>):void, file: /workspace/xh/fixp_148608.dex
java.lang.IllegalArgumentException: newPosition < 0: (-1478780197 < 0)
	at java.base/java.nio.Buffer.createPositionException(Buffer.java:351)
	at java.base/java.nio.Buffer.position(Buffer.java:326)
	at java.base/java.nio.ByteBuffer.position(ByteBuffer.java:1561)
	at jadx.plugins.input.dex.sections.SectionReader.absPos(SectionReader.java:82)
	at jadx.plugins.input.dex.sections.SectionReader.readTypeListAt(SectionReader.java:141)
	at jadx.plugins.input.dex.sections.SectionReader.loadMethodRef(SectionReader.java:269)
	at jadx.plugins.input.dex.sections.DexMethodRef.load(DexMethodRef.java:28)
	at jadx.core.dex.info.MethodInfo.fromRef(MethodInfo.java:47)
	at jadx.core.dex.visitors.usage.UsageInfoVisitor.processInsn(UsageInfoVisitor.java:165)
	at jadx.core.dex.visitors.usage.UsageInfoVisitor.lambda$processInstructions$0(UsageInfoVisitor.java:130)
	at jadx.plugins.input.dex.sections.DexCodeReader.visitInstructions(DexCodeReader.java:86)
	at jadx.core.dex.visitors.usage.UsageInfoVisitor.processInstructions(UsageInfoVisitor.java:128)
	at jadx.core.dex.visitors.usage.UsageInfoVisitor.processMethod(UsageInfoVisitor.java:113)
	at jadx.core.dex.visitors.usage.UsageInfoVisitor.processClass(UsageInfoVisitor.java:101)
	at jadx.core.dex.visitors.usage.UsageInfoVisitor.buildUsageData(UsageInfoVisitor.java:81)
	at jadx.core.dex.visitors.usage.UsageInfoVisitor.init(UsageInfoVisitor.java:65)
	at jadx.core.dex.nodes.RootNode.runPreDecompileStage(RootNode.java:356)
	at jadx.api.JadxDecompiler.load(JadxDecompiler.java:136)
	at jadx.cli.JadxCLI.runSave(JadxCLI.java:71)
	at jadx.cli.JadxCLI.execute(JadxCLI.java:44)
	at jadx.cli.JadxCLI.execute(JadxCLI.java:33)
	at jadx.cli.JadxCLI.main(JadxCLI.java:26)
ERROR - Dependency scan failed in method: com.shadow.kotlin.collections.ArrayDeque.dJLg():void, file: /workspace/xh/fixp_148608.dex
java.lang.ArrayIndexOutOfBoundsException: Index 5 out of bounds for length 5
	at jadx.plugins.input.dex.insns.DexInsnData.toString(DexInsnData.java:251)
	at java.base/java.lang.String.valueOf(String.java:4530)
	at jadx.core.dex.visitors.usage.UsageInfoVisitor.lambda$processInstructions$0(UsageInfoVisitor.java:132)
	at jadx.plugins.input.dex.sections.DexCodeReader.visitInstructions(DexCodeReader.java:86)
	at jadx.core.dex.visitors.usage.UsageInfoVisitor.processInstructions(UsageInfoVisitor.java:128)
	at jadx.core.dex.visitors.usage.UsageInfoVisitor.processMethod(UsageInfoVisitor.java:113)
	at jadx.core.dex.visitors.usage.UsageInfoVisitor.processClass(UsageInfoVisitor.java:101)
	at jadx.core.dex.visitors.usage.UsageInfoVisitor.buildUsageData(UsageInfoVisitor.java:81)
	at jadx.core.dex.visitors.usage.UsageInfoVisitor.init(UsageInfoVisitor.java:65)
	at jadx.core.dex.nodes.RootNode.runPreDecompileStage(RootNode.java:356)
	at jadx.api.JadxDecompiler.load(JadxDecompiler.java:136)
	at jadx.cli.JadxCLI.runSave(JadxCLI.java:71)
	at jadx.cli.JadxCLI.execute(JadxCLI.java:44)
	at jadx.cli.JadxCLI.execute(JadxCLI.java:33)
	at jadx.cli.JadxCLI.main(JadxCLI.java:26)
ERROR - Dependency scan failed at insn: 0x0000: IPUT r4, r1 in method: com.shadow.kotlin.collections.ArrayDeque.ensureCapacity(int):void, file: /workspace/xh/fixp_148608.dex
java.lang.IllegalArgumentException: newPosition < 0: (-1790329280 < 0)
	at java.base/java.nio.Buffer.createPositionException(Buffer.java:351)
	at java.base/java.nio.Buffer.position(Buffer.java:326)
	at java.base/java.nio.ByteBuffer.position(ByteBuffer.java:1561)
	at jadx.plugins.input.dex.sections.SectionReader.absPos(SectionReader.java:82)
	at jadx.plugins.input.dex.sections.SectionReader.getString(SectionReader.java:175)
	at jadx.plugins.input.dex.sections.SectionReader.fillFieldData(SectionReader.java:195)
	at jadx.plugins.input.dex.sections.SectionReader.getFieldRef(SectionReader.java:183)
	at jadx.plugins.input.dex.insns.DexInsnData.getIndexAsField(DexInsnData.java:131)
	at jadx.core.dex.visitors.usage.UsageInfoVisitor.processInsn(UsageInfoVisitor.java:150)
	at jadx.core.dex.visitors.usage.UsageInfoVisitor.lambda$processInstructions$0(UsageInfoVisitor.java:130)
	at jadx.plugins.input.dex.sections.DexCodeReader.visitInstructions(DexCodeReader.java:86)
	at jadx.core.dex.visitors.usage.UsageInfoVisitor.processInstructions(UsageInfoVisitor.java:128)
	at jadx.core.dex.visitors.usage.UsageInfoVisitor.processMethod(UsageInfoVisitor.java:113)
	at jadx.core.dex.visitors.usage.UsageInfoVisitor.processClass(UsageInfoVisitor.java:101)
	at jadx.core.dex.visitors.usage.UsageInfoVisitor.buildUsageData(UsageInfoVisitor.java:81)
	at jadx.core.dex.visitors.usage.UsageInfoVisitor.init(UsageInfoVisitor.java:65)
	at jadx.core.dex.nodes.RootNode.runPreDecompileStage(RootNode.java:356)
	at jadx.api.JadxDecompiler.load(JadxDecompiler.java:136)
	at jadx.cli.JadxCLI.runSave(JadxCLI.java:71)
	at jadx.cli.JadxCLI.execute(JadxCLI.java:44)
	at jadx.cli.JadxCLI.execute(JadxCLI.java:33)
	at jadx.cli.JadxCLI.main(JadxCLI.java:26)
ERROR - Dependency scan failed at insn: 0x000A: IGET r8, r5 in method: com.shadow.kotlin.collections.ArrayDeque.ensureCapacity(int):void, file: /workspace/xh/fixp_148608.dex
java.lang.IllegalArgumentException: newPosition < 0: (-1809579460 < 0)
	at java.base/java.nio.Buffer.createPositionException(Buffer.java:351)
	at java.base/java.nio.Buffer.position(Buffer.java:326)
	at java.base/java.nio.ByteBuffer.position(ByteBuffer.java:1561)
	at jadx.plugins.input.dex.sections.SectionReader.absPos(SectionReader.java:82)
	at jadx.plugins.input.dex.sections.SectionReader.getString(SectionReader.java:175)
	at jadx.plugins.input.dex.sections.SectionReader.fillFieldData(SectionReader.java:195)
	at jadx.plugins.input.dex.sections.SectionReader.getFieldRef(SectionReader.java:183)
	at jadx.plugins.input.dex.insns.DexInsnData.getIndexAsField(DexInsnData.java:131)
	at jadx.core.dex.visitors.usage.UsageInfoVisitor.processInsn(UsageInfoVisitor.java:150)
	at jadx.core.dex.visitors.usage.UsageInfoVisitor.lambda$processInstructions$0(UsageInfoVisitor.java:130)
	at jadx.plugins.input.dex.sections.DexCodeReader.visitInstructions(DexCodeReader.java:86)
	at jadx.core.dex.visitors.usage.UsageInfoVisitor.processInstructions(UsageInfoVisitor.java:128)
	at jadx.core.dex.visitors.usage.UsageInfoVisitor.processMethod(UsageInfoVisitor.java:113)
	at jadx.core.dex.visitors.usage.UsageInfoVisitor.processClass(UsageInfoVisitor.java:101)
	at jadx.core.dex.visitors.usage.UsageInfoVisitor.buildUsageData(UsageInfoVisitor.java:81)
	at jadx.core.dex.visitors.usage.UsageInfoVisitor.init(UsageInfoVisitor.java:65)
	at jadx.core.dex.nodes.RootNode.runPreDecompileStage(RootNode.java:356)
	at jadx.api.JadxDecompiler.load(JadxDecompiler.java:136)
	at jadx.cli.JadxCLI.runSave(JadxCLI.java:71)
	at jadx.cli.JadxCLI.execute(JadxCLI.java:44)
	at jadx.cli.JadxCLI.execute(JadxCLI.java:33)
	at jadx.cli.JadxCLI.main(JadxCLI.java:26)
ERROR - Dependency scan failed at insn: 0x0019: INVOKE_STATIC_RANGE r57366, r57367, r57368, r57369, r57370, r57371, r57372, r57373, r57374, r57375, r57376, r57377, r57378, r57379, r57380, r57381, r57382, r57383, r57384, r57385, r57386, r57387, r57388, r57389, r57390, r57391, r57392, r57393, r57394, r57395, r57396, r57397, r57398, r57399, r57400, r57401, r57402, r57403, r57404, r57405, r57406, r57407, r57408, r57409, r57410, r57411, r57412, r57413, r57414, r57415, r57416, r57417, r57418, r57419, r57420, r57421, r57422, r57423, r57424, r57425, r57426, r57427, r57428, r57429, r57430, r57431, r57432, r57433, r57434, r57435, r57436, r57437, r57438, r57439, r57440, r57441, r57442, r57443, r57444, r57445, r57446, r57447, r57448, r57449, r57450, r57451, r57452, r57453, r57454, r57455, r57456, r57457, r57458, r57459, r57460, r57461, r57462, r57463, r57464, r57465, r57466, r57467, r57468, r57469, r57470, r57471, r57472, r57473, r57474, r57475, r57476, r57477, r57478, r57479, r57480, r57481, r57482, r57483, r57484, r57485, r57486, r57487, r57488, r57489, r57490, r57491, r57492, r57493, r57494, r57495, r57496, r57497, r57498, r57499, r57500, r57501, r57502, r57503, r57504, r57505, r57506, r57507, r57508, r57509, r57510, r57511, r57512, r57513, r57514, r57515, r57516, r57517, r57518, r57519, r57520, r57521, r57522, r57523, r57524, r57525, r57526, r57527, r57528, r57529, r57530, r57531, r57532, r57533, r57534, r57535, r57536, r57537, r57538, r57539, r57540, r57541, r57542, r57543, r57544, r57545, r57546, r57547, r57548, r57549, r57550, r57551, r57552, r57553, r57554, r57555, r57556, r57557, r57558, r57559, r57560, r57561, r57562, r57563, r57564, r57565, r57566, r57567, r57568, r57569, r57570, r57571, r57572, r57573, r57574, r57575, r57576, r57577, r57578, r57579, r57580, r57581, r57582, r57583, r57584, r57585, r57586, r57587, r57588, r57589, r57590, r57591, r57592, r57593, r57594, r57595, r57596, r57597, r57598, r57599, r57600, r57601, r57602, r57603, r57604, r57605, r57606, r57607, r57608, r57609, r57610, r57611, r57612, r57613, r57614, r57615, r57616, r57617, r57618, r57619, r57620 in method: com.shadow.kotlin.collections.ArrayDeque.ensureCapacity(int):void, file: /workspace/xh/fixp_148608.dex
java.lang.IllegalArgumentException: newPosition < 0: (-609494105 < 0)
	at java.base/java.nio.Buffer.createPositionException(Buffer.java:351)
	at java.base/java.nio.Buffer.position(Buffer.java:326)
	at java.base/java.nio.ByteBuffer.position(ByteBuffer.java:1561)
	at jadx.plugins.input.dex.sections.SectionReader.absPos(SectionReader.java:82)
	at jadx.plugins.input.dex.sections.SectionReader.readTypeListAt(SectionReader.java:141)
	at jadx.plugins.input.dex.sections.SectionReader.loadMethodRef(SectionReader.java:269)
	at jadx.plugins.input.dex.sections.DexMethodRef.load(DexMethodRef.java:28)
	at jadx.core.dex.info.MethodInfo.fromRef(MethodInfo.java:47)
	at jadx.core.dex.visitors.usage.UsageInfoVisitor.processInsn(UsageInfoVisitor.java:165)
	at jadx.core.dex.visitors.usage.UsageInfoVisitor.lambda$processInstructions$0(UsageInfoVisitor.java:130)
	at jadx.plugins.input.dex.sections.DexCodeReader.visitInstructions(DexCodeReader.java:86)
	at jadx.core.dex.visitors.usage.UsageInfoVisitor.processInstructions(UsageInfoVisitor.java:128)
	at jadx.core.dex.visitors.usage.UsageInfoVisitor.processMethod(UsageInfoVisitor.java:113)
	at jadx.core.dex.visitors.usage.UsageInfoVisitor.processClass(UsageInfoVisitor.java:101)
	at jadx.core.dex.visitors.usage.UsageInfoVisitor.buildUsageData(UsageInfoVisitor.java:81)
	at jadx.core.dex.visitors.usage.UsageInfoVisitor.init(UsageInfoVisitor.java:65)
	at jadx.core.dex.nodes.RootNode.runPreDecompileStage(RootNode.java:356)
	at jadx.api.JadxDecompiler.load(JadxDecompiler.java:136)
	at jadx.cli.JadxCLI.runSave(JadxCLI.java:71)
	at jadx.cli.JadxCLI.execute(JadxCLI.java:44)
	at jadx.cli.JadxCLI.execute(JadxCLI.java:33)
	at jadx.cli.JadxCLI.main(JadxCLI.java:26)
ERROR - Dependency scan failed at insn: 0x001C: IGET r6, r1 in method: com.shadow.kotlin.collections.ArrayDeque.ensureCapacity(int):void, file: /workspace/xh/fixp_148608.dex
java.lang.IllegalArgumentException: newPosition > limit: (1851747652 > 3323492)
	at java.base/java.nio.Buffer.createPositionException(Buffer.java:351)
	at java.base/java.nio.Buffer.position(Buffer.java:326)
	at java.base/java.nio.ByteBuffer.position(ByteBuffer.java:1561)
	at jadx.plugins.input.dex.sections.SectionReader.absPos(SectionReader.java:82)
	at jadx.plugins.input.dex.sections.SectionReader.getString(SectionReader.java:175)
	at jadx.plugins.input.dex.sections.SectionReader.fillFieldData(SectionReader.java:195)
	at jadx.plugins.input.dex.sections.SectionReader.getFieldRef(SectionReader.java:183)
	at jadx.plugins.input.dex.insns.DexInsnData.getIndexAsField(DexInsnData.java:131)
	at jadx.core.dex.visitors.usage.UsageInfoVisitor.processInsn(UsageInfoVisitor.java:150)
	at jadx.core.dex.visitors.usage.UsageInfoVisitor.lambda$processInstructions$0(UsageInfoVisitor.java:130)
	at jadx.plugins.input.dex.sections.DexCodeReader.visitInstructions(DexCodeReader.java:86)
	at jadx.core.dex.visitors.usage.UsageInfoVisitor.processInstructions(UsageInfoVisitor.java:128)
	at jadx.core.dex.visitors.usage.UsageInfoVisitor.processMethod(UsageInfoVisitor.java:113)
	at jadx.core.dex.visitors.usage.UsageInfoVisitor.processClass(UsageInfoVisitor.java:101)
	at jadx.core.dex.visitors.usage.UsageInfoVisitor.buildUsageData(UsageInfoVisitor.java:81)
	at jadx.core.dex.visitors.usage.UsageInfoVisitor.init(UsageInfoVisitor.java:65)
	at jadx.core.dex.nodes.RootNode.runPreDecompileStage(RootNode.java:356)
	at jadx.api.JadxDecompiler.load(JadxDecompiler.java:136)
	at jadx.cli.JadxCLI.runSave(JadxCLI.java:71)
	at jadx.cli.JadxCLI.execute(JadxCLI.java:44)
	at jadx.cli.JadxCLI.execute(JadxCLI.java:33)
	at jadx.cli.JadxCLI.main(JadxCLI.java:26)
ERROR - Dependency scan failed at insn: 0x0027: SGET r41 in method: com.shadow.kotlin.collections.ArrayDeque.ensureCapacity(int):void, file: /workspace/xh/fixp_148608.dex
java.lang.IllegalArgumentException: newPosition > limit: (146278700 > 3323492)
	at java.base/java.nio.Buffer.createPositionException(Buffer.java:351)
	at java.base/java.nio.Buffer.position(Buffer.java:326)
	at java.base/java.nio.ByteBuffer.position(ByteBuffer.java:1561)
	at jadx.plugins.input.dex.sections.SectionReader.absPos(SectionReader.java:82)
	at jadx.plugins.input.dex.sections.SectionReader.getString(SectionReader.java:175)
	at jadx.plugins.input.dex.sections.SectionReader.getType(SectionReader.java:165)
	at jadx.plugins.input.dex.sections.SectionReader.fillFieldData(SectionReader.java:194)
	at jadx.plugins.input.dex.sections.SectionReader.getFieldRef(SectionReader.java:183)
	at jadx.plugins.input.dex.insns.DexInsnData.getIndexAsField(DexInsnData.java:131)
	at jadx.core.dex.visitors.usage.UsageInfoVisitor.processInsn(UsageInfoVisitor.java:150)
	at jadx.core.dex.visitors.usage.UsageInfoVisitor.lambda$processInstructions$0(UsageInfoVisitor.java:130)
	at jadx.plugins.input.dex.sections.DexCodeReader.visitInstructions(DexCodeReader.java:86)
	at jadx.core.dex.visitors.usage.UsageInfoVisitor.processInstructions(UsageInfoVisitor.java:128)
	at jadx.core.dex.visitors.usage.UsageInfoVisitor.processMethod(UsageInfoVisitor.java:113)
	at jadx.core.dex.visitors.usage.UsageInfoVisitor.processClass(UsageInfoVisitor.java:101)
	at jadx.core.dex.visitors.usage.UsageInfoVisitor.buildUsageData(UsageInfoVisitor.java:81)
	at jadx.core.dex.visitors.usage.UsageInfoVisitor.init(UsageInfoVisitor.java:65)
	at jadx.core.dex.nodes.RootNode.runPreDecompileStage(RootNode.java:356)
	at jadx.api.JadxDecompiler.load(JadxDecompiler.java:136)
	at jadx.cli.JadxCLI.runSave(JadxCLI.java:71)
	at jadx.cli.JadxCLI.execute(JadxCLI.java:44)
	at jadx.cli.JadxCLI.execute(JadxCLI.java:33)
	at jadx.cli.JadxCLI.main(JadxCLI.java:26)
ERROR - Dependency scan failed at insn: 0x002F: SGET r192 in method: com.shadow.kotlin.collections.ArrayDeque.ensureCapacity(int):void, file: /workspace/xh/fixp_148608.dex
java.lang.IllegalArgumentException: newPosition < 0: (-936116072 < 0)
	at java.base/java.nio.Buffer.createPositionException(Buffer.java:351)
	at java.base/java.nio.Buffer.position(Buffer.java:326)
	at java.base/java.nio.ByteBuffer.position(ByteBuffer.java:1561)
	at jadx.plugins.input.dex.sections.SectionReader.absPos(SectionReader.java:82)
	at jadx.plugins.input.dex.sections.SectionReader.getString(SectionReader.java:175)
	at jadx.plugins.input.dex.sections.SectionReader.getType(SectionReader.java:165)
	at jadx.plugins.input.dex.sections.SectionReader.fillFieldData(SectionReader.java:194)
	at jadx.plugins.input.dex.sections.SectionReader.getFieldRef(SectionReader.java:183)
	at jadx.plugins.input.dex.insns.DexInsnData.getIndexAsField(DexInsnData.java:131)
	at jadx.core.dex.visitors.usage.UsageInfoVisitor.processInsn(UsageInfoVisitor.java:150)
	at jadx.core.dex.visitors.usage.UsageInfoVisitor.lambda$processInstructions$0(UsageInfoVisitor.java:130)
	at jadx.plugins.input.dex.sections.DexCodeReader.visitInstructions(DexCodeReader.java:86)
	at jadx.core.dex.visitors.usage.UsageInfoVisitor.processInstructions(UsageInfoVisitor.java:128)
	at jadx.core.dex.visitors.usage.UsageInfoVisitor.processMethod(UsageInfoVisitor.java:113)
	at jadx.core.dex.visitors.usage.UsageInfoVisitor.processClass(UsageInfoVisitor.java:101)
	at jadx.core.dex.visitors.usage.UsageInfoVisitor.buildUsageData(UsageInfoVisitor.java:81)
	at jadx.core.dex.visitors.usage.UsageInfoVisitor.init(UsageInfoVisitor.java:65)
	at jadx.core.dex.nodes.RootNode.runPreDecompileStage(RootNode.java:356)
	at jadx.api.JadxDecompiler.load(JadxDecompiler.java:136)
	at jadx.cli.JadxCLI.runSave(JadxCLI.java:71)
	at jadx.cli.JadxCLI.execute(JadxCLI.java:44)
	at jadx.cli.JadxCLI.execute(JadxCLI.java:33)
	at jadx.cli.JadxCLI.main(JadxCLI.java:26)
ERROR - Dependency scan failed at insn: 0x0035: INVOKE_DIRECT r12, r15, r4, r0, r2, r57371, r57372, r57373, r57374, r57375, r57376, r57377, r57378, r57379 in method: com.shadow.kotlin.collections.ArrayDeque.ensureCapacity(int):void, file: /workspace/xh/fixp_148608.dex
jadx.core.utils.exceptions.JadxRuntimeException: Null class type
	at jadx.core.dex.info.ClassInfo.checkClassType(ClassInfo.java:47)
	at jadx.core.dex.info.ClassInfo.fromType(ClassInfo.java:32)
	at jadx.core.dex.info.MethodInfo.fromRef(MethodInfo.java:49)
	at jadx.core.dex.visitors.usage.UsageInfoVisitor.processInsn(UsageInfoVisitor.java:165)
	at jadx.core.dex.visitors.usage.UsageInfoVisitor.lambda$processInstructions$0(UsageInfoVisitor.java:130)
	at jadx.plugins.input.dex.sections.DexCodeReader.visitInstructions(DexCodeReader.java:86)
	at jadx.core.dex.visitors.usage.UsageInfoVisitor.processInstructions(UsageInfoVisitor.java:128)
	at jadx.core.dex.visitors.usage.UsageInfoVisitor.processMethod(UsageInfoVisitor.java:113)
	at jadx.core.dex.visitors.usage.UsageInfoVisitor.processClass(UsageInfoVisitor.java:101)
	at jadx.core.dex.visitors.usage.UsageInfoVisitor.buildUsageData(UsageInfoVisitor.java:81)
	at jadx.core.dex.visitors.usage.UsageInfoVisitor.init(UsageInfoVisitor.java:65)
	at jadx.core.dex.nodes.RootNode.runPreDecompileStage(RootNode.java:356)
	at jadx.api.JadxDecompiler.load(JadxDecompiler.java:136)
	at jadx.cli.JadxCLI.runSave(JadxCLI.java:71)
	at jadx.cli.JadxCLI.execute(JadxCLI.java:44)
	at jadx.cli.JadxCLI.execute(JadxCLI.java:33)
	at jadx.cli.JadxCLI.main(JadxCLI.java:26)
ERROR - Dependency scan failed at insn: 0x0039: SPUT r253 in method: com.shadow.kotlin.collections.ArrayDeque.ensureCapacity(int):void, file: /workspace/xh/fixp_148608.dex
java.lang.IllegalArgumentException: newPosition < 0: (-1782989400 < 0)
	at java.base/java.nio.Buffer.createPositionException(Buffer.java:351)
	at java.base/java.nio.Buffer.position(Buffer.java:326)
	at java.base/java.nio.ByteBuffer.position(ByteBuffer.java:1561)
	at jadx.plugins.input.dex.sections.SectionReader.absPos(SectionReader.java:82)
	at jadx.plugins.input.dex.sections.SectionReader.getString(SectionReader.java:175)
	at jadx.plugins.input.dex.sections.SectionReader.getType(SectionReader.java:165)
	at jadx.plugins.input.dex.sections.SectionReader.fillFieldData(SectionReader.java:194)
	at jadx.plugins.input.dex.sections.SectionReader.getFieldRef(SectionReader.java:183)
	at jadx.plugins.input.dex.insns.DexInsnData.getIndexAsField(DexInsnData.java:131)
	at jadx.core.dex.visitors.usage.UsageInfoVisitor.processInsn(UsageInfoVisitor.java:150)
	at jadx.core.dex.visitors.usage.UsageInfoVisitor.lambda$processInstructions$0(UsageInfoVisitor.java:130)
	at jadx.plugins.input.dex.sections.DexCodeReader.visitInstructions(DexCodeReader.java:86)
	at jadx.core.dex.visitors.usage.UsageInfoVisitor.processInstructions(UsageInfoVisitor.java:128)
	at jadx.core.dex.visitors.usage.UsageInfoVisitor.processMethod(UsageInfoVisitor.java:113)
	at jadx.core.dex.visitors.usage.UsageInfoVisitor.processClass(UsageInfoVisitor.java:101)
	at jadx.core.dex.visitors.usage.UsageInfoVisitor.buildUsageData(UsageInfoVisitor.java:81)
	at jadx.core.dex.visitors.usage.UsageInfoVisitor.init(UsageInfoVisitor.java:65)
	at jadx.core.dex.nodes.RootNode.runPreDecompileStage(RootNode.java:356)
	at jadx.api.JadxDecompiler.load(JadxDecompiler.java:136)
	at jadx.cli.JadxCLI.runSave(JadxCLI.java:71)
	at jadx.cli.JadxCLI.execute(JadxCLI.java:44)
	at jadx.cli.JadxCLI.execute(JadxCLI.java:33)
	at jadx.cli.JadxCLI.main(JadxCLI.java:26)
ERROR - Dependency scan failed at insn: 0x0005: IGET r12, r10 in method: com.shadow.kotlin.collections.ArrayDeque.incremented(int):int, file: /workspace/xh/fixp_148608.dex
java.lang.IllegalArgumentException: newPosition < 0: (-774521288 < 0)
	at java.base/java.nio.Buffer.createPositionException(Buffer.java:351)
	at java.base/java.nio.Buffer.position(Buffer.java:326)
	at java.base/java.nio.ByteBuffer.position(ByteBuffer.java:1561)
	at jadx.plugins.input.dex.sections.SectionReader.absPos(SectionReader.java:82)
	at jadx.plugins.input.dex.sections.SectionReader.getString(SectionReader.java:175)
	at jadx.plugins.input.dex.sections.SectionReader.fillFieldData(SectionReader.java:195)
	at jadx.plugins.input.dex.sections.SectionReader.getFieldRef(SectionReader.java:183)
	at jadx.plugins.input.dex.insns.DexInsnData.getIndexAsField(DexInsnData.java:131)
	at jadx.core.dex.visitors.usage.UsageInfoVisitor.processInsn(UsageInfoVisitor.java:150)
	at jadx.core.dex.visitors.usage.UsageInfoVisitor.lambda$processInstructions$0(UsageInfoVisitor.java:130)
	at jadx.plugins.input.dex.sections.DexCodeReader.visitInstructions(DexCodeReader.java:86)
	at jadx.core.dex.visitors.usage.UsageInfoVisitor.processInstructions(UsageInfoVisitor.java:128)
	at jadx.core.dex.visitors.usage.UsageInfoVisitor.processMethod(UsageInfoVisitor.java:113)
	at jadx.core.dex.visitors.usage.UsageInfoVisitor.processClass(UsageInfoVisitor.java:101)
	at jadx.core.dex.visitors.usage.UsageInfoVisitor.buildUsageData(UsageInfoVisitor.java:81)
	at jadx.core.dex.visitors.usage.UsageInfoVisitor.init(UsageInfoVisitor.java:65)
	at jadx.core.dex.nodes.RootNode.runPreDecompileStage(RootNode.java:356)
	at jadx.api.JadxDecompiler.load(JadxDecompiler.java:136)
	at jadx.cli.JadxCLI.runSave(JadxCLI.java:71)
	at jadx.cli.JadxCLI.execute(JadxCLI.java:44)
	at jadx.cli.JadxCLI.execute(JadxCLI.java:33)
	at jadx.cli.JadxCLI.main(JadxCLI.java:26)
ERROR - Dependency scan failed at insn: 0x0014: FILLED_NEW_ARRAY r12, r9 in method: com.shadow.kotlin.collections.ArrayDeque.add(int, E):void, file: /workspace/xh/fixp_148608.dex
java.lang.IllegalArgumentException: newPosition < 0: (-1127639536 < 0)
	at java.base/java.nio.Buffer.createPositionException(Buffer.java:351)
	at java.base/java.nio.Buffer.position(Buffer.java:326)
	at java.base/java.nio.ByteBuffer.position(ByteBuffer.java:1561)
	at jadx.plugins.input.dex.sections.SectionReader.absPos(SectionReader.java:82)
	at jadx.plugins.input.dex.sections.SectionReader.getString(SectionReader.java:175)
	at jadx.plugins.input.dex.sections.SectionReader.getType(SectionReader.java:165)
	at jadx.plugins.input.dex.insns.DexInsnData.getIndexAsType(DexInsnData.java:126)
	at jadx.core.dex.visitors.usage.UsageInfoVisitor.processInsn(UsageInfoVisitor.java:144)
	at jadx.core.dex.visitors.usage.UsageInfoVisitor.lambda$processInstructions$0(UsageInfoVisitor.java:130)
	at jadx.plugins.input.dex.sections.DexCodeReader.visitInstructions(DexCodeReader.java:86)
	at jadx.core.dex.visitors.usage.UsageInfoVisitor.processInstructions(UsageInfoVisitor.java:128)
	at jadx.core.dex.visitors.usage.UsageInfoVisitor.processMethod(UsageInfoVisitor.java:113)
	at jadx.core.dex.visitors.usage.UsageInfoVisitor.processClass(UsageInfoVisitor.java:101)
	at jadx.core.dex.visitors.usage.UsageInfoVisitor.buildUsageData(UsageInfoVisitor.java:81)
	at jadx.core.dex.visitors.usage.UsageInfoVisitor.init(UsageInfoVisitor.java:65)
	at jadx.core.dex.nodes.RootNode.runPreDecompileStage(RootNode.java:356)
	at jadx.api.JadxDecompiler.load(JadxDecompiler.java:136)
	at jadx.cli.JadxCLI.runSave(JadxCLI.java:71)
	at jadx.cli.JadxCLI.execute(JadxCLI.java:44)
	at jadx.cli.JadxCLI.execute(JadxCLI.java:33)
	at jadx.cli.JadxCLI.main(JadxCLI.java:26)
ERROR - Dependency scan failed at insn: 0x0017: SPUT r242 in method: com.shadow.kotlin.collections.ArrayDeque.add(int, E):void, file: /workspace/xh/fixp_148608.dex
java.lang.IllegalArgumentException: newPosition > limit: (1494026688 > 3323492)
	at java.base/java.nio.Buffer.createPositionException(Buffer.java:351)
	at java.base/java.nio.Buffer.position(Buffer.java:326)
	at java.base/java.nio.ByteBuffer.position(ByteBuffer.java:1561)
	at jadx.plugins.input.dex.sections.SectionReader.absPos(SectionReader.java:82)
	at jadx.plugins.input.dex.sections.SectionReader.getString(SectionReader.java:175)
	at jadx.plugins.input.dex.sections.SectionReader.getType(SectionReader.java:165)
	at jadx.plugins.input.dex.sections.SectionReader.fillFieldData(SectionReader.java:194)
	at jadx.plugins.input.dex.sections.SectionReader.getFieldRef(SectionReader.java:183)
	at jadx.plugins.input.dex.insns.DexInsnData.getIndexAsField(DexInsnData.java:131)
	at jadx.core.dex.visitors.usage.UsageInfoVisitor.processInsn(UsageInfoVisitor.java:150)
	at jadx.core.dex.visitors.usage.UsageInfoVisitor.lambda$processInstructions$0(UsageInfoVisitor.java:130)
	at jadx.plugins.input.dex.sections.DexCodeReader.visitInstructions(DexCodeReader.java:86)
	at jadx.core.dex.visitors.usage.UsageInfoVisitor.processInstructions(UsageInfoVisitor.java:128)
	at jadx.core.dex.visitors.usage.UsageInfoVisitor.processMethod(UsageInfoVisitor.java:113)
	at jadx.core.dex.visitors.usage.UsageInfoVisitor.processClass(UsageInfoVisitor.java:101)
	at jadx.core.dex.visitors.usage.UsageInfoVisitor.buildUsageData(UsageInfoVisitor.java:81)
	at jadx.core.dex.visitors.usage.UsageInfoVisitor.init(UsageInfoVisitor.java:65)
	at jadx.core.dex.nodes.RootNode.runPreDecompileStage(RootNode.java:356)
	at jadx.api.JadxDecompiler.load(JadxDecompiler.java:136)
	at jadx.cli.JadxCLI.runSave(JadxCLI.java:71)
	at jadx.cli.JadxCLI.execute(JadxCLI.java:44)
	at jadx.cli.JadxCLI.execute(JadxCLI.java:33)
	at jadx.cli.JadxCLI.main(JadxCLI.java:26)
ERROR - Dependency scan failed at insn: 0x001D: SPUT r152 in method: com.shadow.kotlin.collections.ArrayDeque.add(int, E):void, file: /workspace/xh/fixp_148608.dex
java.lang.IllegalArgumentException: newPosition < 0: (-1109541376 < 0)
	at java.base/java.nio.Buffer.createPositionException(Buffer.java:351)
	at java.base/java.nio.Buffer.position(Buffer.java:326)
	at java.base/java.nio.ByteBuffer.position(ByteBuffer.java:1561)
	at jadx.plugins.input.dex.sections.SectionReader.absPos(SectionReader.java:82)
	at jadx.plugins.input.dex.sections.SectionReader.getString(SectionReader.java:175)
	at jadx.plugins.input.dex.sections.SectionReader.getType(SectionReader.java:165)
	at jadx.plugins.input.dex.sections.SectionReader.fillFieldData(SectionReader.java:194)
	at jadx.plugins.input.dex.sections.SectionReader.getFieldRef(SectionReader.java:183)
	at jadx.plugins.input.dex.insns.DexInsnData.getIndexAsField(DexInsnData.java:131)
	at jadx.core.dex.visitors.usage.UsageInfoVisitor.processInsn(UsageInfoVisitor.java:150)
	at jadx.core.dex.visitors.usage.UsageInfoVisitor.lambda$processInstructions$0(UsageInfoVisitor.java:130)
	at jadx.plugins.input.dex.sections.DexCodeReader.visitInstructions(DexCodeReader.java:86)
	at jadx.core.dex.visitors.usage.UsageInfoVisitor.processInstructions(UsageInfoVisitor.java:128)
	at jadx.core.dex.visitors.usage.UsageInfoVisitor.processMethod(UsageInfoVisitor.java:113)
	at jadx.core.dex.visitors.usage.UsageInfoVisitor.processClass(UsageInfoVisitor.java:101)
	at jadx.core.dex.visitors.usage.UsageInfoVisitor.buildUsageData(UsageInfoVisitor.java:81)
	at jadx.core.dex.visitors.usage.UsageInfoVisitor.init(UsageInfoVisitor.java:65)
	at jadx.core.dex.nodes.RootNode.runPreDecompileStage(RootNode.java:356)
	at jadx.api.JadxDecompiler.load(JadxDecompiler.java:136)
	at jadx.cli.JadxCLI.runSave(JadxCLI.java:71)
	at jadx.cli.JadxCLI.execute(JadxCLI.java:44)
	at jadx.cli.JadxCLI.execute(JadxCLI.java:33)
	at jadx.cli.JadxCLI.main(JadxCLI.java:26)
ERROR - Dependency scan failed in method: com.shadow.kotlin.collections.ArrayDeque.add(int, E):void, file: /workspace/xh/fixp_148608.dex
java.lang.ArrayIndexOutOfBoundsException: Index 5 out of bounds for length 5
	at jadx.plugins.input.dex.insns.DexInsnData.toString(DexInsnData.java:251)
	at java.base/java.lang.String.valueOf(String.java:4530)
	at jadx.core.dex.visitors.usage.UsageInfoVisitor.lambda$processInstructions$0(UsageInfoVisitor.java:132)
	at jadx.plugins.input.dex.sections.DexCodeReader.visitInstructions(DexCodeReader.java:86)
	at jadx.core.dex.visitors.usage.UsageInfoVisitor.processInstructions(UsageInfoVisitor.java:128)
	at jadx.core.dex.visitors.usage.UsageInfoVisitor.processMethod(UsageInfoVisitor.java:113)
	at jadx.core.dex.visitors.usage.UsageInfoVisitor.processClass(UsageInfoVisitor.java:101)
	at jadx.core.dex.visitors.usage.UsageInfoVisitor.buildUsageData(UsageInfoVisitor.java:81)
	at jadx.core.dex.visitors.usage.UsageInfoVisitor.init(UsageInfoVisitor.java:65)
	at jadx.core.dex.nodes.RootNode.runPreDecompileStage(RootNode.java:356)
	at jadx.api.JadxDecompiler.load(JadxDecompiler.java:136)
	at jadx.cli.JadxCLI.runSave(JadxCLI.java:71)
	at jadx.cli.JadxCLI.execute(JadxCLI.java:44)
	at jadx.cli.JadxCLI.execute(JadxCLI.java:33)
	at jadx.cli.JadxCLI.main(JadxCLI.java:26)
ERROR - Dependency scan failed at insn: 0x0002: INVOKE_CUSTOM_RANGE r19664, r19665, r19666, r19667, r19668, r19669, r19670, r19671, r19672, r19673, r19674, r19675, r19676, r19677, r19678, r19679, r19680, r19681, r19682, r19683, r19684, r19685, r19686, r19687, r19688, r19689, r19690, r19691, r19692 in method: com.shadow.kotlin.collections.ArrayDeque.add(E):boolean, file: /workspace/xh/fixp_148608.dex
java.lang.IllegalArgumentException: newPosition < 0: (-583977536 < 0)
	at java.base/java.nio.Buffer.createPositionException(Buffer.java:351)
	at java.base/java.nio.Buffer.position(Buffer.java:326)
	at java.base/java.nio.ByteBuffer.position(ByteBuffer.java:1561)
	at jadx.plugins.input.dex.sections.SectionReader.absPos(SectionReader.java:82)
	at jadx.plugins.input.dex.sections.SectionReader.fillFieldData(SectionReader.java:190)
	at jadx.plugins.input.dex.sections.SectionReader.getFieldRef(SectionReader.java:183)
	at jadx.plugins.input.dex.sections.annotations.EncodedValueParser.parseValue(EncodedValueParser.java:69)
	at jadx.plugins.input.dex.sections.annotations.EncodedValueParser.parseEncodedArray(EncodedValueParser.java:95)
	at jadx.plugins.input.dex.sections.SectionReader.getCallSite(SectionReader.java:209)
	at jadx.plugins.input.dex.insns.DexInsnData.getIndexAsCallSite(DexInsnData.java:141)
	at jadx.core.utils.input.InsnDataUtils.getCallSite(InsnDataUtils.java:27)
	at jadx.core.dex.visitors.usage.UsageInfoVisitor.processInsn(UsageInfoVisitor.java:174)
	at jadx.core.dex.visitors.usage.UsageInfoVisitor.lambda$processInstructions$0(UsageInfoVisitor.java:130)
	at jadx.plugins.input.dex.sections.DexCodeReader.visitInstructions(DexCodeReader.java:86)
	at jadx.core.dex.visitors.usage.UsageInfoVisitor.processInstructions(UsageInfoVisitor.java:128)
	at jadx.core.dex.visitors.usage.UsageInfoVisitor.processMethod(UsageInfoVisitor.java:113)
	at jadx.core.dex.visitors.usage.UsageInfoVisitor.processClass(UsageInfoVisitor.java:101)
	at jadx.core.dex.visitors.usage.UsageInfoVisitor.buildUsageData(UsageInfoVisitor.java:81)
	at jadx.core.dex.visitors.usage.UsageInfoVisitor.init(UsageInfoVisitor.java:65)
	at jadx.core.dex.nodes.RootNode.runPreDecompileStage(RootNode.java:356)
	at jadx.api.JadxDecompiler.load(JadxDecompiler.java:136)
	at jadx.cli.JadxCLI.runSave(JadxCLI.java:71)
	at jadx.cli.JadxCLI.execute(JadxCLI.java:44)
	at jadx.cli.JadxCLI.execute(JadxCLI.java:33)
	at jadx.cli.JadxCLI.main(JadxCLI.java:26)
ERROR - Dependency scan failed at insn: 0x0004: IPUT r8, r4 in method: com.shadow.kotlin.collections.ArrayDeque.addAll(int, java.util.Collection<? extends E>):boolean, file: /workspace/xh/fixp_148608.dex
java.lang.IllegalArgumentException: newPosition < 0: (-1782989400 < 0)
	at java.base/java.nio.Buffer.createPositionException(Buffer.java:351)
	at java.base/java.nio.Buffer.position(Buffer.java:326)
	at java.base/java.nio.ByteBuffer.position(ByteBuffer.java:1561)
	at jadx.plugins.input.dex.sections.SectionReader.absPos(SectionReader.java:82)
	at jadx.plugins.input.dex.sections.SectionReader.getString(SectionReader.java:175)
	at jadx.plugins.input.dex.sections.SectionReader.getType(SectionReader.java:165)
	at jadx.plugins.input.dex.sections.SectionReader.fillFieldData(SectionReader.java:194)
	at jadx.plugins.input.dex.sections.SectionReader.getFieldRef(SectionReader.java:183)
	at jadx.plugins.input.dex.insns.DexInsnData.getIndexAsField(DexInsnData.java:131)
	at jadx.core.dex.visitors.usage.UsageInfoVisitor.processInsn(UsageInfoVisitor.java:150)
	at jadx.core.dex.visitors.usage.UsageInfoVisitor.lambda$processInstructions$0(UsageInfoVisitor.java:130)
	at jadx.plugins.input.dex.sections.DexCodeReader.visitInstructions(DexCodeReader.java:86)
	at jadx.core.dex.visitors.usage.UsageInfoVisitor.processInstructions(UsageInfoVisitor.java:128)
	at jadx.core.dex.visitors.usage.UsageInfoVisitor.processMethod(UsageInfoVisitor.java:113)
	at jadx.core.dex.visitors.usage.UsageInfoVisitor.processClass(UsageInfoVisitor.java:101)
	at jadx.core.dex.visitors.usage.UsageInfoVisitor.buildUsageData(UsageInfoVisitor.java:81)
	at jadx.core.dex.visitors.usage.UsageInfoVisitor.init(UsageInfoVisitor.java:65)
	at jadx.core.dex.nodes.RootNode.runPreDecompileStage(RootNode.java:356)
	at jadx.api.JadxDecompiler.load(JadxDecompiler.java:136)
	at jadx.cli.JadxCLI.runSave(JadxCLI.java:71)
	at jadx.cli.JadxCLI.execute(JadxCLI.java:44)
	at jadx.cli.JadxCLI.execute(JadxCLI.java:33)
	at jadx.cli.JadxCLI.main(JadxCLI.java:26)
ERROR - Dependency scan failed at insn: 0x000C: IGET r5, r11 in method: com.shadow.kotlin.collections.ArrayDeque.addAll(int, java.util.Collection<? extends E>):boolean, file: /workspace/xh/fixp_148608.dex
java.lang.IllegalArgumentException: newPosition > limit: (511709964 > 3323492)
	at java.base/java.nio.Buffer.createPositionException(Buffer.java:351)
	at java.base/java.nio.Buffer.position(Buffer.java:326)
	at java.base/java.nio.ByteBuffer.position(ByteBuffer.java:1561)
	at jadx.plugins.input.dex.sections.SectionReader.absPos(SectionReader.java:82)
	at jadx.plugins.input.dex.sections.SectionReader.getString(SectionReader.java:175)
	at jadx.plugins.input.dex.sections.SectionReader.getType(SectionReader.java:165)
	at jadx.plugins.input.dex.sections.SectionReader.fillFieldData(SectionReader.java:194)
	at jadx.plugins.input.dex.sections.SectionReader.getFieldRef(SectionReader.java:183)
	at jadx.plugins.input.dex.insns.DexInsnData.getIndexAsField(DexInsnData.java:131)
	at jadx.core.dex.visitors.usage.UsageInfoVisitor.processInsn(UsageInfoVisitor.java:150)
	at jadx.core.dex.visitors.usage.UsageInfoVisitor.lambda$processInstructions$0(UsageInfoVisitor.java:130)
	at jadx.plugins.input.dex.sections.DexCodeReader.visitInstructions(DexCodeReader.java:86)
	at jadx.core.dex.visitors.usage.UsageInfoVisitor.processInstructions(UsageInfoVisitor.java:128)
	at jadx.core.dex.visitors.usage.UsageInfoVisitor.processMethod(UsageInfoVisitor.java:113)
	at jadx.core.dex.visitors.usage.UsageInfoVisitor.processClass(UsageInfoVisitor.java:101)
	at jadx.core.dex.visitors.usage.UsageInfoVisitor.buildUsageData(UsageInfoVisitor.java:81)
	at jadx.core.dex.visitors.usage.UsageInfoVisitor.init(UsageInfoVisitor.java:65)
	at jadx.core.dex.nodes.RootNode.runPreDecompileStage(RootNode.java:356)
	at jadx.api.JadxDecompiler.load(JadxDecompiler.java:136)
	at jadx.cli.JadxCLI.runSave(JadxCLI.java:71)
	at jadx.cli.JadxCLI.execute(JadxCLI.java:44)
	at jadx.cli.JadxCLI.execute(JadxCLI.java:33)
	at jadx.cli.JadxCLI.main(JadxCLI.java:26)
ERROR - Dependency scan failed at insn: 0x0012: NEW_INSTANCE r49 in method: com.shadow.kotlin.collections.ArrayDeque.addAll(int, java.util.Collection<? extends E>):boolean, file: /workspace/xh/fixp_148608.dex
java.lang.IllegalArgumentException: newPosition > limit: (406061208 > 3323492)
	at java.base/java.nio.Buffer.createPositionException(Buffer.java:351)
	at java.base/java.nio.Buffer.position(Buffer.java:326)
	at java.base/java.nio.ByteBuffer.position(ByteBuffer.java:1561)
	at jadx.plugins.input.dex.sections.SectionReader.absPos(SectionReader.java:82)
	at jadx.plugins.input.dex.sections.SectionReader.getString(SectionReader.java:175)
	at jadx.plugins.input.dex.sections.SectionReader.getType(SectionReader.java:165)
	at jadx.plugins.input.dex.insns.DexInsnData.getIndexAsType(DexInsnData.java:126)
	at jadx.core.dex.visitors.usage.UsageInfoVisitor.processInsn(UsageInfoVisitor.java:144)
	at jadx.core.dex.visitors.usage.UsageInfoVisitor.lambda$processInstructions$0(UsageInfoVisitor.java:130)
	at jadx.plugins.input.dex.sections.DexCodeReader.visitInstructions(DexCodeReader.java:86)
	at jadx.core.dex.visitors.usage.UsageInfoVisitor.processInstructions(UsageInfoVisitor.java:128)
	at jadx.core.dex.visitors.usage.UsageInfoVisitor.processMethod(UsageInfoVisitor.java:113)
	at jadx.core.dex.visitors.usage.UsageInfoVisitor.processClass(UsageInfoVisitor.java:101)
	at jadx.core.dex.visitors.usage.UsageInfoVisitor.buildUsageData(UsageInfoVisitor.java:81)
	at jadx.core.dex.visitors.usage.UsageInfoVisitor.init(UsageInfoVisitor.java:65)
	at jadx.core.dex.nodes.RootNode.runPreDecompileStage(RootNode.java:356)
	at jadx.api.JadxDecompiler.load(JadxDecompiler.java:136)
	at jadx.cli.JadxCLI.runSave(JadxCLI.java:71)
	at jadx.cli.JadxCLI.execute(JadxCLI.java:44)
	at jadx.cli.JadxCLI.execute(JadxCLI.java:33)
	at jadx.cli.JadxCLI.main(JadxCLI.java:26)
ERROR - Dependency scan failed at insn: 0x0023: IPUT r11, r5 in method: com.shadow.kotlin.collections.ArrayDeque.addAll(int, java.util.Collection<? extends E>):boolean, file: /workspace/xh/fixp_148608.dex
java.lang.IllegalArgumentException: newPosition > limit: (967104052 > 3323492)
	at java.base/java.nio.Buffer.createPositionException(Buffer.java:351)
	at java.base/java.nio.Buffer.position(Buffer.java:326)
	at java.base/java.nio.ByteBuffer.position(ByteBuffer.java:1561)
	at jadx.plugins.input.dex.sections.SectionReader.absPos(SectionReader.java:82)
	at jadx.plugins.input.dex.sections.SectionReader.getString(SectionReader.java:175)
	at jadx.plugins.input.dex.sections.SectionReader.fillFieldData(SectionReader.java:195)
	at jadx.plugins.input.dex.sections.SectionReader.getFieldRef(SectionReader.java:183)
	at jadx.plugins.input.dex.insns.DexInsnData.getIndexAsField(DexInsnData.java:131)
	at jadx.core.dex.visitors.usage.UsageInfoVisitor.processInsn(UsageInfoVisitor.java:150)
	at jadx.core.dex.visitors.usage.UsageInfoVisitor.lambda$processInstructions$0(UsageInfoVisitor.java:130)
	at jadx.plugins.input.dex.sections.DexCodeReader.visitInstructions(DexCodeReader.java:86)
	at jadx.core.dex.visitors.usage.UsageInfoVisitor.processInstructions(UsageInfoVisitor.java:128)
	at jadx.core.dex.visitors.usage.UsageInfoVisitor.processMethod(UsageInfoVisitor.java:113)
	at jadx.core.dex.visitors.usage.UsageInfoVisitor.processClass(UsageInfoVisitor.java:101)
	at jadx.core.dex.visitors.usage.UsageInfoVisitor.buildUsageData(UsageInfoVisitor.java:81)
	at jadx.core.dex.visitors.usage.UsageInfoVisitor.init(UsageInfoVisitor.java:65)
	at jadx.core.dex.nodes.RootNode.runPreDecompileStage(RootNode.java:356)
	at jadx.api.JadxDecompiler.load(JadxDecompiler.java:136)
	at jadx.cli.JadxCLI.runSave(JadxCLI.java:71)
	at jadx.cli.JadxCLI.execute(JadxCLI.java:44)
	at jadx.cli.JadxCLI.execute(JadxCLI.java:33)
	at jadx.cli.JadxCLI.main(JadxCLI.java:26)
ERROR - Dependency scan failed at insn: 0x002F: SPUT r174 in method: com.shadow.kotlin.collections.ArrayDeque.addAll(int, java.util.Collection<? extends E>):boolean, file: /workspace/xh/fixp_148608.dex
java.lang.IllegalArgumentException: newPosition < 0: (-1853519564 < 0)
	at java.base/java.nio.Buffer.createPositionException(Buffer.java:351)
	at java.base/java.nio.Buffer.position(Buffer.java:326)
	at java.base/java.nio.ByteBuffer.position(ByteBuffer.java:1561)
	at jadx.plugins.input.dex.sections.SectionReader.absPos(SectionReader.java:82)
	at jadx.plugins.input.dex.sections.SectionReader.getString(SectionReader.java:175)
	at jadx.plugins.input.dex.sections.SectionReader.fillFieldData(SectionReader.java:195)
	at jadx.plugins.input.dex.sections.SectionReader.getFieldRef(SectionReader.java:183)
	at jadx.plugins.input.dex.insns.DexInsnData.getIndexAsField(DexInsnData.java:131)
	at jadx.core.dex.visitors.usage.UsageInfoVisitor.processInsn(UsageInfoVisitor.java:150)
	at jadx.core.dex.visitors.usage.UsageInfoVisitor.lambda$processInstructions$0(UsageInfoVisitor.java:130)
	at jadx.plugins.input.dex.sections.DexCodeReader.visitInstructions(DexCodeReader.java:86)
	at jadx.core.dex.visitors.usage.UsageInfoVisitor.processInstructions(UsageInfoVisitor.java:128)
	at jadx.core.dex.visitors.usage.UsageInfoVisitor.processMethod(UsageInfoVisitor.java:113)
	at jadx.core.dex.visitors.usage.UsageInfoVisitor.processClass(UsageInfoVisitor.java:101)
	at jadx.core.dex.visitors.usage.UsageInfoVisitor.buildUsageData(UsageInfoVisitor.java:81)
	at jadx.core.dex.visitors.usage.UsageInfoVisitor.init(UsageInfoVisitor.java:65)
	at jadx.core.dex.nodes.RootNode.runPreDecompileStage(RootNode.java:356)
	at jadx.api.JadxDecompiler.load(JadxDecompiler.java:136)
	at jadx.cli.JadxCLI.runSave(JadxCLI.java:71)
	at jadx.cli.JadxCLI.execute(JadxCLI.java:44)
	at jadx.cli.JadxCLI.execute(JadxCLI.java:33)
	at jadx.cli.JadxCLI.main(JadxCLI.java:26)
ERROR - Dependency scan failed at insn: 0x003F: SGET r72 in method: com.shadow.kotlin.collections.ArrayDeque.addAll(int, java.util.Collection<? extends E>):boolean, file: /workspace/xh/fixp_148608.dex
java.lang.IllegalArgumentException: newPosition < 0: (-1045054084 < 0)
	at java.base/java.nio.Buffer.createPositionException(Buffer.java:351)
	at java.base/java.nio.Buffer.position(Buffer.java:326)
	at java.base/java.nio.ByteBuffer.position(ByteBuffer.java:1561)
	at jadx.plugins.input.dex.sections.SectionReader.absPos(SectionReader.java:82)
	at jadx.plugins.input.dex.sections.SectionReader.getString(SectionReader.java:175)
	at jadx.plugins.input.dex.sections.SectionReader.getType(SectionReader.java:165)
	at jadx.plugins.input.dex.sections.SectionReader.fillFieldData(SectionReader.java:194)
	at jadx.plugins.input.dex.sections.SectionReader.getFieldRef(SectionReader.java:183)
	at jadx.plugins.input.dex.insns.DexInsnData.getIndexAsField(DexInsnData.java:131)
	at jadx.core.dex.visitors.usage.UsageInfoVisitor.processInsn(UsageInfoVisitor.java:150)
	at jadx.core.dex.visitors.usage.UsageInfoVisitor.lambda$processInstructions$0(UsageInfoVisitor.java:130)
	at jadx.plugins.input.dex.sections.DexCodeReader.visitInstructions(DexCodeReader.java:86)
	at jadx.core.dex.visitors.usage.UsageInfoVisitor.processInstructions(UsageInfoVisitor.java:128)
	at jadx.core.dex.visitors.usage.UsageInfoVisitor.processMethod(UsageInfoVisitor.java:113)
	at jadx.core.dex.visitors.usage.UsageInfoVisitor.processClass(UsageInfoVisitor.java:101)
	at jadx.core.dex.visitors.usage.UsageInfoVisitor.buildUsageData(UsageInfoVisitor.java:81)
	at jadx.core.dex.visitors.usage.UsageInfoVisitor.init(UsageInfoVisitor.java:65)
	at jadx.core.dex.nodes.RootNode.runPreDecompileStage(RootNode.java:356)
	at jadx.api.JadxDecompiler.load(JadxDecompiler.java:136)
	at jadx.cli.JadxCLI.runSave(JadxCLI.java:71)
	at jadx.cli.JadxCLI.execute(JadxCLI.java:44)
	at jadx.cli.JadxCLI.execute(JadxCLI.java:33)
	at jadx.cli.JadxCLI.main(JadxCLI.java:26)
ERROR - Dependency scan failed at insn: 0x0048: SPUT r159 in method: com.shadow.kotlin.collections.ArrayDeque.addAll(int, java.util.Collection<? extends E>):boolean, file: /workspace/xh/fixp_148608.dex
java.lang.IllegalArgumentException: newPosition < 0: (-980070864 < 0)
	at java.base/java.nio.Buffer.createPositionException(Buffer.java:351)
	at java.base/java.nio.Buffer.position(Buffer.java:326)
	at java.base/java.nio.ByteBuffer.position(ByteBuffer.java:1561)
	at jadx.plugins.input.dex.sections.SectionReader.absPos(SectionReader.java:82)
	at jadx.plugins.input.dex.sections.SectionReader.getString(SectionReader.java:175)
	at jadx.plugins.input.dex.sections.SectionReader.fillFieldData(SectionReader.java:195)
	at jadx.plugins.input.dex.sections.SectionReader.getFieldRef(SectionReader.java:183)
	at jadx.plugins.input.dex.insns.DexInsnData.getIndexAsField(DexInsnData.java:131)
	at jadx.core.dex.visitors.usage.UsageInfoVisitor.processInsn(UsageInfoVisitor.java:150)
	at jadx.core.dex.visitors.usage.UsageInfoVisitor.lambda$processInstructions$0(UsageInfoVisitor.java:130)
	at jadx.plugins.input.dex.sections.DexCodeReader.visitInstructions(DexCodeReader.java:86)
	at jadx.core.dex.visitors.usage.UsageInfoVisitor.processInstructions(UsageInfoVisitor.java:128)
	at jadx.core.dex.visitors.usage.UsageInfoVisitor.processMethod(UsageInfoVisitor.java:113)
	at jadx.core.dex.visitors.usage.UsageInfoVisitor.processClass(UsageInfoVisitor.java:101)
	at jadx.core.dex.visitors.usage.UsageInfoVisitor.buildUsageData(UsageInfoVisitor.java:81)
	at jadx.core.dex.visitors.usage.UsageInfoVisitor.init(UsageInfoVisitor.java:65)
	at jadx.core.dex.nodes.RootNode.runPreDecompileStage(RootNode.java:356)
	at jadx.api.JadxDecompiler.load(JadxDecompiler.java:136)
	at jadx.cli.JadxCLI.runSave(JadxCLI.java:71)
	at jadx.cli.JadxCLI.execute(JadxCLI.java:44)
	at jadx.cli.JadxCLI.execute(JadxCLI.java:33)
	at jadx.cli.JadxCLI.main(JadxCLI.java:26)
ERROR - Dependency scan failed in method: com.shadow.kotlin.collections.ArrayDeque.addAll(int, java.util.Collection<? extends E>):boolean, file: /workspace/xh/fixp_148608.dex
java.lang.ArrayIndexOutOfBoundsException: Index 5 out of bounds for length 5
	at jadx.plugins.input.dex.insns.DexInsnData.toString(DexInsnData.java:251)
	at java.base/java.lang.String.valueOf(String.java:4530)
	at jadx.core.dex.visitors.usage.UsageInfoVisitor.lambda$processInstructions$0(UsageInfoVisitor.java:132)
	at jadx.plugins.input.dex.sections.DexCodeReader.visitInstructions(DexCodeReader.java:86)
	at jadx.core.dex.visitors.usage.UsageInfoVisitor.processInstructions(UsageInfoVisitor.java:128)
	at jadx.core.dex.visitors.usage.UsageInfoVisitor.processMethod(UsageInfoVisitor.java:113)
	at jadx.core.dex.visitors.usage.UsageInfoVisitor.processClass(UsageInfoVisitor.java:101)
	at jadx.core.dex.visitors.usage.UsageInfoVisitor.buildUsageData(UsageInfoVisitor.java:81)
	at jadx.core.dex.visitors.usage.UsageInfoVisitor.init(UsageInfoVisitor.java:65)
	at jadx.core.dex.nodes.RootNode.runPreDecompileStage(RootNode.java:356)
	at jadx.api.JadxDecompiler.load(JadxDecompiler.java:136)
	at jadx.cli.JadxCLI.runSave(JadxCLI.java:71)
	at jadx.cli.JadxCLI.execute(JadxCLI.java:44)
	at jadx.cli.JadxCLI.execute(JadxCLI.java:33)
	at jadx.cli.JadxCLI.main(JadxCLI.java:26)
ERROR - Dependency scan failed at insn: 0x0000: IGET r11, r5 in method: com.shadow.kotlin.collections.ArrayDeque.addAll(java.util.Collection<? extends E>):boolean, file: /workspace/xh/fixp_148608.dex
java.lang.IllegalArgumentException: newPosition < 0: (-1783787988 < 0)
	at java.base/java.nio.Buffer.createPositionException(Buffer.java:351)
	at java.base/java.nio.Buffer.position(Buffer.java:326)
	at java.base/java.nio.ByteBuffer.position(ByteBuffer.java:1561)
	at jadx.plugins.input.dex.sections.SectionReader.absPos(SectionReader.java:82)
	at jadx.plugins.input.dex.sections.SectionReader.getString(SectionReader.java:175)
	at jadx.plugins.input.dex.sections.SectionReader.getType(SectionReader.java:165)
	at jadx.plugins.input.dex.sections.SectionReader.fillFieldData(SectionReader.java:194)
	at jadx.plugins.input.dex.sections.SectionReader.getFieldRef(SectionReader.java:183)
	at jadx.plugins.input.dex.insns.DexInsnData.getIndexAsField(DexInsnData.java:131)
	at jadx.core.dex.visitors.usage.UsageInfoVisitor.processInsn(UsageInfoVisitor.java:150)
	at jadx.core.dex.visitors.usage.UsageInfoVisitor.lambda$processInstructions$0(UsageInfoVisitor.java:130)
	at jadx.plugins.input.dex.sections.DexCodeReader.visitInstructions(DexCodeReader.java:86)
	at jadx.core.dex.visitors.usage.UsageInfoVisitor.processInstructions(UsageInfoVisitor.java:128)
	at jadx.core.dex.visitors.usage.UsageInfoVisitor.processMethod(UsageInfoVisitor.java:113)
	at jadx.core.dex.visitors.usage.UsageInfoVisitor.processClass(UsageInfoVisitor.java:101)
	at jadx.core.dex.visitors.usage.UsageInfoVisitor.buildUsageData(UsageInfoVisitor.java:81)
	at jadx.core.dex.visitors.usage.UsageInfoVisitor.init(UsageInfoVisitor.java:65)
	at jadx.core.dex.nodes.RootNode.runPreDecompileStage(RootNode.java:356)
	at jadx.api.JadxDecompiler.load(JadxDecompiler.java:136)
	at jadx.cli.JadxCLI.runSave(JadxCLI.java:71)
	at jadx.cli.JadxCLI.execute(JadxCLI.java:44)
	at jadx.cli.JadxCLI.execute(JadxCLI.java:33)
	at jadx.cli.JadxCLI.main(JadxCLI.java:26)
ERROR - Dependency scan failed at insn: 0x000A: IPUT r2, r13 in method: com.shadow.kotlin.collections.ArrayDeque.addAll(java.util.Collection<? extends E>):boolean, file: /workspace/xh/fixp_148608.dex
java.lang.IllegalArgumentException: newPosition > limit: (27382284 > 3323492)
	at java.base/java.nio.Buffer.createPositionException(Buffer.java:351)
	at java.base/java.nio.Buffer.position(Buffer.java:326)
	at java.base/java.nio.ByteBuffer.position(ByteBuffer.java:1561)
	at jadx.plugins.input.dex.sections.SectionReader.absPos(SectionReader.java:82)
	at jadx.plugins.input.dex.sections.SectionReader.getString(SectionReader.java:175)
	at jadx.plugins.input.dex.sections.SectionReader.fillFieldData(SectionReader.java:195)
	at jadx.plugins.input.dex.sections.SectionReader.getFieldRef(SectionReader.java:183)
	at jadx.plugins.input.dex.insns.DexInsnData.getIndexAsField(DexInsnData.java:131)
	at jadx.core.dex.visitors.usage.UsageInfoVisitor.processInsn(UsageInfoVisitor.java:150)
	at jadx.core.dex.visitors.usage.UsageInfoVisitor.lambda$processInstructions$0(UsageInfoVisitor.java:130)
	at jadx.plugins.input.dex.sections.DexCodeReader.visitInstructions(DexCodeReader.java:86)
	at jadx.core.dex.visitors.usage.UsageInfoVisitor.processInstructions(UsageInfoVisitor.java:128)
	at jadx.core.dex.visitors.usage.UsageInfoVisitor.processMethod(UsageInfoVisitor.java:113)
	at jadx.core.dex.visitors.usage.UsageInfoVisitor.processClass(UsageInfoVisitor.java:101)
	at jadx.core.dex.visitors.usage.UsageInfoVisitor.buildUsageData(UsageInfoVisitor.java:81)
	at jadx.core.dex.visitors.usage.UsageInfoVisitor.init(UsageInfoVisitor.java:65)
	at jadx.core.dex.nodes.RootNode.runPreDecompileStage(RootNode.java:356)
	at jadx.api.JadxDecompiler.load(JadxDecompiler.java:136)
	at jadx.cli.JadxCLI.runSave(JadxCLI.java:71)
	at jadx.cli.JadxCLI.execute(JadxCLI.java:44)
	at jadx.cli.JadxCLI.execute(JadxCLI.java:33)
	at jadx.cli.JadxCLI.main(JadxCLI.java:26)
ERROR - Dependency scan failed in method: com.shadow.kotlin.collections.ArrayDeque.addAll(java.util.Collection<? extends E>):boolean, file: /workspace/xh/fixp_148608.dex
java.lang.ArrayIndexOutOfBoundsException: Index 5 out of bounds for length 5
	at jadx.plugins.input.dex.insns.DexInsnData.toString(DexInsnData.java:251)
	at java.base/java.lang.String.valueOf(String.java:4530)
	at jadx.core.dex.visitors.usage.UsageInfoVisitor.lambda$processInstructions$0(UsageInfoVisitor.java:132)
	at jadx.plugins.input.dex.sections.DexCodeReader.visitInstructions(DexCodeReader.java:86)
	at jadx.core.dex.visitors.usage.UsageInfoVisitor.processInstructions(UsageInfoVisitor.java:128)
	at jadx.core.dex.visitors.usage.UsageInfoVisitor.processMethod(UsageInfoVisitor.java:113)
	at jadx.core.dex.visitors.usage.UsageInfoVisitor.processClass(UsageInfoVisitor.java:101)
	at jadx.core.dex.visitors.usage.UsageInfoVisitor.buildUsageData(UsageInfoVisitor.java:81)
	at jadx.core.dex.visitors.usage.UsageInfoVisitor.init(UsageInfoVisitor.java:65)
	at jadx.core.dex.nodes.RootNode.runPreDecompileStage(RootNode.java:356)
	at jadx.api.JadxDecompiler.load(JadxDecompiler.java:136)
	at jadx.cli.JadxCLI.runSave(JadxCLI.java:71)
	at jadx.cli.JadxCLI.execute(JadxCLI.java:44)
	at jadx.cli.JadxCLI.execute(JadxCLI.java:33)
	at jadx.cli.JadxCLI.main(JadxCLI.java:26)
ERROR - Dependency scan failed at insn: 0x0017: CHECK_CAST r196 in method: com.shadow.kotlin.collections.ArrayDeque.addFirst(E):void, file: /workspace/xh/fixp_148608.dex
java.lang.IllegalArgumentException: newPosition > limit: (691342716 > 3323492)
	at java.base/java.nio.Buffer.createPositionException(Buffer.java:351)
	at java.base/java.nio.Buffer.position(Buffer.java:326)
	at java.base/java.nio.ByteBuffer.position(ByteBuffer.java:1561)
	at jadx.plugins.input.dex.sections.SectionReader.absPos(SectionReader.java:82)
	at jadx.plugins.input.dex.sections.SectionReader.getString(SectionReader.java:175)
	at jadx.plugins.input.dex.sections.SectionReader.getType(SectionReader.java:165)
	at jadx.plugins.input.dex.insns.DexInsnData.getIndexAsType(DexInsnData.java:126)
	at jadx.core.dex.visitors.usage.UsageInfoVisitor.processInsn(UsageInfoVisitor.java:144)
	at jadx.core.dex.visitors.usage.UsageInfoVisitor.lambda$processInstructions$0(UsageInfoVisitor.java:130)
	at jadx.plugins.input.dex.sections.DexCodeReader.visitInstructions(DexCodeReader.java:86)
	at jadx.core.dex.visitors.usage.UsageInfoVisitor.processInstructions(UsageInfoVisitor.java:128)
	at jadx.core.dex.visitors.usage.UsageInfoVisitor.processMethod(UsageInfoVisitor.java:113)
	at jadx.core.dex.visitors.usage.UsageInfoVisitor.processClass(UsageInfoVisitor.java:101)
	at jadx.core.dex.visitors.usage.UsageInfoVisitor.buildUsageData(UsageInfoVisitor.java:81)
	at jadx.core.dex.visitors.usage.UsageInfoVisitor.init(UsageInfoVisitor.java:65)
	at jadx.core.dex.nodes.RootNode.runPreDecompileStage(RootNode.java:356)
	at jadx.api.JadxDecompiler.load(JadxDecompiler.java:136)
	at jadx.cli.JadxCLI.runSave(JadxCLI.java:71)
	at jadx.cli.JadxCLI.execute(JadxCLI.java:44)
	at jadx.cli.JadxCLI.execute(JadxCLI.java:33)
	at jadx.cli.JadxCLI.main(JadxCLI.java:26)
ERROR - Dependency scan failed at insn: 0x001E: IGET r13, r6 in method: com.shadow.kotlin.collections.ArrayDeque.addFirst(E):void, file: /workspace/xh/fixp_148608.dex
java.lang.IllegalArgumentException: newPosition < 0: (-1849059776 < 0)
	at java.base/java.nio.Buffer.createPositionException(Buffer.java:351)
	at java.base/java.nio.Buffer.position(Buffer.java:326)
	at java.base/java.nio.ByteBuffer.position(ByteBuffer.java:1561)
	at jadx.plugins.input.dex.sections.SectionReader.absPos(SectionReader.java:82)
	at jadx.plugins.input.dex.sections.SectionReader.getString(SectionReader.java:175)
	at jadx.plugins.input.dex.sections.SectionReader.getType(SectionReader.java:165)
	at jadx.plugins.input.dex.sections.SectionReader.fillFieldData(SectionReader.java:194)
	at jadx.plugins.input.dex.sections.SectionReader.getFieldRef(SectionReader.java:183)
	at jadx.plugins.input.dex.insns.DexInsnData.getIndexAsField(DexInsnData.java:131)
	at jadx.core.dex.visitors.usage.UsageInfoVisitor.processInsn(UsageInfoVisitor.java:150)
	at jadx.core.dex.visitors.usage.UsageInfoVisitor.lambda$processInstructions$0(UsageInfoVisitor.java:130)
	at jadx.plugins.input.dex.sections.DexCodeReader.visitInstructions(DexCodeReader.java:86)
	at jadx.core.dex.visitors.usage.UsageInfoVisitor.processInstructions(UsageInfoVisitor.java:128)
	at jadx.core.dex.visitors.usage.UsageInfoVisitor.processMethod(UsageInfoVisitor.java:113)
	at jadx.core.dex.visitors.usage.UsageInfoVisitor.processClass(UsageInfoVisitor.java:101)
	at jadx.core.dex.visitors.usage.UsageInfoVisitor.buildUsageData(UsageInfoVisitor.java:81)
	at jadx.core.dex.visitors.usage.UsageInfoVisitor.init(UsageInfoVisitor.java:65)
	at jadx.core.dex.nodes.RootNode.runPreDecompileStage(RootNode.java:356)
	at jadx.api.JadxDecompiler.load(JadxDecompiler.java:136)
	at jadx.cli.JadxCLI.runSave(JadxCLI.java:71)
	at jadx.cli.JadxCLI.execute(JadxCLI.java:44)
	at jadx.cli.JadxCLI.execute(JadxCLI.java:33)
	at jadx.cli.JadxCLI.main(JadxCLI.java:26)
ERROR - Dependency scan failed at insn: 0x0022: IPUT r4, r11 in method: com.shadow.kotlin.collections.ArrayDeque.addFirst(E):void, file: /workspace/xh/fixp_148608.dex
java.lang.IllegalArgumentException: newPosition > limit: (128190756 > 3323492)
	at java.base/java.nio.Buffer.createPositionException(Buffer.java:351)
	at java.base/java.nio.Buffer.position(Buffer.java:326)
	at java.base/java.nio.ByteBuffer.position(ByteBuffer.java:1561)
	at jadx.plugins.input.dex.sections.SectionReader.absPos(SectionReader.java:82)
	at jadx.plugins.input.dex.sections.SectionReader.getString(SectionReader.java:175)
	at jadx.plugins.input.dex.sections.SectionReader.getType(SectionReader.java:165)
	at jadx.plugins.input.dex.sections.SectionReader.fillFieldData(SectionReader.java:194)
	at jadx.plugins.input.dex.sections.SectionReader.getFieldRef(SectionReader.java:183)
	at jadx.plugins.input.dex.insns.DexInsnData.getIndexAsField(DexInsnData.java:131)
	at jadx.core.dex.visitors.usage.UsageInfoVisitor.processInsn(UsageInfoVisitor.java:150)
	at jadx.core.dex.visitors.usage.UsageInfoVisitor.lambda$processInstructions$0(UsageInfoVisitor.java:130)
	at jadx.plugins.input.dex.sections.DexCodeReader.visitInstructions(DexCodeReader.java:86)
	at jadx.core.dex.visitors.usage.UsageInfoVisitor.processInstructions(UsageInfoVisitor.java:128)
	at jadx.core.dex.visitors.usage.UsageInfoVisitor.processMethod(UsageInfoVisitor.java:113)
	at jadx.core.dex.visitors.usage.UsageInfoVisitor.processClass(UsageInfoVisitor.java:101)
	at jadx.core.dex.visitors.usage.UsageInfoVisitor.buildUsageData(UsageInfoVisitor.java:81)
	at jadx.core.dex.visitors.usage.UsageInfoVisitor.init(UsageInfoVisitor.java:65)
	at jadx.core.dex.nodes.RootNode.runPreDecompileStage(RootNode.java:356)
	at jadx.api.JadxDecompiler.load(JadxDecompiler.java:136)
	at jadx.cli.JadxCLI.runSave(JadxCLI.java:71)
	at jadx.cli.JadxCLI.execute(JadxCLI.java:44)
	at jadx.cli.JadxCLI.execute(JadxCLI.java:33)
	at jadx.cli.JadxCLI.main(JadxCLI.java:26)
ERROR - Dependency scan failed at insn: 0x0002: SGET r222 in method: com.shadow.kotlin.collections.ArrayDeque.addLast(E):void, file: /workspace/xh/fixp_148608.dex
java.lang.IllegalArgumentException: newPosition > limit: (385353440 > 3323492)
	at java.base/java.nio.Buffer.createPositionException(Buffer.java:351)
	at java.base/java.nio.Buffer.position(Buffer.java:326)
	at java.base/java.nio.ByteBuffer.position(ByteBuffer.java:1561)
	at jadx.plugins.input.dex.sections.SectionReader.absPos(SectionReader.java:82)
	at jadx.plugins.input.dex.sections.SectionReader.getString(SectionReader.java:175)
	at jadx.plugins.input.dex.sections.SectionReader.getType(SectionReader.java:165)
	at jadx.plugins.input.dex.sections.SectionReader.fillFieldData(SectionReader.java:194)
	at jadx.plugins.input.dex.sections.SectionReader.getFieldRef(SectionReader.java:183)
	at jadx.plugins.input.dex.insns.DexInsnData.getIndexAsField(DexInsnData.java:131)
	at jadx.core.dex.visitors.usage.UsageInfoVisitor.processInsn(UsageInfoVisitor.java:150)
	at jadx.core.dex.visitors.usage.UsageInfoVisitor.lambda$processInstructions$0(UsageInfoVisitor.java:130)
	at jadx.plugins.input.dex.sections.DexCodeReader.visitInstructions(DexCodeReader.java:86)
	at jadx.core.dex.visitors.usage.UsageInfoVisitor.processInstructions(UsageInfoVisitor.java:128)
	at jadx.core.dex.visitors.usage.UsageInfoVisitor.processMethod(UsageInfoVisitor.java:113)
	at jadx.core.dex.visitors.usage.UsageInfoVisitor.processClass(UsageInfoVisitor.java:101)
	at jadx.core.dex.visitors.usage.UsageInfoVisitor.buildUsageData(UsageInfoVisitor.java:81)
	at jadx.core.dex.visitors.usage.UsageInfoVisitor.init(UsageInfoVisitor.java:65)
	at jadx.core.dex.nodes.RootNode.runPreDecompileStage(RootNode.java:356)
	at jadx.api.JadxDecompiler.load(JadxDecompiler.java:136)
	at jadx.cli.JadxCLI.runSave(JadxCLI.java:71)
	at jadx.cli.JadxCLI.execute(JadxCLI.java:44)
	at jadx.cli.JadxCLI.execute(JadxCLI.java:33)
	at jadx.cli.JadxCLI.main(JadxCLI.java:26)
ERROR - Dependency scan failed at insn: 0x0014: INVOKE_SUPER_RANGE r54837, r54838, r54839, r54840, r54841, r54842, r54843, r54844, r54845, r54846, r54847, r54848, r54849, r54850, r54851, r54852, r54853 in method: com.shadow.kotlin.collections.ArrayDeque.addLast(E):void, file: /workspace/xh/fixp_148608.dex
java.lang.IllegalArgumentException: newPosition > limit: (1953653108 > 3323492)
	at java.base/java.nio.Buffer.createPositionException(Buffer.java:351)
	at java.base/java.nio.Buffer.position(Buffer.java:326)
	at java.base/java.nio.ByteBuffer.position(ByteBuffer.java:1561)
	at jadx.plugins.input.dex.sections.SectionReader.absPos(SectionReader.java:82)
	at jadx.plugins.input.dex.sections.SectionReader.readTypeListAt(SectionReader.java:141)
	at jadx.plugins.input.dex.sections.SectionReader.loadMethodRef(SectionReader.java:269)
	at jadx.plugins.input.dex.sections.DexMethodRef.load(DexMethodRef.java:28)
	at jadx.core.dex.info.MethodInfo.fromRef(MethodInfo.java:47)
	at jadx.core.dex.visitors.usage.UsageInfoVisitor.processInsn(UsageInfoVisitor.java:165)
	at jadx.core.dex.visitors.usage.UsageInfoVisitor.lambda$processInstructions$0(UsageInfoVisitor.java:130)
	at jadx.plugins.input.dex.sections.DexCodeReader.visitInstructions(DexCodeReader.java:86)
	at jadx.core.dex.visitors.usage.UsageInfoVisitor.processInstructions(UsageInfoVisitor.java:128)
	at jadx.core.dex.visitors.usage.UsageInfoVisitor.processMethod(UsageInfoVisitor.java:113)
	at jadx.core.dex.visitors.usage.UsageInfoVisitor.processClass(UsageInfoVisitor.java:101)
	at jadx.core.dex.visitors.usage.UsageInfoVisitor.buildUsageData(UsageInfoVisitor.java:81)
	at jadx.core.dex.visitors.usage.UsageInfoVisitor.init(UsageInfoVisitor.java:65)
	at jadx.core.dex.nodes.RootNode.runPreDecompileStage(RootNode.java:356)
	at jadx.api.JadxDecompiler.load(JadxDecompiler.java:136)
	at jadx.cli.JadxCLI.runSave(JadxCLI.java:71)
	at jadx.cli.JadxCLI.execute(JadxCLI.java:44)
	at jadx.cli.JadxCLI.execute(JadxCLI.java:33)
	at jadx.cli.JadxCLI.main(JadxCLI.java:26)
ERROR - Dependency scan failed at insn: 0x0018: INVOKE_CUSTOM_RANGE r49249, r49250, r49251, r49252, r49253, r49254, r49255, r49256, r49257, r49258, r49259, r49260, r49261, r49262, r49263, r49264, r49265, r49266, r49267, r49268, r49269, r49270, r49271, r49272, r49273, r49274, r49275, r49276, r49277, r49278, r49279, r49280, r49281, r49282, r49283, r49284, r49285, r49286, r49287, r49288, r49289, r49290, r49291, r49292, r49293, r49294, r49295, r49296, r49297, r49298, r49299, r49300, r49301, r49302, r49303, r49304, r49305, r49306, r49307, r49308, r49309, r49310, r49311, r49312, r49313, r49314, r49315, r49316, r49317, r49318, r49319, r49320, r49321, r49322, r49323, r49324, r49325, r49326, r49327, r49328, r49329, r49330, r49331, r49332, r49333, r49334, r49335, r49336, r49337, r49338, r49339, r49340, r49341, r49342, r49343, r49344, r49345, r49346, r49347, r49348, r49349, r49350, r49351, r49352, r49353, r49354, r49355, r49356, r49357, r49358, r49359, r49360, r49361, r49362, r49363, r49364, r49365, r49366, r49367, r49368, r49369, r49370, r49371, r49372, r49373, r49374, r49375, r49376, r49377, r49378, r49379, r49380, r49381, r49382, r49383, r49384, r49385, r49386, r49387, r49388, r49389, r49390, r49391, r49392, r49393, r49394, r49395, r49396, r49397, r49398, r49399, r49400, r49401, r49402, r49403, r49404, r49405, r49406, r49407, r49408, r49409 in method: com.shadow.kotlin.collections.ArrayDeque.addLast(E):void, file: /workspace/xh/fixp_148608.dex
java.lang.IllegalArgumentException: Unknown method handle type: 0xcf34
	at jadx.plugins.input.dex.sections.SectionReader.getMethodHandleType(SectionReader.java:245)
	at jadx.plugins.input.dex.sections.SectionReader.getMethodHandle(SectionReader.java:215)
	at jadx.plugins.input.dex.sections.annotations.EncodedValueParser.parseValue(EncodedValueParser.java:84)
	at jadx.plugins.input.dex.sections.annotations.EncodedValueParser.parseEncodedArray(EncodedValueParser.java:95)
	at jadx.plugins.input.dex.sections.SectionReader.getCallSite(SectionReader.java:209)
	at jadx.plugins.input.dex.insns.DexInsnData.getIndexAsCallSite(DexInsnData.java:141)
	at jadx.core.utils.input.InsnDataUtils.getCallSite(InsnDataUtils.java:27)
	at jadx.core.dex.visitors.usage.UsageInfoVisitor.processInsn(UsageInfoVisitor.java:174)
	at jadx.core.dex.visitors.usage.UsageInfoVisitor.lambda$processInstructions$0(UsageInfoVisitor.java:130)
	at jadx.plugins.input.dex.sections.DexCodeReader.visitInstructions(DexCodeReader.java:86)
	at jadx.core.dex.visitors.usage.UsageInfoVisitor.processInstructions(UsageInfoVisitor.java:128)
	at jadx.core.dex.visitors.usage.UsageInfoVisitor.processMethod(UsageInfoVisitor.java:113)
	at jadx.core.dex.visitors.usage.UsageInfoVisitor.processClass(UsageInfoVisitor.java:101)
	at jadx.core.dex.visitors.usage.UsageInfoVisitor.buildUsageData(UsageInfoVisitor.java:81)
	at jadx.core.dex.visitors.usage.UsageInfoVisitor.init(UsageInfoVisitor.java:65)
	at jadx.core.dex.nodes.RootNode.runPreDecompileStage(RootNode.java:356)
	at jadx.api.JadxDecompiler.load(JadxDecompiler.java:136)
	at jadx.cli.JadxCLI.runSave(JadxCLI.java:71)
	at jadx.cli.JadxCLI.execute(JadxCLI.java:44)
	at jadx.cli.JadxCLI.execute(JadxCLI.java:33)
	at jadx.cli.JadxCLI.main(JadxCLI.java:26)
ERROR - Dependency scan failed at insn: 0x0015: SGET r70 in method: com.shadow.kotlin.collections.ArrayDeque.clear():void, file: /workspace/xh/fixp_148608.dex
java.lang.IllegalArgumentException: newPosition > limit: (253496004 > 3323492)
	at java.base/java.nio.Buffer.createPositionException(Buffer.java:351)
	at java.base/java.nio.Buffer.position(Buffer.java:326)
	at java.base/java.nio.ByteBuffer.position(ByteBuffer.java:1561)
	at jadx.plugins.input.dex.sections.SectionReader.absPos(SectionReader.java:82)
	at jadx.plugins.input.dex.sections.SectionReader.getString(SectionReader.java:175)
	at jadx.plugins.input.dex.sections.SectionReader.getType(SectionReader.java:165)
	at jadx.plugins.input.dex.sections.SectionReader.fillFieldData(SectionReader.java:194)
	at jadx.plugins.input.dex.sections.SectionReader.getFieldRef(SectionReader.java:183)
	at jadx.plugins.input.dex.insns.DexInsnData.getIndexAsField(DexInsnData.java:131)
	at jadx.core.dex.visitors.usage.UsageInfoVisitor.processInsn(UsageInfoVisitor.java:150)
	at jadx.core.dex.visitors.usage.UsageInfoVisitor.lambda$processInstructions$0(UsageInfoVisitor.java:130)
	at jadx.plugins.input.dex.sections.DexCodeReader.visitInstructions(DexCodeReader.java:86)
	at jadx.core.dex.visitors.usage.UsageInfoVisitor.processInstructions(UsageInfoVisitor.java:128)
	at jadx.core.dex.visitors.usage.UsageInfoVisitor.processMethod(UsageInfoVisitor.java:113)
	at jadx.core.dex.visitors.usage.UsageInfoVisitor.processClass(UsageInfoVisitor.java:101)
	at jadx.core.dex.visitors.usage.UsageInfoVisitor.buildUsageData(UsageInfoVisitor.java:81)
	at jadx.core.dex.visitors.usage.UsageInfoVisitor.init(UsageInfoVisitor.java:65)
	at jadx.core.dex.nodes.RootNode.runPreDecompileStage(RootNode.java:356)
	at jadx.api.JadxDecompiler.load(JadxDecompiler.java:136)
	at jadx.cli.JadxCLI.runSave(JadxCLI.java:71)
	at jadx.cli.JadxCLI.execute(JadxCLI.java:44)
	at jadx.cli.JadxCLI.execute(JadxCLI.java:33)
	at jadx.cli.JadxCLI.main(JadxCLI.java:26)
ERROR - Dependency scan failed at insn: 0x001E: IGET r7, r12 in method: com.shadow.kotlin.collections.ArrayDeque.clear():void, file: /workspace/xh/fixp_148608.dex
java.lang.IllegalArgumentException: newPosition < 0: (-2051686912 < 0)
	at java.base/java.nio.Buffer.createPositionException(Buffer.java:351)
	at java.base/java.nio.Buffer.position(Buffer.java:326)
	at java.base/java.nio.ByteBuffer.position(ByteBuffer.java:1561)
	at jadx.plugins.input.dex.sections.SectionReader.absPos(SectionReader.java:82)
	at jadx.plugins.input.dex.sections.SectionReader.getString(SectionReader.java:175)
	at jadx.plugins.input.dex.sections.SectionReader.getType(SectionReader.java:165)
	at jadx.plugins.input.dex.sections.SectionReader.fillFieldData(SectionReader.java:194)
	at jadx.plugins.input.dex.sections.SectionReader.getFieldRef(SectionReader.java:183)
	at jadx.plugins.input.dex.insns.DexInsnData.getIndexAsField(DexInsnData.java:131)
	at jadx.core.dex.visitors.usage.UsageInfoVisitor.processInsn(UsageInfoVisitor.java:150)
	at jadx.core.dex.visitors.usage.UsageInfoVisitor.lambda$processInstructions$0(UsageInfoVisitor.java:130)
	at jadx.plugins.input.dex.sections.DexCodeReader.visitInstructions(DexCodeReader.java:86)
	at jadx.core.dex.visitors.usage.UsageInfoVisitor.processInstructions(UsageInfoVisitor.java:128)
	at jadx.core.dex.visitors.usage.UsageInfoVisitor.processMethod(UsageInfoVisitor.java:113)
	at jadx.core.dex.visitors.usage.UsageInfoVisitor.processClass(UsageInfoVisitor.java:101)
	at jadx.core.dex.visitors.usage.UsageInfoVisitor.buildUsageData(UsageInfoVisitor.java:81)
	at jadx.core.dex.visitors.usage.UsageInfoVisitor.init(UsageInfoVisitor.java:65)
	at jadx.core.dex.nodes.RootNode.runPreDecompileStage(RootNode.java:356)
	at jadx.api.JadxDecompiler.load(JadxDecompiler.java:136)
	at jadx.cli.JadxCLI.runSave(JadxCLI.java:71)
	at jadx.cli.JadxCLI.execute(JadxCLI.java:44)
	at jadx.cli.JadxCLI.execute(JadxCLI.java:33)
	at jadx.cli.JadxCLI.main(JadxCLI.java:26)
ERROR - Dependency scan failed at insn: 0x002B: INVOKE_VIRTUAL_RANGE r35101, r35102, r35103, r35104, r35105, r35106, r35107, r35108, r35109, r35110, r35111, r35112, r35113, r35114, r35115, r35116, r35117, r35118, r35119, r35120, r35121, r35122, r35123, r35124, r35125, r35126, r35127, r35128, r35129, r35130, r35131, r35132, r35133, r35134, r35135, r35136, r35137, r35138, r35139, r35140, r35141, r35142, r35143, r35144, r35145, r35146, r35147, r35148, r35149, r35150, r35151, r35152, r35153, r35154, r35155, r35156, r35157, r35158, r35159, r35160, r35161, r35162, r35163, r35164 in method: com.shadow.kotlin.collections.ArrayDeque.clear():void, file: /workspace/xh/fixp_148608.dex
java.lang.IllegalArgumentException: newPosition > limit: (2037544046 > 3323492)
	at java.base/java.nio.Buffer.createPositionException(Buffer.java:351)
	at java.base/java.nio.Buffer.position(Buffer.java:326)
	at java.base/java.nio.ByteBuffer.position(ByteBuffer.java:1561)
	at jadx.plugins.input.dex.sections.SectionReader.absPos(SectionReader.java:82)
	at jadx.plugins.input.dex.sections.SectionReader.readTypeListAt(SectionReader.java:141)
	at jadx.plugins.input.dex.sections.SectionReader.loadMethodRef(SectionReader.java:269)
	at jadx.plugins.input.dex.sections.DexMethodRef.load(DexMethodRef.java:28)
	at jadx.core.dex.info.MethodInfo.fromRef(MethodInfo.java:47)
	at jadx.core.dex.visitors.usage.UsageInfoVisitor.processInsn(UsageInfoVisitor.java:165)
	at jadx.core.dex.visitors.usage.UsageInfoVisitor.lambda$processInstructions$0(UsageInfoVisitor.java:130)
	at jadx.plugins.input.dex.sections.DexCodeReader.visitInstructions(DexCodeReader.java:86)
	at jadx.core.dex.visitors.usage.UsageInfoVisitor.processInstructions(UsageInfoVisitor.java:128)
	at jadx.core.dex.visitors.usage.UsageInfoVisitor.processMethod(UsageInfoVisitor.java:113)
	at jadx.core.dex.visitors.usage.UsageInfoVisitor.processClass(UsageInfoVisitor.java:101)
	at jadx.core.dex.visitors.usage.UsageInfoVisitor.buildUsageData(UsageInfoVisitor.java:81)
	at jadx.core.dex.visitors.usage.UsageInfoVisitor.init(UsageInfoVisitor.java:65)
	at jadx.core.dex.nodes.RootNode.runPreDecompileStage(RootNode.java:356)
	at jadx.api.JadxDecompiler.load(JadxDecompiler.java:136)
	at jadx.cli.JadxCLI.runSave(JadxCLI.java:71)
	at jadx.cli.JadxCLI.execute(JadxCLI.java:44)
	at jadx.cli.JadxCLI.execute(JadxCLI.java:33)
	at jadx.cli.JadxCLI.main(JadxCLI.java:26)
ERROR - Dependency scan failed at insn: 0x0008: FILLED_NEW_ARRAY_RANGE r62048, r62049, r62050, r62051, r62052, r62053, r62054, r62055, r62056, r62057, r62058, r62059, r62060, r62061, r62062, r62063, r62064, r62065, r62066, r62067, r62068, r62069, r62070, r62071, r62072, r62073, r62074, r62075, r62076, r62077, r62078, r62079, r62080, r62081, r62082, r62083, r62084, r62085, r62086, r62087, r62088, r62089, r62090, r62091, r62092, r62093, r62094, r62095, r62096, r62097, r62098, r62099, r62100, r62101, r62102, r62103, r62104, r62105, r62106, r62107, r62108, r62109, r62110, r62111, r62112, r62113, r62114, r62115, r62116, r62117, r62118, r62119, r62120, r62121, r62122, r62123, r62124, r62125, r62126, r62127, r62128, r62129, r62130, r62131, r62132, r62133, r62134, r62135, r62136, r62137, r62138, r62139, r62140, r62141, r62142, r62143, r62144, r62145, r62146, r62147, r62148, r62149, r62150, r62151, r62152, r62153, r62154, r62155, r62156, r62157, r62158, r62159, r62160, r62161, r62162, r62163, r62164, r62165, r62166, r62167, r62168, r62169, r62170, r62171, r62172, r62173, r62174, r62175, r62176, r62177, r62178, r62179, r62180, r62181, r62182, r62183, r62184, r62185, r62186, r62187, r62188, r62189, r62190, r62191, r62192, r62193, r62194, r62195, r62196, r62197, r62198, r62199, r62200, r62201, r62202, r62203, r62204, r62205, r62206, r62207, r62208, r62209, r62210, r62211, r62212, r62213, r62214, r62215, r62216, r62217, r62218, r62219, r62220, r62221, r62222, r62223, r62224, r62225, r62226, r62227, r62228, r62229, r62230, r62231, r62232, r62233, r62234, r62235, r62236, r62237, r62238, r62239, r62240, r62241, r62242, r62243, r62244, r62245, r62246, r62247, r62248, r62249, r62250, r62251, r62252 in method: com.shadow.kotlin.collections.ArrayDeque.contains(java.lang.Object):boolean, file: /workspace/xh/fixp_148608.dex
java.lang.IllegalArgumentException: newPosition < 0: (-439454214 < 0)
	at java.base/java.nio.Buffer.createPositionException(Buffer.java:351)
	at java.base/java.nio.Buffer.position(Buffer.java:326)
	at java.base/java.nio.ByteBuffer.position(ByteBuffer.java:1561)
	at jadx.plugins.input.dex.sections.SectionReader.absPos(SectionReader.java:82)
	at jadx.plugins.input.dex.sections.SectionReader.getString(SectionReader.java:177)
	at jadx.plugins.input.dex.sections.SectionReader.getType(SectionReader.java:165)
	at jadx.plugins.input.dex.insns.DexInsnData.getIndexAsType(DexInsnData.java:126)
	at jadx.core.dex.visitors.usage.UsageInfoVisitor.processInsn(UsageInfoVisitor.java:144)
	at jadx.core.dex.visitors.usage.UsageInfoVisitor.lambda$processInstructions$0(UsageInfoVisitor.java:130)
	at jadx.plugins.input.dex.sections.DexCodeReader.visitInstructions(DexCodeReader.java:86)
	at jadx.core.dex.visitors.usage.UsageInfoVisitor.processInstructions(UsageInfoVisitor.java:128)
	at jadx.core.dex.visitors.usage.UsageInfoVisitor.processMethod(UsageInfoVisitor.java:113)
	at jadx.core.dex.visitors.usage.UsageInfoVisitor.processClass(UsageInfoVisitor.java:101)
	at jadx.core.dex.visitors.usage.UsageInfoVisitor.buildUsageData(UsageInfoVisitor.java:81)
	at jadx.core.dex.visitors.usage.UsageInfoVisitor.init(UsageInfoVisitor.java:65)
	at jadx.core.dex.nodes.RootNode.runPreDecompileStage(RootNode.java:356)
	at jadx.api.JadxDecompiler.load(JadxDecompiler.java:136)
	at jadx.cli.JadxCLI.runSave(JadxCLI.java:71)
	at jadx.cli.JadxCLI.execute(JadxCLI.java:44)
	at jadx.cli.JadxCLI.execute(JadxCLI.java:33)
	at jadx.cli.JadxCLI.main(JadxCLI.java:26)
ERROR - Dependency scan failed in method: com.shadow.kotlin.collections.ArrayDeque.get(int):E, file: /workspace/xh/fixp_148608.dex
java.lang.ArrayIndexOutOfBoundsException: Index 5 out of bounds for length 5
	at jadx.plugins.input.dex.insns.DexInsnData.toString(DexInsnData.java:251)
	at java.base/java.lang.String.valueOf(String.java:4530)
	at jadx.core.dex.visitors.usage.UsageInfoVisitor.lambda$processInstructions$0(UsageInfoVisitor.java:132)
	at jadx.plugins.input.dex.sections.DexCodeReader.visitInstructions(DexCodeReader.java:86)
	at jadx.core.dex.visitors.usage.UsageInfoVisitor.processInstructions(UsageInfoVisitor.java:128)
	at jadx.core.dex.visitors.usage.UsageInfoVisitor.processMethod(UsageInfoVisitor.java:113)
	at jadx.core.dex.visitors.usage.UsageInfoVisitor.processClass(UsageInfoVisitor.java:101)
	at jadx.core.dex.visitors.usage.UsageInfoVisitor.buildUsageData(UsageInfoVisitor.java:81)
	at jadx.core.dex.visitors.usage.UsageInfoVisitor.init(UsageInfoVisitor.java:65)
	at jadx.core.dex.nodes.RootNode.runPreDecompileStage(RootNode.java:356)
	at jadx.api.JadxDecompiler.load(JadxDecompiler.java:136)
	at jadx.cli.JadxCLI.runSave(JadxCLI.java:71)
	at jadx.cli.JadxCLI.execute(JadxCLI.java:44)
	at jadx.cli.JadxCLI.execute(JadxCLI.java:33)
	at jadx.cli.JadxCLI.main(JadxCLI.java:26)
ERROR - Dependency scan failed at insn: 0x000B: INVOKE_STATIC_RANGE r58160, r58161, r58162, r58163, r58164, r58165, r58166, r58167, r58168, r58169, r58170, r58171, r58172, r58173, r58174, r58175, r58176, r58177, r58178, r58179, r58180, r58181, r58182, r58183, r58184, r58185, r58186, r58187, r58188, r58189, r58190, r58191, r58192, r58193, r58194 in method: com.shadow.kotlin.collections.ArrayDeque.indexOf(java.lang.Object):int, file: /workspace/xh/fixp_148608.dex
java.lang.IllegalArgumentException: newPosition > limit: (1634757999 > 3323492)
	at java.base/java.nio.Buffer.createPositionException(Buffer.java:351)
	at java.base/java.nio.Buffer.position(Buffer.java:326)
	at java.base/java.nio.ByteBuffer.position(ByteBuffer.java:1561)
	at jadx.plugins.input.dex.sections.SectionReader.absPos(SectionReader.java:82)
	at jadx.plugins.input.dex.sections.SectionReader.readTypeListAt(SectionReader.java:141)
	at jadx.plugins.input.dex.sections.SectionReader.loadMethodRef(SectionReader.java:269)
	at jadx.plugins.input.dex.sections.DexMethodRef.load(DexMethodRef.java:28)
	at jadx.core.dex.info.MethodInfo.fromRef(MethodInfo.java:47)
	at jadx.core.dex.visitors.usage.UsageInfoVisitor.processInsn(UsageInfoVisitor.java:165)
	at jadx.core.dex.visitors.usage.UsageInfoVisitor.lambda$processInstructions$0(UsageInfoVisitor.java:130)
	at jadx.plugins.input.dex.sections.DexCodeReader.visitInstructions(DexCodeReader.java:86)
	at jadx.core.dex.visitors.usage.UsageInfoVisitor.processInstructions(UsageInfoVisitor.java:128)
	at jadx.core.dex.visitors.usage.UsageInfoVisitor.processMethod(UsageInfoVisitor.java:113)
	at jadx.core.dex.visitors.usage.UsageInfoVisitor.processClass(UsageInfoVisitor.java:101)
	at jadx.core.dex.visitors.usage.UsageInfoVisitor.buildUsageData(UsageInfoVisitor.java:81)
	at jadx.core.dex.visitors.usage.UsageInfoVisitor.init(UsageInfoVisitor.java:65)
	at jadx.core.dex.nodes.RootNode.runPreDecompileStage(RootNode.java:356)
	at jadx.api.JadxDecompiler.load(JadxDecompiler.java:136)
	at jadx.cli.JadxCLI.runSave(JadxCLI.java:71)
	at jadx.cli.JadxCLI.execute(JadxCLI.java:44)
	at jadx.cli.JadxCLI.execute(JadxCLI.java:33)
	at jadx.cli.JadxCLI.main(JadxCLI.java:26)
ERROR - Dependency scan failed at insn: 0x000E: SPUT r119 in method: com.shadow.kotlin.collections.ArrayDeque.indexOf(java.lang.Object):int, file: /workspace/xh/fixp_148608.dex
java.lang.IllegalArgumentException: newPosition < 0: (-1965743275 < 0)
	at java.base/java.nio.Buffer.createPositionException(Buffer.java:351)
	at java.base/java.nio.Buffer.position(Buffer.java:326)
	at java.base/java.nio.ByteBuffer.position(ByteBuffer.java:1561)
	at jadx.plugins.input.dex.sections.SectionReader.absPos(SectionReader.java:82)
	at jadx.plugins.input.dex.sections.SectionReader.getString(SectionReader.java:177)
	at jadx.plugins.input.dex.sections.SectionReader.fillFieldData(SectionReader.java:195)
	at jadx.plugins.input.dex.sections.SectionReader.getFieldRef(SectionReader.java:183)
	at jadx.plugins.input.dex.insns.DexInsnData.getIndexAsField(DexInsnData.java:131)
	at jadx.core.dex.visitors.usage.UsageInfoVisitor.processInsn(UsageInfoVisitor.java:150)
	at jadx.core.dex.visitors.usage.UsageInfoVisitor.lambda$processInstructions$0(UsageInfoVisitor.java:130)
	at jadx.plugins.input.dex.sections.DexCodeReader.visitInstructions(DexCodeReader.java:86)
	at jadx.core.dex.visitors.usage.UsageInfoVisitor.processInstructions(UsageInfoVisitor.java:128)
	at jadx.core.dex.visitors.usage.UsageInfoVisitor.processMethod(UsageInfoVisitor.java:113)
	at jadx.core.dex.visitors.usage.UsageInfoVisitor.processClass(UsageInfoVisitor.java:101)
	at jadx.core.dex.visitors.usage.UsageInfoVisitor.buildUsageData(UsageInfoVisitor.java:81)
	at jadx.core.dex.visitors.usage.UsageInfoVisitor.init(UsageInfoVisitor.java:65)
	at jadx.core.dex.nodes.RootNode.runPreDecompileStage(RootNode.java:356)
	at jadx.api.JadxDecompiler.load(JadxDecompiler.java:136)
	at jadx.cli.JadxCLI.runSave(JadxCLI.java:71)
	at jadx.cli.JadxCLI.execute(JadxCLI.java:44)
	at jadx.cli.JadxCLI.execute(JadxCLI.java:33)
	at jadx.cli.JadxCLI.main(JadxCLI.java:26)
ERROR - Dependency scan failed at insn: 0x0019: IGET r6, r1 in method: com.shadow.kotlin.collections.ArrayDeque.indexOf(java.lang.Object):int, file: /workspace/xh/fixp_148608.dex
java.lang.IllegalArgumentException: newPosition < 0: (-1783787988 < 0)
	at java.base/java.nio.Buffer.createPositionException(Buffer.java:351)
	at java.base/java.nio.Buffer.position(Buffer.java:326)
	at java.base/java.nio.ByteBuffer.position(ByteBuffer.java:1561)
	at jadx.plugins.input.dex.sections.SectionReader.absPos(SectionReader.java:82)
	at jadx.plugins.input.dex.sections.SectionReader.getString(SectionReader.java:175)
	at jadx.plugins.input.dex.sections.SectionReader.getType(SectionReader.java:165)
	at jadx.plugins.input.dex.sections.SectionReader.fillFieldData(SectionReader.java:194)
	at jadx.plugins.input.dex.sections.SectionReader.getFieldRef(SectionReader.java:183)
	at jadx.plugins.input.dex.insns.DexInsnData.getIndexAsField(DexInsnData.java:131)
	at jadx.core.dex.visitors.usage.UsageInfoVisitor.processInsn(UsageInfoVisitor.java:150)
	at jadx.core.dex.visitors.usage.UsageInfoVisitor.lambda$processInstructions$0(UsageInfoVisitor.java:130)
	at jadx.plugins.input.dex.sections.DexCodeReader.visitInstructions(DexCodeReader.java:86)
	at jadx.core.dex.visitors.usage.UsageInfoVisitor.processInstructions(UsageInfoVisitor.java:128)
	at jadx.core.dex.visitors.usage.UsageInfoVisitor.processMethod(UsageInfoVisitor.java:113)
	at jadx.core.dex.visitors.usage.UsageInfoVisitor.processClass(UsageInfoVisitor.java:101)
	at jadx.core.dex.visitors.usage.UsageInfoVisitor.buildUsageData(UsageInfoVisitor.java:81)
	at jadx.core.dex.visitors.usage.UsageInfoVisitor.init(UsageInfoVisitor.java:65)
	at jadx.core.dex.nodes.RootNode.runPreDecompileStage(RootNode.java:356)
	at jadx.api.JadxDecompiler.load(JadxDecompiler.java:136)
	at jadx.cli.JadxCLI.runSave(JadxCLI.java:71)
	at jadx.cli.JadxCLI.execute(JadxCLI.java:44)
	at jadx.cli.JadxCLI.execute(JadxCLI.java:33)
	at jadx.cli.JadxCLI.main(JadxCLI.java:26)
ERROR - Dependency scan failed at insn: 0x001B: INVOKE_STATIC_RANGE r3908, r3909, r3910, r3911, r3912, r3913, r3914, r3915, r3916, r3917, r3918, r3919, r3920, r3921, r3922, r3923, r3924, r3925, r3926, r3927, r3928, r3929, r3930, r3931, r3932, r3933, r3934, r3935, r3936, r3937, r3938, r3939, r3940, r3941, r3942, r3943, r3944, r3945, r3946, r3947, r3948, r3949, r3950, r3951, r3952, r3953, r3954, r3955, r3956, r3957, r3958, r3959, r3960, r3961, r3962, r3963, r3964, r3965, r3966, r3967, r3968, r3969, r3970, r3971, r3972, r3973, r3974, r3975, r3976, r3977, r3978, r3979, r3980, r3981, r3982, r3983, r3984, r3985, r3986, r3987, r3988, r3989, r3990, r3991, r3992, r3993, r3994, r3995, r3996, r3997, r3998, r3999, r4000, r4001, r4002, r4003, r4004, r4005, r4006, r4007, r4008, r4009, r4010, r4011, r4012, r4013, r4014, r4015, r4016, r4017, r4018, r4019, r4020, r4021, r4022, r4023, r4024, r4025, r4026, r4027, r4028, r4029, r4030, r4031, r4032, r4033, r4034, r4035, r4036, r4037, r4038, r4039, r4040, r4041, r4042, r4043, r4044, r4045, r4046, r4047, r4048, r4049, r4050, r4051, r4052, r4053, r4054, r4055, r4056, r4057, r4058, r4059, r4060, r4061, r4062, r4063, r4064, r4065, r4066, r4067 in method: com.shadow.kotlin.collections.ArrayDeque.indexOf(java.lang.Object):int, file: /workspace/xh/fixp_148608.dex
jadx.core.utils.exceptions.JadxRuntimeException: Null class type
	at jadx.core.dex.info.ClassInfo.checkClassType(ClassInfo.java:47)
	at jadx.core.dex.info.ClassInfo.fromType(ClassInfo.java:32)
	at jadx.core.dex.info.MethodInfo.fromRef(MethodInfo.java:49)
	at jadx.core.dex.visitors.usage.UsageInfoVisitor.processInsn(UsageInfoVisitor.java:165)
	at jadx.core.dex.visitors.usage.UsageInfoVisitor.lambda$processInstructions$0(UsageInfoVisitor.java:130)
	at jadx.plugins.input.dex.sections.DexCodeReader.visitInstructions(DexCodeReader.java:86)
	at jadx.core.dex.visitors.usage.UsageInfoVisitor.processInstructions(UsageInfoVisitor.java:128)
	at jadx.core.dex.visitors.usage.UsageInfoVisitor.processMethod(UsageInfoVisitor.java:113)
	at jadx.core.dex.visitors.usage.UsageInfoVisitor.processClass(UsageInfoVisitor.java:101)
	at jadx.core.dex.visitors.usage.UsageInfoVisitor.buildUsageData(UsageInfoVisitor.java:81)
	at jadx.core.dex.visitors.usage.UsageInfoVisitor.init(UsageInfoVisitor.java:65)
	at jadx.core.dex.nodes.RootNode.runPreDecompileStage(RootNode.java:356)
	at jadx.api.JadxDecompiler.load(JadxDecompiler.java:136)
	at jadx.cli.JadxCLI.runSave(JadxCLI.java:71)
	at jadx.cli.JadxCLI.execute(JadxCLI.java:44)
	at jadx.cli.JadxCLI.execute(JadxCLI.java:33)
	at jadx.cli.JadxCLI.main(JadxCLI.java:26)
ERROR - Dependency scan failed at insn: 0x003A: SPUT r221 in method: com.shadow.kotlin.collections.ArrayDeque.indexOf(java.lang.Object):int, file: /workspace/xh/fixp_148608.dex
java.lang.IllegalArgumentException: newPosition < 0: (-1313798616 < 0)
	at java.base/java.nio.Buffer.createPositionException(Buffer.java:351)
	at java.base/java.nio.Buffer.position(Buffer.java:326)
	at java.base/java.nio.ByteBuffer.position(ByteBuffer.java:1561)
	at jadx.plugins.input.dex.sections.SectionReader.absPos(SectionReader.java:82)
	at jadx.plugins.input.dex.sections.SectionReader.getString(SectionReader.java:175)
	at jadx.plugins.input.dex.sections.SectionReader.fillFieldData(SectionReader.java:195)
	at jadx.plugins.input.dex.sections.SectionReader.getFieldRef(SectionReader.java:183)
	at jadx.plugins.input.dex.insns.DexInsnData.getIndexAsField(DexInsnData.java:131)
	at jadx.core.dex.visitors.usage.UsageInfoVisitor.processInsn(UsageInfoVisitor.java:150)
	at jadx.core.dex.visitors.usage.UsageInfoVisitor.lambda$processInstructions$0(UsageInfoVisitor.java:130)
	at jadx.plugins.input.dex.sections.DexCodeReader.visitInstructions(DexCodeReader.java:86)
	at jadx.core.dex.visitors.usage.UsageInfoVisitor.processInstructions(UsageInfoVisitor.java:128)
	at jadx.core.dex.visitors.usage.UsageInfoVisitor.processMethod(UsageInfoVisitor.java:113)
	at jadx.core.dex.visitors.usage.UsageInfoVisitor.processClass(UsageInfoVisitor.java:101)
	at jadx.core.dex.visitors.usage.UsageInfoVisitor.buildUsageData(UsageInfoVisitor.java:81)
	at jadx.core.dex.visitors.usage.UsageInfoVisitor.init(UsageInfoVisitor.java:65)
	at jadx.core.dex.nodes.RootNode.runPreDecompileStage(RootNode.java:356)
	at jadx.api.JadxDecompiler.load(JadxDecompiler.java:136)
	at jadx.cli.JadxCLI.runSave(JadxCLI.java:71)
	at jadx.cli.JadxCLI.execute(JadxCLI.java:44)
	at jadx.cli.JadxCLI.execute(JadxCLI.java:33)
	at jadx.cli.JadxCLI.main(JadxCLI.java:26)
ERROR - Dependency scan failed at insn: 0x003C: IPUT r6, r0 in method: com.shadow.kotlin.collections.ArrayDeque.indexOf(java.lang.Object):int, file: /workspace/xh/fixp_148608.dex
java.lang.IllegalArgumentException: newPosition < 0: (-859032464 < 0)
	at java.base/java.nio.Buffer.createPositionException(Buffer.java:351)
	at java.base/java.nio.Buffer.position(Buffer.java:326)
	at java.base/java.nio.ByteBuffer.position(ByteBuffer.java:1561)
	at jadx.plugins.input.dex.sections.SectionReader.absPos(SectionReader.java:82)
	at jadx.plugins.input.dex.sections.SectionReader.getString(SectionReader.java:175)
	at jadx.plugins.input.dex.sections.SectionReader.getType(SectionReader.java:165)
	at jadx.plugins.input.dex.sections.SectionReader.fillFieldData(SectionReader.java:194)
	at jadx.plugins.input.dex.sections.SectionReader.getFieldRef(SectionReader.java:183)
	at jadx.plugins.input.dex.insns.DexInsnData.getIndexAsField(DexInsnData.java:131)
	at jadx.core.dex.visitors.usage.UsageInfoVisitor.processInsn(UsageInfoVisitor.java:150)
	at jadx.core.dex.visitors.usage.UsageInfoVisitor.lambda$processInstructions$0(UsageInfoVisitor.java:130)
	at jadx.plugins.input.dex.sections.DexCodeReader.visitInstructions(DexCodeReader.java:86)
	at jadx.core.dex.visitors.usage.UsageInfoVisitor.processInstructions(UsageInfoVisitor.java:128)
	at jadx.core.dex.visitors.usage.UsageInfoVisitor.processMethod(UsageInfoVisitor.java:113)
	at jadx.core.dex.visitors.usage.UsageInfoVisitor.processClass(UsageInfoVisitor.java:101)
	at jadx.core.dex.visitors.usage.UsageInfoVisitor.buildUsageData(UsageInfoVisitor.java:81)
	at jadx.core.dex.visitors.usage.UsageInfoVisitor.init(UsageInfoVisitor.java:65)
	at jadx.core.dex.nodes.RootNode.runPreDecompileStage(RootNode.java:356)
	at jadx.api.JadxDecompiler.load(JadxDecompiler.java:136)
	at jadx.cli.JadxCLI.runSave(JadxCLI.java:71)
	at jadx.cli.JadxCLI.execute(JadxCLI.java:44)
	at jadx.cli.JadxCLI.execute(JadxCLI.java:33)
	at jadx.cli.JadxCLI.main(JadxCLI.java:26)
ERROR - Dependency scan failed at insn: 0x0042: SGET r19 in method: com.shadow.kotlin.collections.ArrayDeque.indexOf(java.lang.Object):int, file: /workspace/xh/fixp_148608.dex
java.lang.IllegalArgumentException: newPosition > limit: (380373408 > 3323492)
	at java.base/java.nio.Buffer.createPositionException(Buffer.java:351)
	at java.base/java.nio.Buffer.position(Buffer.java:326)
	at java.base/java.nio.ByteBuffer.position(ByteBuffer.java:1561)
	at jadx.plugins.input.dex.sections.SectionReader.absPos(SectionReader.java:82)
	at jadx.plugins.input.dex.sections.SectionReader.getString(SectionReader.java:175)
	at jadx.plugins.input.dex.sections.SectionReader.getType(SectionReader.java:165)
	at jadx.plugins.input.dex.sections.SectionReader.fillFieldData(SectionReader.java:194)
	at jadx.plugins.input.dex.sections.SectionReader.getFieldRef(SectionReader.java:183)
	at jadx.plugins.input.dex.insns.DexInsnData.getIndexAsField(DexInsnData.java:131)
	at jadx.core.dex.visitors.usage.UsageInfoVisitor.processInsn(UsageInfoVisitor.java:150)
	at jadx.core.dex.visitors.usage.UsageInfoVisitor.lambda$processInstructions$0(UsageInfoVisitor.java:130)
	at jadx.plugins.input.dex.sections.DexCodeReader.visitInstructions(DexCodeReader.java:86)
	at jadx.core.dex.visitors.usage.UsageInfoVisitor.processInstructions(UsageInfoVisitor.java:128)
	at jadx.core.dex.visitors.usage.UsageInfoVisitor.processMethod(UsageInfoVisitor.java:113)
	at jadx.core.dex.visitors.usage.UsageInfoVisitor.processClass(UsageInfoVisitor.java:101)
	at jadx.core.dex.visitors.usage.UsageInfoVisitor.buildUsageData(UsageInfoVisitor.java:81)
	at jadx.core.dex.visitors.usage.UsageInfoVisitor.init(UsageInfoVisitor.java:65)
	at jadx.core.dex.nodes.RootNode.runPreDecompileStage(RootNode.java:356)
	at jadx.api.JadxDecompiler.load(JadxDecompiler.java:136)
	at jadx.cli.JadxCLI.runSave(JadxCLI.java:71)
	at jadx.cli.JadxCLI.execute(JadxCLI.java:44)
	at jadx.cli.JadxCLI.execute(JadxCLI.java:33)
	at jadx.cli.JadxCLI.main(JadxCLI.java:26)
ERROR - Dependency scan failed at insn: 0x0047: SGET r89 in method: com.shadow.kotlin.collections.ArrayDeque.indexOf(java.lang.Object):int, file: /workspace/xh/fixp_148608.dex
java.lang.IllegalArgumentException: newPosition > limit: (1494026688 > 3323492)
	at java.base/java.nio.Buffer.createPositionException(Buffer.java:351)
	at java.base/java.nio.Buffer.position(Buffer.java:326)
	at java.base/java.nio.ByteBuffer.position(ByteBuffer.java:1561)
	at jadx.plugins.input.dex.sections.SectionReader.absPos(SectionReader.java:82)
	at jadx.plugins.input.dex.sections.SectionReader.getString(SectionReader.java:175)
	at jadx.plugins.input.dex.sections.SectionReader.getType(SectionReader.java:165)
	at jadx.plugins.input.dex.sections.SectionReader.fillFieldData(SectionReader.java:194)
	at jadx.plugins.input.dex.sections.SectionReader.getFieldRef(SectionReader.java:183)
	at jadx.plugins.input.dex.insns.DexInsnData.getIndexAsField(DexInsnData.java:131)
	at jadx.core.dex.visitors.usage.UsageInfoVisitor.processInsn(UsageInfoVisitor.java:150)
	at jadx.core.dex.visitors.usage.UsageInfoVisitor.lambda$processInstructions$0(UsageInfoVisitor.java:130)
	at jadx.plugins.input.dex.sections.DexCodeReader.visitInstructions(DexCodeReader.java:86)
	at jadx.core.dex.visitors.usage.UsageInfoVisitor.processInstructions(UsageInfoVisitor.java:128)
	at jadx.core.dex.visitors.usage.UsageInfoVisitor.processMethod(UsageInfoVisitor.java:113)
	at jadx.core.dex.visitors.usage.UsageInfoVisitor.processClass(UsageInfoVisitor.java:101)
	at jadx.core.dex.visitors.usage.UsageInfoVisitor.buildUsageData(UsageInfoVisitor.java:81)
	at jadx.core.dex.visitors.usage.UsageInfoVisitor.init(UsageInfoVisitor.java:65)
	at jadx.core.dex.nodes.RootNode.runPreDecompileStage(RootNode.java:356)
	at jadx.api.JadxDecompiler.load(JadxDecompiler.java:136)
	at jadx.cli.JadxCLI.runSave(JadxCLI.java:71)
	at jadx.cli.JadxCLI.execute(JadxCLI.java:44)
	at jadx.cli.JadxCLI.execute(JadxCLI.java:33)
	at jadx.cli.JadxCLI.main(JadxCLI.java:26)
ERROR - Dependency scan failed at insn: 0x0049: SGET r144 in method: com.shadow.kotlin.collections.ArrayDeque.indexOf(java.lang.Object):int, file: /workspace/xh/fixp_148608.dex
java.lang.IllegalArgumentException: newPosition > limit: (8636128 > 3323492)
	at java.base/java.nio.Buffer.createPositionException(Buffer.java:351)
	at java.base/java.nio.Buffer.position(Buffer.java:326)
	at java.base/java.nio.ByteBuffer.position(ByteBuffer.java:1561)
	at jadx.plugins.input.dex.sections.SectionReader.absPos(SectionReader.java:82)
	at jadx.plugins.input.dex.sections.SectionReader.getString(SectionReader.java:175)
	at jadx.plugins.input.dex.sections.SectionReader.getType(SectionReader.java:165)
	at jadx.plugins.input.dex.sections.SectionReader.fillFieldData(SectionReader.java:194)
	at jadx.plugins.input.dex.sections.SectionReader.getFieldRef(SectionReader.java:183)
	at jadx.plugins.input.dex.insns.DexInsnData.getIndexAsField(DexInsnData.java:131)
	at jadx.core.dex.visitors.usage.UsageInfoVisitor.processInsn(UsageInfoVisitor.java:150)
	at jadx.core.dex.visitors.usage.UsageInfoVisitor.lambda$processInstructions$0(UsageInfoVisitor.java:130)
	at jadx.plugins.input.dex.sections.DexCodeReader.visitInstructions(DexCodeReader.java:86)
	at jadx.core.dex.visitors.usage.UsageInfoVisitor.processInstructions(UsageInfoVisitor.java:128)
	at jadx.core.dex.visitors.usage.UsageInfoVisitor.processMethod(UsageInfoVisitor.java:113)
	at jadx.core.dex.visitors.usage.UsageInfoVisitor.processClass(UsageInfoVisitor.java:101)
	at jadx.core.dex.visitors.usage.UsageInfoVisitor.buildUsageData(UsageInfoVisitor.java:81)
	at jadx.core.dex.visitors.usage.UsageInfoVisitor.init(UsageInfoVisitor.java:65)
	at jadx.core.dex.nodes.RootNode.runPreDecompileStage(RootNode.java:356)
	at jadx.api.JadxDecompiler.load(JadxDecompiler.java:136)
	at jadx.cli.JadxCLI.runSave(JadxCLI.java:71)
	at jadx.cli.JadxCLI.execute(JadxCLI.java:44)
	at jadx.cli.JadxCLI.execute(JadxCLI.java:33)
	at jadx.cli.JadxCLI.main(JadxCLI.java:26)
ERROR - Dependency scan failed at insn: 0x004C: NEW_INSTANCE r213 in method: com.shadow.kotlin.collections.ArrayDeque.indexOf(java.lang.Object):int, file: /workspace/xh/fixp_148608.dex
java.lang.IllegalArgumentException: newPosition < 0: (-1113992716 < 0)
	at java.base/java.nio.Buffer.createPositionException(Buffer.java:351)
	at java.base/java.nio.Buffer.position(Buffer.java:326)
	at java.base/java.nio.ByteBuffer.position(ByteBuffer.java:1561)
	at jadx.plugins.input.dex.sections.SectionReader.absPos(SectionReader.java:82)
	at jadx.plugins.input.dex.sections.SectionReader.getString(SectionReader.java:175)
	at jadx.plugins.input.dex.sections.SectionReader.getType(SectionReader.java:165)
	at jadx.plugins.input.dex.insns.DexInsnData.getIndexAsType(DexInsnData.java:126)
	at jadx.core.dex.visitors.usage.UsageInfoVisitor.processInsn(UsageInfoVisitor.java:144)
	at jadx.core.dex.visitors.usage.UsageInfoVisitor.lambda$processInstructions$0(UsageInfoVisitor.java:130)
	at jadx.plugins.input.dex.sections.DexCodeReader.visitInstructions(DexCodeReader.java:86)
	at jadx.core.dex.visitors.usage.UsageInfoVisitor.processInstructions(UsageInfoVisitor.java:128)
	at jadx.core.dex.visitors.usage.UsageInfoVisitor.processMethod(UsageInfoVisitor.java:113)
	at jadx.core.dex.visitors.usage.UsageInfoVisitor.processClass(UsageInfoVisitor.java:101)
	at jadx.core.dex.visitors.usage.UsageInfoVisitor.buildUsageData(UsageInfoVisitor.java:81)
	at jadx.core.dex.visitors.usage.UsageInfoVisitor.init(UsageInfoVisitor.java:65)
	at jadx.core.dex.nodes.RootNode.runPreDecompileStage(RootNode.java:356)
	at jadx.api.JadxDecompiler.load(JadxDecompiler.java:136)
	at jadx.cli.JadxCLI.runSave(JadxCLI.java:71)
	at jadx.cli.JadxCLI.execute(JadxCLI.java:44)
	at jadx.cli.JadxCLI.execute(JadxCLI.java:33)
	at jadx.cli.JadxCLI.main(JadxCLI.java:26)
ERROR - Dependency scan failed at insn: 0x0003: FILLED_NEW_ARRAY r4, r10, r3, r4 in method: com.shadow.kotlin.collections.ArrayDeque.isEmpty():boolean, file: /workspace/xh/fixp_148608.dex
java.lang.IllegalArgumentException: newPosition < 0: (-1920627412 < 0)
	at java.base/java.nio.Buffer.createPositionException(Buffer.java:351)
	at java.base/java.nio.Buffer.position(Buffer.java:326)
	at java.base/java.nio.ByteBuffer.position(ByteBuffer.java:1561)
	at jadx.plugins.input.dex.sections.SectionReader.absPos(SectionReader.java:82)
	at jadx.plugins.input.dex.sections.SectionReader.getString(SectionReader.java:175)
	at jadx.plugins.input.dex.sections.SectionReader.getType(SectionReader.java:165)
	at jadx.plugins.input.dex.insns.DexInsnData.getIndexAsType(DexInsnData.java:126)
	at jadx.core.dex.visitors.usage.UsageInfoVisitor.processInsn(UsageInfoVisitor.java:144)
	at jadx.core.dex.visitors.usage.UsageInfoVisitor.lambda$processInstructions$0(UsageInfoVisitor.java:130)
	at jadx.plugins.input.dex.sections.DexCodeReader.visitInstructions(DexCodeReader.java:86)
	at jadx.core.dex.visitors.usage.UsageInfoVisitor.processInstructions(UsageInfoVisitor.java:128)
	at jadx.core.dex.visitors.usage.UsageInfoVisitor.processMethod(UsageInfoVisitor.java:113)
	at jadx.core.dex.visitors.usage.UsageInfoVisitor.processClass(UsageInfoVisitor.java:101)
	at jadx.core.dex.visitors.usage.UsageInfoVisitor.buildUsageData(UsageInfoVisitor.java:81)
	at jadx.core.dex.visitors.usage.UsageInfoVisitor.init(UsageInfoVisitor.java:65)
	at jadx.core.dex.nodes.RootNode.runPreDecompileStage(RootNode.java:356)
	at jadx.api.JadxDecompiler.load(JadxDecompiler.java:136)
	at jadx.cli.JadxCLI.runSave(JadxCLI.java:71)
	at jadx.cli.JadxCLI.execute(JadxCLI.java:44)
	at jadx.cli.JadxCLI.execute(JadxCLI.java:33)
	at jadx.cli.JadxCLI.main(JadxCLI.java:26)
ERROR - Dependency scan failed in method: com.shadow.kotlin.collections.ArrayDeque.lastIndexOf(java.lang.Object):int, file: /workspace/xh/fixp_148608.dex
java.lang.ArrayIndexOutOfBoundsException: Index 5 out of bounds for length 5
	at jadx.plugins.input.dex.insns.DexInsnData.toString(DexInsnData.java:251)
	at java.base/java.lang.String.valueOf(String.java:4530)
	at jadx.core.dex.visitors.usage.UsageInfoVisitor.lambda$processInstructions$0(UsageInfoVisitor.java:132)
	at jadx.plugins.input.dex.sections.DexCodeReader.visitInstructions(DexCodeReader.java:86)
	at jadx.core.dex.visitors.usage.UsageInfoVisitor.processInstructions(UsageInfoVisitor.java:128)
	at jadx.core.dex.visitors.usage.UsageInfoVisitor.processMethod(UsageInfoVisitor.java:113)
	at jadx.core.dex.visitors.usage.UsageInfoVisitor.processClass(UsageInfoVisitor.java:101)
	at jadx.core.dex.visitors.usage.UsageInfoVisitor.buildUsageData(UsageInfoVisitor.java:81)
	at jadx.core.dex.visitors.usage.UsageInfoVisitor.init(UsageInfoVisitor.java:65)
	at jadx.core.dex.nodes.RootNode.runPreDecompileStage(RootNode.java:356)
	at jadx.api.JadxDecompiler.load(JadxDecompiler.java:136)
	at jadx.cli.JadxCLI.runSave(JadxCLI.java:71)
	at jadx.cli.JadxCLI.execute(JadxCLI.java:44)
	at jadx.cli.JadxCLI.execute(JadxCLI.java:33)
	at jadx.cli.JadxCLI.main(JadxCLI.java:26)
ERROR - Dependency scan failed at insn: 0x0003: IPUT r4, r6 in method: com.shadow.kotlin.collections.ArrayDeque.remove(java.lang.Object):boolean, file: /workspace/xh/fixp_148608.dex
java.lang.IllegalArgumentException: newPosition < 0: (-1714565932 < 0)
	at java.base/java.nio.Buffer.createPositionException(Buffer.java:351)
	at java.base/java.nio.Buffer.position(Buffer.java:326)
	at java.base/java.nio.ByteBuffer.position(ByteBuffer.java:1561)
	at jadx.plugins.input.dex.sections.SectionReader.absPos(SectionReader.java:82)
	at jadx.plugins.input.dex.sections.SectionReader.getString(SectionReader.java:175)
	at jadx.plugins.input.dex.sections.SectionReader.fillFieldData(SectionReader.java:195)
	at jadx.plugins.input.dex.sections.SectionReader.getFieldRef(SectionReader.java:183)
	at jadx.plugins.input.dex.insns.DexInsnData.getIndexAsField(DexInsnData.java:131)
	at jadx.core.dex.visitors.usage.UsageInfoVisitor.processInsn(UsageInfoVisitor.java:150)
	at jadx.core.dex.visitors.usage.UsageInfoVisitor.lambda$processInstructions$0(UsageInfoVisitor.java:130)
	at jadx.plugins.input.dex.sections.DexCodeReader.visitInstructions(DexCodeReader.java:86)
	at jadx.core.dex.visitors.usage.UsageInfoVisitor.processInstructions(UsageInfoVisitor.java:128)
	at jadx.core.dex.visitors.usage.UsageInfoVisitor.processMethod(UsageInfoVisitor.java:113)
	at jadx.core.dex.visitors.usage.UsageInfoVisitor.processClass(UsageInfoVisitor.java:101)
	at jadx.core.dex.visitors.usage.UsageInfoVisitor.buildUsageData(UsageInfoVisitor.java:81)
	at jadx.core.dex.visitors.usage.UsageInfoVisitor.init(UsageInfoVisitor.java:65)
	at jadx.core.dex.nodes.RootNode.runPreDecompileStage(RootNode.java:356)
	at jadx.api.JadxDecompiler.load(JadxDecompiler.java:136)
	at jadx.cli.JadxCLI.runSave(JadxCLI.java:71)
	at jadx.cli.JadxCLI.execute(JadxCLI.java:44)
	at jadx.cli.JadxCLI.execute(JadxCLI.java:33)
	at jadx.cli.JadxCLI.main(JadxCLI.java:26)
ERROR - Dependency scan failed at insn: 0x0006: FILLED_NEW_ARRAY_RANGE r61235, r61236, r61237, r61238, r61239, r61240, r61241, r61242, r61243, r61244, r61245, r61246, r61247, r61248, r61249, r61250, r61251, r61252, r61253, r61254, r61255, r61256, r61257, r61258, r61259, r61260, r61261, r61262, r61263, r61264, r61265, r61266, r61267, r61268, r61269, r61270, r61271, r61272, r61273, r61274, r61275, r61276, r61277, r61278, r61279, r61280, r61281, r61282, r61283, r61284, r61285, r61286, r61287, r61288, r61289, r61290, r61291, r61292 in method: com.shadow.kotlin.collections.ArrayDeque.remove(java.lang.Object):boolean, file: /workspace/xh/fixp_148608.dex
java.lang.IllegalArgumentException: newPosition < 0: (-1316680404 < 0)
	at java.base/java.nio.Buffer.createPositionException(Buffer.java:351)
	at java.base/java.nio.Buffer.position(Buffer.java:326)
	at java.base/java.nio.ByteBuffer.position(ByteBuffer.java:1561)
	at jadx.plugins.input.dex.sections.SectionReader.absPos(SectionReader.java:82)
	at jadx.plugins.input.dex.sections.SectionReader.getString(SectionReader.java:175)
	at jadx.plugins.input.dex.sections.SectionReader.getType(SectionReader.java:165)
	at jadx.plugins.input.dex.insns.DexInsnData.getIndexAsType(DexInsnData.java:126)
	at jadx.core.dex.visitors.usage.UsageInfoVisitor.processInsn(UsageInfoVisitor.java:144)
	at jadx.core.dex.visitors.usage.UsageInfoVisitor.lambda$processInstructions$0(UsageInfoVisitor.java:130)
	at jadx.plugins.input.dex.sections.DexCodeReader.visitInstructions(DexCodeReader.java:86)
	at jadx.core.dex.visitors.usage.UsageInfoVisitor.processInstructions(UsageInfoVisitor.java:128)
	at jadx.core.dex.visitors.usage.UsageInfoVisitor.processMethod(UsageInfoVisitor.java:113)
	at jadx.core.dex.visitors.usage.UsageInfoVisitor.processClass(UsageInfoVisitor.java:101)
	at jadx.core.dex.visitors.usage.UsageInfoVisitor.buildUsageData(UsageInfoVisitor.java:81)
	at jadx.core.dex.visitors.usage.UsageInfoVisitor.init(UsageInfoVisitor.java:65)
	at jadx.core.dex.nodes.RootNode.runPreDecompileStage(RootNode.java:356)
	at jadx.api.JadxDecompiler.load(JadxDecompiler.java:136)
	at jadx.cli.JadxCLI.runSave(JadxCLI.java:71)
	at jadx.cli.JadxCLI.execute(JadxCLI.java:44)
	at jadx.cli.JadxCLI.execute(JadxCLI.java:33)
	at jadx.cli.JadxCLI.main(JadxCLI.java:26)
ERROR - Dependency scan failed at insn: 0x0009: INVOKE_INTERFACE_RANGE r15489, r15490, r15491, r15492, r15493, r15494, r15495, r15496, r15497, r15498, r15499, r15500, r15501, r15502, r15503, r15504, r15505, r15506, r15507, r15508, r15509, r15510, r15511, r15512, r15513, r15514, r15515, r15516, r15517, r15518, r15519, r15520 in method: com.shadow.kotlin.collections.ArrayDeque.remove(java.lang.Object):boolean, file: /workspace/xh/fixp_148608.dex
java.lang.IllegalArgumentException: newPosition > limit: (1097559919 > 3323492)
	at java.base/java.nio.Buffer.createPositionException(Buffer.java:351)
	at java.base/java.nio.Buffer.position(Buffer.java:326)
	at java.base/java.nio.ByteBuffer.position(ByteBuffer.java:1561)
	at jadx.plugins.input.dex.sections.SectionReader.absPos(SectionReader.java:82)
	at jadx.plugins.input.dex.sections.SectionReader.readTypeListAt(SectionReader.java:141)
	at jadx.plugins.input.dex.sections.SectionReader.loadMethodRef(SectionReader.java:269)
	at jadx.plugins.input.dex.sections.DexMethodRef.load(DexMethodRef.java:28)
	at jadx.core.dex.info.MethodInfo.fromRef(MethodInfo.java:47)
	at jadx.core.dex.visitors.usage.UsageInfoVisitor.processInsn(UsageInfoVisitor.java:165)
	at jadx.core.dex.visitors.usage.UsageInfoVisitor.lambda$processInstructions$0(UsageInfoVisitor.java:130)
	at jadx.plugins.input.dex.sections.DexCodeReader.visitInstructions(DexCodeReader.java:86)
	at jadx.core.dex.visitors.usage.UsageInfoVisitor.processInstructions(UsageInfoVisitor.java:128)
	at jadx.core.dex.visitors.usage.UsageInfoVisitor.processMethod(UsageInfoVisitor.java:113)
	at jadx.core.dex.visitors.usage.UsageInfoVisitor.processClass(UsageInfoVisitor.java:101)
	at jadx.core.dex.visitors.usage.UsageInfoVisitor.buildUsageData(UsageInfoVisitor.java:81)
	at jadx.core.dex.visitors.usage.UsageInfoVisitor.init(UsageInfoVisitor.java:65)
	at jadx.core.dex.nodes.RootNode.runPreDecompileStage(RootNode.java:356)
	at jadx.api.JadxDecompiler.load(JadxDecompiler.java:136)
	at jadx.cli.JadxCLI.runSave(JadxCLI.java:71)
	at jadx.cli.JadxCLI.execute(JadxCLI.java:44)
	at jadx.cli.JadxCLI.execute(JadxCLI.java:33)
	at jadx.cli.JadxCLI.main(JadxCLI.java:26)
ERROR - Dependency scan failed at insn: 0x0000: SGET r122 in method: com.shadow.kotlin.collections.ArrayDeque.removeAll(java.util.Collection<? extends java.lang.Object>):boolean, file: /workspace/xh/fixp_148608.dex
java.lang.IllegalArgumentException: newPosition < 0: (-1112162820 < 0)
	at java.base/java.nio.Buffer.createPositionException(Buffer.java:351)
	at java.base/java.nio.Buffer.position(Buffer.java:326)
	at java.base/java.nio.ByteBuffer.position(ByteBuffer.java:1561)
	at jadx.plugins.input.dex.sections.SectionReader.absPos(SectionReader.java:82)
	at jadx.plugins.input.dex.sections.SectionReader.getString(SectionReader.java:175)
	at jadx.plugins.input.dex.sections.SectionReader.getType(SectionReader.java:165)
	at jadx.plugins.input.dex.sections.SectionReader.fillFieldData(SectionReader.java:194)
	at jadx.plugins.input.dex.sections.SectionReader.getFieldRef(SectionReader.java:183)
	at jadx.plugins.input.dex.insns.DexInsnData.getIndexAsField(DexInsnData.java:131)
	at jadx.core.dex.visitors.usage.UsageInfoVisitor.processInsn(UsageInfoVisitor.java:150)
	at jadx.core.dex.visitors.usage.UsageInfoVisitor.lambda$processInstructions$0(UsageInfoVisitor.java:130)
	at jadx.plugins.input.dex.sections.DexCodeReader.visitInstructions(DexCodeReader.java:86)
	at jadx.core.dex.visitors.usage.UsageInfoVisitor.processInstructions(UsageInfoVisitor.java:128)
	at jadx.core.dex.visitors.usage.UsageInfoVisitor.processMethod(UsageInfoVisitor.java:113)
	at jadx.core.dex.visitors.usage.UsageInfoVisitor.processClass(UsageInfoVisitor.java:101)
	at jadx.core.dex.visitors.usage.UsageInfoVisitor.buildUsageData(UsageInfoVisitor.java:81)
	at jadx.core.dex.visitors.usage.UsageInfoVisitor.init(UsageInfoVisitor.java:65)
	at jadx.core.dex.nodes.RootNode.runPreDecompileStage(RootNode.java:356)
	at jadx.api.JadxDecompiler.load(JadxDecompiler.java:136)
	at jadx.cli.JadxCLI.runSave(JadxCLI.java:71)
	at jadx.cli.JadxCLI.execute(JadxCLI.java:44)
	at jadx.cli.JadxCLI.execute(JadxCLI.java:33)
	at jadx.cli.JadxCLI.main(JadxCLI.java:26)
ERROR - Dependency scan failed at insn: 0x0015: IPUT r12, r12 in method: com.shadow.kotlin.collections.ArrayDeque.removeAll(java.util.Collection<? extends java.lang.Object>):boolean, file: /workspace/xh/fixp_148608.dex
java.lang.IllegalArgumentException: newPosition > limit: (467406248 > 3323492)
	at java.base/java.nio.Buffer.createPositionException(Buffer.java:351)
	at java.base/java.nio.Buffer.position(Buffer.java:326)
	at java.base/java.nio.ByteBuffer.position(ByteBuffer.java:1561)
	at jadx.plugins.input.dex.sections.SectionReader.absPos(SectionReader.java:82)
	at jadx.plugins.input.dex.sections.SectionReader.getString(SectionReader.java:175)
	at jadx.plugins.input.dex.sections.SectionReader.getType(SectionReader.java:165)
	at jadx.plugins.input.dex.sections.SectionReader.fillFieldData(SectionReader.java:194)
	at jadx.plugins.input.dex.sections.SectionReader.getFieldRef(SectionReader.java:183)
	at jadx.plugins.input.dex.insns.DexInsnData.getIndexAsField(DexInsnData.java:131)
	at jadx.core.dex.visitors.usage.UsageInfoVisitor.processInsn(UsageInfoVisitor.java:150)
	at jadx.core.dex.visitors.usage.UsageInfoVisitor.lambda$processInstructions$0(UsageInfoVisitor.java:130)
	at jadx.plugins.input.dex.sections.DexCodeReader.visitInstructions(DexCodeReader.java:86)
	at jadx.core.dex.visitors.usage.UsageInfoVisitor.processInstructions(UsageInfoVisitor.java:128)
	at jadx.core.dex.visitors.usage.UsageInfoVisitor.processMethod(UsageInfoVisitor.java:113)
	at jadx.core.dex.visitors.usage.UsageInfoVisitor.processClass(UsageInfoVisitor.java:101)
	at jadx.core.dex.visitors.usage.UsageInfoVisitor.buildUsageData(UsageInfoVisitor.java:81)
	at jadx.core.dex.visitors.usage.UsageInfoVisitor.init(UsageInfoVisitor.java:65)
	at jadx.core.dex.nodes.RootNode.runPreDecompileStage(RootNode.java:356)
	at jadx.api.JadxDecompiler.load(JadxDecompiler.java:136)
	at jadx.cli.JadxCLI.runSave(JadxCLI.java:71)
	at jadx.cli.JadxCLI.execute(JadxCLI.java:44)
	at jadx.cli.JadxCLI.execute(JadxCLI.java:33)
	at jadx.cli.JadxCLI.main(JadxCLI.java:26)
ERROR - Dependency scan failed at insn: 0x0020: IPUT r14, r5 in method: com.shadow.kotlin.collections.ArrayDeque.removeAll(java.util.Collection<? extends java.lang.Object>):boolean, file: /workspace/xh/fixp_148608.dex
java.lang.IllegalArgumentException: newPosition < 0: (-1516918336 < 0)
	at java.base/java.nio.Buffer.createPositionException(Buffer.java:351)
	at java.base/java.nio.Buffer.position(Buffer.java:326)
	at java.base/java.nio.ByteBuffer.position(ByteBuffer.java:1561)
	at jadx.plugins.input.dex.sections.SectionReader.absPos(SectionReader.java:82)
	at jadx.plugins.input.dex.sections.SectionReader.getString(SectionReader.java:175)
	at jadx.plugins.input.dex.sections.SectionReader.getType(SectionReader.java:165)
	at jadx.plugins.input.dex.sections.SectionReader.fillFieldData(SectionReader.java:194)
	at jadx.plugins.input.dex.sections.SectionReader.getFieldRef(SectionReader.java:183)
	at jadx.plugins.input.dex.insns.DexInsnData.getIndexAsField(DexInsnData.java:131)
	at jadx.core.dex.visitors.usage.UsageInfoVisitor.processInsn(UsageInfoVisitor.java:150)
	at jadx.core.dex.visitors.usage.UsageInfoVisitor.lambda$processInstructions$0(UsageInfoVisitor.java:130)
	at jadx.plugins.input.dex.sections.DexCodeReader.visitInstructions(DexCodeReader.java:86)
	at jadx.core.dex.visitors.usage.UsageInfoVisitor.processInstructions(UsageInfoVisitor.java:128)
	at jadx.core.dex.visitors.usage.UsageInfoVisitor.processMethod(UsageInfoVisitor.java:113)
	at jadx.core.dex.visitors.usage.UsageInfoVisitor.processClass(UsageInfoVisitor.java:101)
	at jadx.core.dex.visitors.usage.UsageInfoVisitor.buildUsageData(UsageInfoVisitor.java:81)
	at jadx.core.dex.visitors.usage.UsageInfoVisitor.init(UsageInfoVisitor.java:65)
	at jadx.core.dex.nodes.RootNode.runPreDecompileStage(RootNode.java:356)
	at jadx.api.JadxDecompiler.load(JadxDecompiler.java:136)
	at jadx.cli.JadxCLI.runSave(JadxCLI.java:71)
	at jadx.cli.JadxCLI.execute(JadxCLI.java:44)
	at jadx.cli.JadxCLI.execute(JadxCLI.java:33)
	at jadx.cli.JadxCLI.main(JadxCLI.java:26)
ERROR - Dependency scan failed at insn: 0x0029: INVOKE_DIRECT_RANGE r36801, r36802, r36803, r36804, r36805, r36806, r36807, r36808, r36809, r36810, r36811, r36812, r36813, r36814, r36815, r36816, r36817, r36818, r36819, r36820, r36821, r36822, r36823, r36824, r36825, r36826, r36827, r36828, r36829, r36830, r36831, r36832, r36833, r36834, r36835, r36836, r36837, r36838, r36839, r36840, r36841, r36842, r36843, r36844, r36845, r36846, r36847, r36848, r36849, r36850, r36851, r36852, r36853, r36854, r36855, r36856, r36857, r36858, r36859, r36860, r36861, r36862, r36863, r36864, r36865, r36866, r36867, r36868, r36869, r36870, r36871, r36872, r36873, r36874, r36875, r36876, r36877, r36878, r36879, r36880, r36881, r36882, r36883, r36884, r36885, r36886, r36887, r36888, r36889, r36890, r36891, r36892, r36893, r36894, r36895, r36896, r36897, r36898, r36899, r36900, r36901, r36902, r36903, r36904, r36905, r36906, r36907, r36908, r36909, r36910, r36911, r36912, r36913, r36914, r36915, r36916, r36917, r36918, r36919, r36920, r36921, r36922, r36923, r36924, r36925, r36926, r36927, r36928, r36929, r36930, r36931, r36932, r36933, r36934, r36935, r36936, r36937, r36938, r36939, r36940, r36941, r36942, r36943, r36944, r36945, r36946, r36947, r36948, r36949, r36950, r36951, r36952, r36953, r36954, r36955, r36956, r36957, r36958, r36959, r36960, r36961, r36962, r36963, r36964, r36965, r36966, r36967, r36968, r36969, r36970, r36971, r36972, r36973, r36974, r36975, r36976, r36977, r36978, r36979, r36980, r36981, r36982, r36983, r36984, r36985, r36986, r36987, r36988, r36989, r36990, r36991, r36992, r36993, r36994, r36995, r36996, r36997, r36998, r36999, r37000, r37001, r37002, r37003, r37004, r37005, r37006, r37007, r37008, r37009, r37010, r37011, r37012, r37013, r37014, r37015, r37016, r37017, r37018, r37019, r37020, r37021, r37022, r37023, r37024, r37025, r37026, r37027, r37028 in method: com.shadow.kotlin.collections.ArrayDeque.removeAll(java.util.Collection<? extends java.lang.Object>):boolean, file: /workspace/xh/fixp_148608.dex
java.lang.IllegalArgumentException: newPosition > limit: (1701971968 > 3323492)
	at java.base/java.nio.Buffer.createPositionException(Buffer.java:351)
	at java.base/java.nio.Buffer.position(Buffer.java:326)
	at java.base/java.nio.ByteBuffer.position(ByteBuffer.java:1561)
	at jadx.plugins.input.dex.sections.SectionReader.absPos(SectionReader.java:82)
	at jadx.plugins.input.dex.sections.SectionReader.readTypeListAt(SectionReader.java:141)
	at jadx.plugins.input.dex.sections.SectionReader.loadMethodRef(SectionReader.java:269)
	at jadx.plugins.input.dex.sections.DexMethodRef.load(DexMethodRef.java:28)
	at jadx.core.dex.info.MethodInfo.fromRef(MethodInfo.java:47)
	at jadx.core.dex.visitors.usage.UsageInfoVisitor.processInsn(UsageInfoVisitor.java:165)
	at jadx.core.dex.visitors.usage.UsageInfoVisitor.lambda$processInstructions$0(UsageInfoVisitor.java:130)
	at jadx.plugins.input.dex.sections.DexCodeReader.visitInstructions(DexCodeReader.java:86)
	at jadx.core.dex.visitors.usage.UsageInfoVisitor.processInstructions(UsageInfoVisitor.java:128)
	at jadx.core.dex.visitors.usage.UsageInfoVisitor.processMethod(UsageInfoVisitor.java:113)
	at jadx.core.dex.visitors.usage.UsageInfoVisitor.processClass(UsageInfoVisitor.java:101)
	at jadx.core.dex.visitors.usage.UsageInfoVisitor.buildUsageData(UsageInfoVisitor.java:81)
	at jadx.core.dex.visitors.usage.UsageInfoVisitor.init(UsageInfoVisitor.java:65)
	at jadx.core.dex.nodes.RootNode.runPreDecompileStage(RootNode.java:356)
	at jadx.api.JadxDecompiler.load(JadxDecompiler.java:136)
	at jadx.cli.JadxCLI.runSave(JadxCLI.java:71)
	at jadx.cli.JadxCLI.execute(JadxCLI.java:44)
	at jadx.cli.JadxCLI.execute(JadxCLI.java:33)
	at jadx.cli.JadxCLI.main(JadxCLI.java:26)
ERROR - Dependency scan failed at insn: 0x002E: INVOKE_DIRECT r14, r8, r0, r13, r11, r36806, r36807, r36808, r36809, r36810, r36811 in method: com.shadow.kotlin.collections.ArrayDeque.removeAll(java.util.Collection<? extends java.lang.Object>):boolean, file: /workspace/xh/fixp_148608.dex
java.lang.IllegalArgumentException: newPosition < 0: (-609494105 < 0)
	at java.base/java.nio.Buffer.createPositionException(Buffer.java:351)
	at java.base/java.nio.Buffer.position(Buffer.java:326)
	at java.base/java.nio.ByteBuffer.position(ByteBuffer.java:1561)
	at jadx.plugins.input.dex.sections.SectionReader.absPos(SectionReader.java:82)
	at jadx.plugins.input.dex.sections.SectionReader.readTypeListAt(SectionReader.java:141)
	at jadx.plugins.input.dex.sections.SectionReader.loadMethodRef(SectionReader.java:269)
	at jadx.plugins.input.dex.sections.DexMethodRef.load(DexMethodRef.java:28)
	at jadx.core.dex.info.MethodInfo.fromRef(MethodInfo.java:47)
	at jadx.core.dex.visitors.usage.UsageInfoVisitor.processInsn(UsageInfoVisitor.java:165)
	at jadx.core.dex.visitors.usage.UsageInfoVisitor.lambda$processInstructions$0(UsageInfoVisitor.java:130)
	at jadx.plugins.input.dex.sections.DexCodeReader.visitInstructions(DexCodeReader.java:86)
	at jadx.core.dex.visitors.usage.UsageInfoVisitor.processInstructions(UsageInfoVisitor.java:128)
	at jadx.core.dex.visitors.usage.UsageInfoVisitor.processMethod(UsageInfoVisitor.java:113)
	at jadx.core.dex.visitors.usage.UsageInfoVisitor.processClass(UsageInfoVisitor.java:101)
	at jadx.core.dex.visitors.usage.UsageInfoVisitor.buildUsageData(UsageInfoVisitor.java:81)
	at jadx.core.dex.visitors.usage.UsageInfoVisitor.init(UsageInfoVisitor.java:65)
	at jadx.core.dex.nodes.RootNode.runPreDecompileStage(RootNode.java:356)
	at jadx.api.JadxDecompiler.load(JadxDecompiler.java:136)
	at jadx.cli.JadxCLI.runSave(JadxCLI.java:71)
	at jadx.cli.JadxCLI.execute(JadxCLI.java:44)
	at jadx.cli.JadxCLI.execute(JadxCLI.java:33)
	at jadx.cli.JadxCLI.main(JadxCLI.java:26)
ERROR - Dependency scan failed at insn: 0x0031: CONST_CLASS r180 in method: com.shadow.kotlin.collections.ArrayDeque.removeAll(java.util.Collection<? extends java.lang.Object>):boolean, file: /workspace/xh/fixp_148608.dex
java.lang.IllegalArgumentException: newPosition > limit: (204734912 > 3323492)
	at java.base/java.nio.Buffer.createPositionException(Buffer.java:351)
	at java.base/java.nio.Buffer.position(Buffer.java:326)
	at java.base/java.nio.ByteBuffer.position(ByteBuffer.java:1561)
	at jadx.plugins.input.dex.sections.SectionReader.absPos(SectionReader.java:82)
	at jadx.plugins.input.dex.sections.SectionReader.getString(SectionReader.java:175)
	at jadx.plugins.input.dex.sections.SectionReader.getType(SectionReader.java:165)
	at jadx.plugins.input.dex.insns.DexInsnData.getIndexAsType(DexInsnData.java:126)
	at jadx.core.dex.visitors.usage.UsageInfoVisitor.processInsn(UsageInfoVisitor.java:144)
	at jadx.core.dex.visitors.usage.UsageInfoVisitor.lambda$processInstructions$0(UsageInfoVisitor.java:130)
	at jadx.plugins.input.dex.sections.DexCodeReader.visitInstructions(DexCodeReader.java:86)
	at jadx.core.dex.visitors.usage.UsageInfoVisitor.processInstructions(UsageInfoVisitor.java:128)
	at jadx.core.dex.visitors.usage.UsageInfoVisitor.processMethod(UsageInfoVisitor.java:113)
	at jadx.core.dex.visitors.usage.UsageInfoVisitor.processClass(UsageInfoVisitor.java:101)
	at jadx.core.dex.visitors.usage.UsageInfoVisitor.buildUsageData(UsageInfoVisitor.java:81)
	at jadx.core.dex.visitors.usage.UsageInfoVisitor.init(UsageInfoVisitor.java:65)
	at jadx.core.dex.nodes.RootNode.runPreDecompileStage(RootNode.java:356)
	at jadx.api.JadxDecompiler.load(JadxDecompiler.java:136)
	at jadx.cli.JadxCLI.runSave(JadxCLI.java:71)
	at jadx.cli.JadxCLI.execute(JadxCLI.java:44)
	at jadx.cli.JadxCLI.execute(JadxCLI.java:33)
	at jadx.cli.JadxCLI.main(JadxCLI.java:26)
ERROR - Dependency scan failed at insn: 0x0038: INVOKE_CUSTOM_RANGE r6632, r6633, r6634, r6635, r6636, r6637, r6638, r6639, r6640, r6641, r6642, r6643, r6644, r6645, r6646, r6647, r6648, r6649, r6650, r6651, r6652, r6653, r6654, r6655, r6656, r6657, r6658, r6659, r6660, r6661, r6662, r6663, r6664, r6665, r6666, r6667, r6668, r6669, r6670, r6671, r6672, r6673, r6674, r6675, r6676, r6677, r6678, r6679, r6680, r6681, r6682, r6683, r6684, r6685, r6686, r6687, r6688, r6689, r6690, r6691 in method: com.shadow.kotlin.collections.ArrayDeque.removeAll(java.util.Collection<? extends java.lang.Object>):boolean, file: /workspace/xh/fixp_148608.dex
jadx.plugins.input.dex.DexException: Unknown encoded value type: 0x1
	at jadx.plugins.input.dex.sections.annotations.EncodedValueParser.parseValue(EncodedValueParser.java:87)
	at jadx.plugins.input.dex.sections.annotations.EncodedValueParser.parseEncodedArray(EncodedValueParser.java:95)
	at jadx.plugins.input.dex.sections.SectionReader.getCallSite(SectionReader.java:209)
	at jadx.plugins.input.dex.insns.DexInsnData.getIndexAsCallSite(DexInsnData.java:141)
	at jadx.core.utils.input.InsnDataUtils.getCallSite(InsnDataUtils.java:27)
	at jadx.core.dex.visitors.usage.UsageInfoVisitor.processInsn(UsageInfoVisitor.java:174)
	at jadx.core.dex.visitors.usage.UsageInfoVisitor.lambda$processInstructions$0(UsageInfoVisitor.java:130)
	at jadx.plugins.input.dex.sections.DexCodeReader.visitInstructions(DexCodeReader.java:86)
	at jadx.core.dex.visitors.usage.UsageInfoVisitor.processInstructions(UsageInfoVisitor.java:128)
	at jadx.core.dex.visitors.usage.UsageInfoVisitor.processMethod(UsageInfoVisitor.java:113)
	at jadx.core.dex.visitors.usage.UsageInfoVisitor.processClass(UsageInfoVisitor.java:101)
	at jadx.core.dex.visitors.usage.UsageInfoVisitor.buildUsageData(UsageInfoVisitor.java:81)
	at jadx.core.dex.visitors.usage.UsageInfoVisitor.init(UsageInfoVisitor.java:65)
	at jadx.core.dex.nodes.RootNode.runPreDecompileStage(RootNode.java:356)
	at jadx.api.JadxDecompiler.load(JadxDecompiler.java:136)
	at jadx.cli.JadxCLI.runSave(JadxCLI.java:71)
	at jadx.cli.JadxCLI.execute(JadxCLI.java:44)
	at jadx.cli.JadxCLI.execute(JadxCLI.java:33)
	at jadx.cli.JadxCLI.main(JadxCLI.java:26)
ERROR - Dependency scan failed at insn: 0x003B: INVOKE_STATIC_RANGE r2725, r2726, r2727, r2728, r2729, r2730, r2731, r2732, r2733, r2734, r2735, r2736, r2737, r2738, r2739, r2740, r2741, r2742, r2743, r2744, r2745, r2746, r2747, r2748, r2749, r2750, r2751, r2752, r2753, r2754, r2755, r2756, r2757, r2758, r2759, r2760, r2761, r2762, r2763, r2764, r2765, r2766, r2767, r2768, r2769, r2770, r2771, r2772, r2773, r2774, r2775, r2776, r2777, r2778, r2779, r2780, r2781, r2782, r2783, r2784, r2785, r2786, r2787, r2788, r2789, r2790, r2791, r2792, r2793, r2794, r2795, r2796, r2797, r2798, r2799, r2800, r2801, r2802, r2803, r2804, r2805, r2806, r2807, r2808, r2809, r2810, r2811, r2812, r2813, r2814, r2815, r2816, r2817, r2818, r2819, r2820, r2821, r2822, r2823, r2824, r2825, r2826, r2827, r2828, r2829, r2830, r2831, r2832, r2833, r2834, r2835, r2836, r2837, r2838, r2839, r2840, r2841, r2842, r2843, r2844, r2845, r2846, r2847, r2848, r2849, r2850, r2851, r2852, r2853, r2854, r2855, r2856, r2857, r2858, r2859, r2860, r2861, r2862, r2863, r2864, r2865, r2866, r2867, r2868, r2869, r2870, r2871, r2872, r2873, r2874, r2875, r2876, r2877, r2878, r2879, r2880, r2881, r2882, r2883, r2884, r2885, r2886, r2887, r2888, r2889, r2890, r2891, r2892 in method: com.shadow.kotlin.collections.ArrayDeque.removeAll(java.util.Collection<? extends java.lang.Object>):boolean, file: /workspace/xh/fixp_148608.dex
java.lang.IllegalArgumentException: newPosition > limit: (1729233006 > 3323492)
	at java.base/java.nio.Buffer.createPositionException(Buffer.java:351)
	at java.base/java.nio.Buffer.position(Buffer.java:326)
	at java.base/java.nio.ByteBuffer.position(ByteBuffer.java:1561)
	at jadx.plugins.input.dex.sections.SectionReader.absPos(SectionReader.java:82)
	at jadx.plugins.input.dex.sections.SectionReader.readTypeListAt(SectionReader.java:141)
	at jadx.plugins.input.dex.sections.SectionReader.loadMethodRef(SectionReader.java:269)
	at jadx.plugins.input.dex.sections.DexMethodRef.load(DexMethodRef.java:28)
	at jadx.core.dex.info.MethodInfo.fromRef(MethodInfo.java:47)
	at jadx.core.dex.visitors.usage.UsageInfoVisitor.processInsn(UsageInfoVisitor.java:165)
	at jadx.core.dex.visitors.usage.UsageInfoVisitor.lambda$processInstructions$0(UsageInfoVisitor.java:130)
	at jadx.plugins.input.dex.sections.DexCodeReader.visitInstructions(DexCodeReader.java:86)
	at jadx.core.dex.visitors.usage.UsageInfoVisitor.processInstructions(UsageInfoVisitor.java:128)
	at jadx.core.dex.visitors.usage.UsageInfoVisitor.processMethod(UsageInfoVisitor.java:113)
	at jadx.core.dex.visitors.usage.UsageInfoVisitor.processClass(UsageInfoVisitor.java:101)
	at jadx.core.dex.visitors.usage.UsageInfoVisitor.buildUsageData(UsageInfoVisitor.java:81)
	at jadx.core.dex.visitors.usage.UsageInfoVisitor.init(UsageInfoVisitor.java:65)
	at jadx.core.dex.nodes.RootNode.runPreDecompileStage(RootNode.java:356)
	at jadx.api.JadxDecompiler.load(JadxDecompiler.java:136)
	at jadx.cli.JadxCLI.runSave(JadxCLI.java:71)
	at jadx.cli.JadxCLI.execute(JadxCLI.java:44)
	at jadx.cli.JadxCLI.execute(JadxCLI.java:33)
	at jadx.cli.JadxCLI.main(JadxCLI.java:26)
ERROR - Dependency scan failed at insn: 0x0044: NEW_ARRAY r14, r13 in method: com.shadow.kotlin.collections.ArrayDeque.removeAll(java.util.Collection<? extends java.lang.Object>):boolean, file: /workspace/xh/fixp_148608.dex
java.lang.IllegalArgumentException: newPosition < 0: (-1128407508 < 0)
	at java.base/java.nio.Buffer.createPositionException(Buffer.java:351)
	at java.base/java.nio.Buffer.position(Buffer.java:326)
	at java.base/java.nio.ByteBuffer.position(ByteBuffer.java:1561)
	at jadx.plugins.input.dex.sections.SectionReader.absPos(SectionReader.java:82)
	at jadx.plugins.input.dex.sections.SectionReader.getString(SectionReader.java:175)
	at jadx.plugins.input.dex.sections.SectionReader.getType(SectionReader.java:165)
	at jadx.plugins.input.dex.insns.DexInsnData.getIndexAsType(DexInsnData.java:126)
	at jadx.core.dex.visitors.usage.UsageInfoVisitor.processInsn(UsageInfoVisitor.java:144)
	at jadx.core.dex.visitors.usage.UsageInfoVisitor.lambda$processInstructions$0(UsageInfoVisitor.java:130)
	at jadx.plugins.input.dex.sections.DexCodeReader.visitInstructions(DexCodeReader.java:86)
	at jadx.core.dex.visitors.usage.UsageInfoVisitor.processInstructions(UsageInfoVisitor.java:128)
	at jadx.core.dex.visitors.usage.UsageInfoVisitor.processMethod(UsageInfoVisitor.java:113)
	at jadx.core.dex.visitors.usage.UsageInfoVisitor.processClass(UsageInfoVisitor.java:101)
	at jadx.core.dex.visitors.usage.UsageInfoVisitor.buildUsageData(UsageInfoVisitor.java:81)
	at jadx.core.dex.visitors.usage.UsageInfoVisitor.init(UsageInfoVisitor.java:65)
	at jadx.core.dex.nodes.RootNode.runPreDecompileStage(RootNode.java:356)
	at jadx.api.JadxDecompiler.load(JadxDecompiler.java:136)
	at jadx.cli.JadxCLI.runSave(JadxCLI.java:71)
	at jadx.cli.JadxCLI.execute(JadxCLI.java:44)
	at jadx.cli.JadxCLI.execute(JadxCLI.java:33)
	at jadx.cli.JadxCLI.main(JadxCLI.java:26)
ERROR - Dependency scan failed at insn: 0x004D: FILLED_NEW_ARRAY r14, r6, r7, r6, r6, r2730, r2731, r2732, r2733, r2734, r2735, r2736, r2737, r2738, r2739 in method: com.shadow.kotlin.collections.ArrayDeque.removeAll(java.util.Collection<? extends java.lang.Object>):boolean, file: /workspace/xh/fixp_148608.dex
java.lang.IllegalArgumentException: newPosition < 0: (-1585131200 < 0)
	at java.base/java.nio.Buffer.createPositionException(Buffer.java:351)
	at java.base/java.nio.Buffer.position(Buffer.java:326)
	at java.base/java.nio.ByteBuffer.position(ByteBuffer.java:1561)
	at jadx.plugins.input.dex.sections.SectionReader.absPos(SectionReader.java:82)
	at jadx.plugins.input.dex.sections.SectionReader.getString(SectionReader.java:175)
	at jadx.plugins.input.dex.sections.SectionReader.getType(SectionReader.java:165)
	at jadx.plugins.input.dex.insns.DexInsnData.getIndexAsType(DexInsnData.java:126)
	at jadx.core.dex.visitors.usage.UsageInfoVisitor.processInsn(UsageInfoVisitor.java:144)
	at jadx.core.dex.visitors.usage.UsageInfoVisitor.lambda$processInstructions$0(UsageInfoVisitor.java:130)
	at jadx.plugins.input.dex.sections.DexCodeReader.visitInstructions(DexCodeReader.java:86)
	at jadx.core.dex.visitors.usage.UsageInfoVisitor.processInstructions(UsageInfoVisitor.java:128)
	at jadx.core.dex.visitors.usage.UsageInfoVisitor.processMethod(UsageInfoVisitor.java:113)
	at jadx.core.dex.visitors.usage.UsageInfoVisitor.processClass(UsageInfoVisitor.java:101)
	at jadx.core.dex.visitors.usage.UsageInfoVisitor.buildUsageData(UsageInfoVisitor.java:81)
	at jadx.core.dex.visitors.usage.UsageInfoVisitor.init(UsageInfoVisitor.java:65)
	at jadx.core.dex.nodes.RootNode.runPreDecompileStage(RootNode.java:356)
	at jadx.api.JadxDecompiler.load(JadxDecompiler.java:136)
	at jadx.cli.JadxCLI.runSave(JadxCLI.java:71)
	at jadx.cli.JadxCLI.execute(JadxCLI.java:44)
	at jadx.cli.JadxCLI.execute(JadxCLI.java:33)
	at jadx.cli.JadxCLI.main(JadxCLI.java:26)
ERROR - Dependency scan failed at insn: 0x0052: INVOKE_INTERFACE_RANGE r62545, r62546, r62547, r62548, r62549, r62550, r62551, r62552, r62553, r62554, r62555, r62556, r62557, r62558, r62559, r62560, r62561, r62562, r62563, r62564, r62565, r62566, r62567, r62568, r62569, r62570, r62571, r62572, r62573, r62574, r62575, r62576, r62577, r62578, r62579, r62580, r62581, r62582, r62583, r62584, r62585, r62586, r62587, r62588, r62589, r62590, r62591, r62592, r62593, r62594, r62595, r62596, r62597, r62598, r62599, r62600, r62601, r62602, r62603, r62604, r62605, r62606, r62607, r62608, r62609, r62610, r62611, r62612, r62613, r62614, r62615, r62616, r62617, r62618, r62619, r62620, r62621, r62622, r62623, r62624, r62625, r62626, r62627, r62628, r62629, r62630, r62631, r62632, r62633, r62634, r62635, r62636, r62637, r62638, r62639, r62640, r62641, r62642 in method: com.shadow.kotlin.collections.ArrayDeque.removeAll(java.util.Collection<? extends java.lang.Object>):boolean, file: /workspace/xh/fixp_148608.dex
java.lang.IllegalArgumentException: newPosition > limit: (1382969193 > 3323492)
	at java.base/java.nio.Buffer.createPositionException(Buffer.java:351)
	at java.base/java.nio.Buffer.position(Buffer.java:326)
	at java.base/java.nio.ByteBuffer.position(ByteBuffer.java:1561)
	at jadx.plugins.input.dex.sections.SectionReader.absPos(SectionReader.java:82)
	at jadx.plugins.input.dex.sections.SectionReader.readTypeListAt(SectionReader.java:141)
	at jadx.plugins.input.dex.sections.SectionReader.loadMethodRef(SectionReader.java:269)
	at jadx.plugins.input.dex.sections.DexMethodRef.load(DexMethodRef.java:28)
	at jadx.core.dex.info.MethodInfo.fromRef(MethodInfo.java:47)
	at jadx.core.dex.visitors.usage.UsageInfoVisitor.processInsn(UsageInfoVisitor.java:165)
	at jadx.core.dex.visitors.usage.UsageInfoVisitor.lambda$processInstructions$0(UsageInfoVisitor.java:130)
	at jadx.plugins.input.dex.sections.DexCodeReader.visitInstructions(DexCodeReader.java:86)
	at jadx.core.dex.visitors.usage.UsageInfoVisitor.processInstructions(UsageInfoVisitor.java:128)
	at jadx.core.dex.visitors.usage.UsageInfoVisitor.processMethod(UsageInfoVisitor.java:113)
	at jadx.core.dex.visitors.usage.UsageInfoVisitor.processClass(UsageInfoVisitor.java:101)
	at jadx.core.dex.visitors.usage.UsageInfoVisitor.buildUsageData(UsageInfoVisitor.java:81)
	at jadx.core.dex.visitors.usage.UsageInfoVisitor.init(UsageInfoVisitor.java:65)
	at jadx.core.dex.nodes.RootNode.runPreDecompileStage(RootNode.java:356)
	at jadx.api.JadxDecompiler.load(JadxDecompiler.java:136)
	at jadx.cli.JadxCLI.runSave(JadxCLI.java:71)
	at jadx.cli.JadxCLI.execute(JadxCLI.java:44)
	at jadx.cli.JadxCLI.execute(JadxCLI.java:33)
	at jadx.cli.JadxCLI.main(JadxCLI.java:26)
ERROR - Dependency scan failed at insn: 0x0056: SPUT r9 in method: com.shadow.kotlin.collections.ArrayDeque.removeAll(java.util.Collection<? extends java.lang.Object>):boolean, file: /workspace/xh/fixp_148608.dex
java.lang.IllegalArgumentException: newPosition < 0: (-777933268 < 0)
	at java.base/java.nio.Buffer.createPositionException(Buffer.java:351)
	at java.base/java.nio.Buffer.position(Buffer.java:326)
	at java.base/java.nio.ByteBuffer.position(ByteBuffer.java:1561)
	at jadx.plugins.input.dex.sections.SectionReader.absPos(SectionReader.java:82)
	at jadx.plugins.input.dex.sections.SectionReader.getString(SectionReader.java:175)
	at jadx.plugins.input.dex.sections.SectionReader.fillFieldData(SectionReader.java:195)
	at jadx.plugins.input.dex.sections.SectionReader.getFieldRef(SectionReader.java:183)
	at jadx.plugins.input.dex.insns.DexInsnData.getIndexAsField(DexInsnData.java:131)
	at jadx.core.dex.visitors.usage.UsageInfoVisitor.processInsn(UsageInfoVisitor.java:150)
	at jadx.core.dex.visitors.usage.UsageInfoVisitor.lambda$processInstructions$0(UsageInfoVisitor.java:130)
	at jadx.plugins.input.dex.sections.DexCodeReader.visitInstructions(DexCodeReader.java:86)
	at jadx.core.dex.visitors.usage.UsageInfoVisitor.processInstructions(UsageInfoVisitor.java:128)
	at jadx.core.dex.visitors.usage.UsageInfoVisitor.processMethod(UsageInfoVisitor.java:113)
	at jadx.core.dex.visitors.usage.UsageInfoVisitor.processClass(UsageInfoVisitor.java:101)
	at jadx.core.dex.visitors.usage.UsageInfoVisitor.buildUsageData(UsageInfoVisitor.java:81)
	at jadx.core.dex.visitors.usage.UsageInfoVisitor.init(UsageInfoVisitor.java:65)
	at jadx.core.dex.nodes.RootNode.runPreDecompileStage(RootNode.java:356)
	at jadx.api.JadxDecompiler.load(JadxDecompiler.java:136)
	at jadx.cli.JadxCLI.runSave(JadxCLI.java:71)
	at jadx.cli.JadxCLI.execute(JadxCLI.java:44)
	at jadx.cli.JadxCLI.execute(JadxCLI.java:33)
	at jadx.cli.JadxCLI.main(JadxCLI.java:26)
ERROR - Dependency scan failed at insn: 0x0076: INVOKE_VIRTUAL r7, r12, r10, r9 in method: com.shadow.kotlin.collections.ArrayDeque.removeAll(java.util.Collection<? extends java.lang.Object>):boolean, file: /workspace/xh/fixp_148608.dex
java.lang.IllegalArgumentException: newPosition < 0: (-1562664485 < 0)
	at java.base/java.nio.Buffer.createPositionException(Buffer.java:351)
	at java.base/java.nio.Buffer.position(Buffer.java:326)
	at java.base/java.nio.ByteBuffer.position(ByteBuffer.java:1561)
	at jadx.plugins.input.dex.sections.SectionReader.absPos(SectionReader.java:82)
	at jadx.plugins.input.dex.sections.SectionReader.readTypeListAt(SectionReader.java:141)
	at jadx.plugins.input.dex.sections.SectionReader.loadMethodRef(SectionReader.java:269)
	at jadx.plugins.input.dex.sections.DexMethodRef.load(DexMethodRef.java:28)
	at jadx.core.dex.info.MethodInfo.fromRef(MethodInfo.java:47)
	at jadx.core.dex.visitors.usage.UsageInfoVisitor.processInsn(UsageInfoVisitor.java:165)
	at jadx.core.dex.visitors.usage.UsageInfoVisitor.lambda$processInstructions$0(UsageInfoVisitor.java:130)
	at jadx.plugins.input.dex.sections.DexCodeReader.visitInstructions(DexCodeReader.java:86)
	at jadx.core.dex.visitors.usage.UsageInfoVisitor.processInstructions(UsageInfoVisitor.java:128)
	at jadx.core.dex.visitors.usage.UsageInfoVisitor.processMethod(UsageInfoVisitor.java:113)
	at jadx.core.dex.visitors.usage.UsageInfoVisitor.processClass(UsageInfoVisitor.java:101)
	at jadx.core.dex.visitors.usage.UsageInfoVisitor.buildUsageData(UsageInfoVisitor.java:81)
	at jadx.core.dex.visitors.usage.UsageInfoVisitor.init(UsageInfoVisitor.java:65)
	at jadx.core.dex.nodes.RootNode.runPreDecompileStage(RootNode.java:356)
	at jadx.api.JadxDecompiler.load(JadxDecompiler.java:136)
	at jadx.cli.JadxCLI.runSave(JadxCLI.java:71)
	at jadx.cli.JadxCLI.execute(JadxCLI.java:44)
	at jadx.cli.JadxCLI.execute(JadxCLI.java:33)
	at jadx.cli.JadxCLI.main(JadxCLI.java:26)
ERROR - Dependency scan failed at insn: 0x007F: IPUT r5, r13 in method: com.shadow.kotlin.collections.ArrayDeque.removeAll(java.util.Collection<? extends java.lang.Object>):boolean, file: /workspace/xh/fixp_148608.dex
java.lang.IllegalArgumentException: newPosition > limit: (483214760 > 3323492)
	at java.base/java.nio.Buffer.createPositionException(Buffer.java:351)
	at java.base/java.nio.Buffer.position(Buffer.java:326)
	at java.base/java.nio.ByteBuffer.position(ByteBuffer.java:1561)
	at jadx.plugins.input.dex.sections.SectionReader.absPos(SectionReader.java:82)
	at jadx.plugins.input.dex.sections.SectionReader.getString(SectionReader.java:175)
	at jadx.plugins.input.dex.sections.SectionReader.getType(SectionReader.java:165)
	at jadx.plugins.input.dex.sections.SectionReader.fillFieldData(SectionReader.java:194)
	at jadx.plugins.input.dex.sections.SectionReader.getFieldRef(SectionReader.java:183)
	at jadx.plugins.input.dex.insns.DexInsnData.getIndexAsField(DexInsnData.java:131)
	at jadx.core.dex.visitors.usage.UsageInfoVisitor.processInsn(UsageInfoVisitor.java:150)
	at jadx.core.dex.visitors.usage.UsageInfoVisitor.lambda$processInstructions$0(UsageInfoVisitor.java:130)
	at jadx.plugins.input.dex.sections.DexCodeReader.visitInstructions(DexCodeReader.java:86)
	at jadx.core.dex.visitors.usage.UsageInfoVisitor.processInstructions(UsageInfoVisitor.java:128)
	at jadx.core.dex.visitors.usage.UsageInfoVisitor.processMethod(UsageInfoVisitor.java:113)
	at jadx.core.dex.visitors.usage.UsageInfoVisitor.processClass(UsageInfoVisitor.java:101)
	at jadx.core.dex.visitors.usage.UsageInfoVisitor.buildUsageData(UsageInfoVisitor.java:81)
	at jadx.core.dex.visitors.usage.UsageInfoVisitor.init(UsageInfoVisitor.java:65)
	at jadx.core.dex.nodes.RootNode.runPreDecompileStage(RootNode.java:356)
	at jadx.api.JadxDecompiler.load(JadxDecompiler.java:136)
	at jadx.cli.JadxCLI.runSave(JadxCLI.java:71)
	at jadx.cli.JadxCLI.execute(JadxCLI.java:44)
	at jadx.cli.JadxCLI.execute(JadxCLI.java:33)
	at jadx.cli.JadxCLI.main(JadxCLI.java:26)
ERROR - Dependency scan failed at insn: 0x0083: IPUT r8, r9 in method: com.shadow.kotlin.collections.ArrayDeque.removeAll(java.util.Collection<? extends java.lang.Object>):boolean, file: /workspace/xh/fixp_148608.dex
java.lang.NullPointerException: Cannot invoke "jadx.core.dex.instructions.args.ArgType.hashCode()" because "this.type" is null
	at jadx.core.dex.info.FieldInfo.hashCode(FieldInfo.java:102)
	at java.base/java.util.HashMap.hash(HashMap.java:338)
	at java.base/java.util.HashMap.getNode(HashMap.java:577)
	at java.base/java.util.HashMap.get(HashMap.java:565)
	at jadx.core.dex.info.InfoStorage.getField(InfoStorage.java:57)
	at jadx.core.dex.info.FieldInfo.fromRef(FieldInfo.java:33)
	at jadx.core.dex.visitors.usage.UsageInfoVisitor.processInsn(UsageInfoVisitor.java:150)
	at jadx.core.dex.visitors.usage.UsageInfoVisitor.lambda$processInstructions$0(UsageInfoVisitor.java:130)
	at jadx.plugins.input.dex.sections.DexCodeReader.visitInstructions(DexCodeReader.java:86)
	at jadx.core.dex.visitors.usage.UsageInfoVisitor.processInstructions(UsageInfoVisitor.java:128)
	at jadx.core.dex.visitors.usage.UsageInfoVisitor.processMethod(UsageInfoVisitor.java:113)
	at jadx.core.dex.visitors.usage.UsageInfoVisitor.processClass(UsageInfoVisitor.java:101)
	at jadx.core.dex.visitors.usage.UsageInfoVisitor.buildUsageData(UsageInfoVisitor.java:81)
	at jadx.core.dex.visitors.usage.UsageInfoVisitor.init(UsageInfoVisitor.java:65)
	at jadx.core.dex.nodes.RootNode.runPreDecompileStage(RootNode.java:356)
	at jadx.api.JadxDecompiler.load(JadxDecompiler.java:136)
	at jadx.cli.JadxCLI.runSave(JadxCLI.java:71)
	at jadx.cli.JadxCLI.execute(JadxCLI.java:44)
	at jadx.cli.JadxCLI.execute(JadxCLI.java:33)
	at jadx.cli.JadxCLI.main(JadxCLI.java:26)
ERROR - Dependency scan failed at insn: 0x0003: IGET r6, r14 in method: com.shadow.kotlin.collections.ArrayDeque.removeAt(int):E, file: /workspace/xh/fixp_148608.dex
java.lang.IllegalArgumentException: newPosition > limit: (347865328 > 3323492)
	at java.base/java.nio.Buffer.createPositionException(Buffer.java:351)
	at java.base/java.nio.Buffer.position(Buffer.java:326)
	at java.base/java.nio.ByteBuffer.position(ByteBuffer.java:1561)
	at jadx.plugins.input.dex.sections.SectionReader.absPos(SectionReader.java:82)
	at jadx.plugins.input.dex.sections.SectionReader.getString(SectionReader.java:175)
	at jadx.plugins.input.dex.sections.SectionReader.fillFieldData(SectionReader.java:195)
	at jadx.plugins.input.dex.sections.SectionReader.getFieldRef(SectionReader.java:183)
	at jadx.plugins.input.dex.insns.DexInsnData.getIndexAsField(DexInsnData.java:131)
	at jadx.core.dex.visitors.usage.UsageInfoVisitor.processInsn(UsageInfoVisitor.java:150)
	at jadx.core.dex.visitors.usage.UsageInfoVisitor.lambda$processInstructions$0(UsageInfoVisitor.java:130)
	at jadx.plugins.input.dex.sections.DexCodeReader.visitInstructions(DexCodeReader.java:86)
	at jadx.core.dex.visitors.usage.UsageInfoVisitor.processInstructions(UsageInfoVisitor.java:128)
	at jadx.core.dex.visitors.usage.UsageInfoVisitor.processMethod(UsageInfoVisitor.java:113)
	at jadx.core.dex.visitors.usage.UsageInfoVisitor.processClass(UsageInfoVisitor.java:101)
	at jadx.core.dex.visitors.usage.UsageInfoVisitor.buildUsageData(UsageInfoVisitor.java:81)
	at jadx.core.dex.visitors.usage.UsageInfoVisitor.init(UsageInfoVisitor.java:65)
	at jadx.core.dex.nodes.RootNode.runPreDecompileStage(RootNode.java:356)
	at jadx.api.JadxDecompiler.load(JadxDecompiler.java:136)
	at jadx.cli.JadxCLI.runSave(JadxCLI.java:71)
	at jadx.cli.JadxCLI.execute(JadxCLI.java:44)
	at jadx.cli.JadxCLI.execute(JadxCLI.java:33)
	at jadx.cli.JadxCLI.main(JadxCLI.java:26)
ERROR - Dependency scan failed at insn: 0x0005: IPUT r6, r14 in method: com.shadow.kotlin.collections.ArrayDeque.removeAt(int):E, file: /workspace/xh/fixp_148608.dex
java.lang.IllegalArgumentException: newPosition < 0: (-1114820120 < 0)
	at java.base/java.nio.Buffer.createPositionException(Buffer.java:351)
	at java.base/java.nio.Buffer.position(Buffer.java:326)
	at java.base/java.nio.ByteBuffer.position(ByteBuffer.java:1561)
	at jadx.plugins.input.dex.sections.SectionReader.absPos(SectionReader.java:82)
	at jadx.plugins.input.dex.sections.SectionReader.getString(SectionReader.java:175)
	at jadx.plugins.input.dex.sections.SectionReader.fillFieldData(SectionReader.java:195)
	at jadx.plugins.input.dex.sections.SectionReader.getFieldRef(SectionReader.java:183)
	at jadx.plugins.input.dex.insns.DexInsnData.getIndexAsField(DexInsnData.java:131)
	at jadx.core.dex.visitors.usage.UsageInfoVisitor.processInsn(UsageInfoVisitor.java:150)
	at jadx.core.dex.visitors.usage.UsageInfoVisitor.lambda$processInstructions$0(UsageInfoVisitor.java:130)
	at jadx.plugins.input.dex.sections.DexCodeReader.visitInstructions(DexCodeReader.java:86)
	at jadx.core.dex.visitors.usage.UsageInfoVisitor.processInstructions(UsageInfoVisitor.java:128)
	at jadx.core.dex.visitors.usage.UsageInfoVisitor.processMethod(UsageInfoVisitor.java:113)
	at jadx.core.dex.visitors.usage.UsageInfoVisitor.processClass(UsageInfoVisitor.java:101)
	at jadx.core.dex.visitors.usage.UsageInfoVisitor.buildUsageData(UsageInfoVisitor.java:81)
	at jadx.core.dex.visitors.usage.UsageInfoVisitor.init(UsageInfoVisitor.java:65)
	at jadx.core.dex.nodes.RootNode.runPreDecompileStage(RootNode.java:356)
	at jadx.api.JadxDecompiler.load(JadxDecompiler.java:136)
	at jadx.cli.JadxCLI.runSave(JadxCLI.java:71)
	at jadx.cli.JadxCLI.execute(JadxCLI.java:44)
	at jadx.cli.JadxCLI.execute(JadxCLI.java:33)
	at jadx.cli.JadxCLI.main(JadxCLI.java:26)
ERROR - Dependency scan failed at insn: 0x0008: NEW_INSTANCE r198 in method: com.shadow.kotlin.collections.ArrayDeque.removeAt(int):E, file: /workspace/xh/fixp_148608.dex
java.lang.IllegalArgumentException: newPosition > limit: (8591552 > 3323492)
	at java.base/java.nio.Buffer.createPositionException(Buffer.java:351)
	at java.base/java.nio.Buffer.position(Buffer.java:326)
	at java.base/java.nio.ByteBuffer.position(ByteBuffer.java:1561)
	at jadx.plugins.input.dex.sections.SectionReader.absPos(SectionReader.java:82)
	at jadx.plugins.input.dex.sections.SectionReader.getString(SectionReader.java:175)
	at jadx.plugins.input.dex.sections.SectionReader.getType(SectionReader.java:165)
	at jadx.plugins.input.dex.insns.DexInsnData.getIndexAsType(DexInsnData.java:126)
	at jadx.core.dex.visitors.usage.UsageInfoVisitor.processInsn(UsageInfoVisitor.java:144)
	at jadx.core.dex.visitors.usage.UsageInfoVisitor.lambda$processInstructions$0(UsageInfoVisitor.java:130)
	at jadx.plugins.input.dex.sections.DexCodeReader.visitInstructions(DexCodeReader.java:86)
	at jadx.core.dex.visitors.usage.UsageInfoVisitor.processInstructions(UsageInfoVisitor.java:128)
	at jadx.core.dex.visitors.usage.UsageInfoVisitor.processMethod(UsageInfoVisitor.java:113)
	at jadx.core.dex.visitors.usage.UsageInfoVisitor.processClass(UsageInfoVisitor.java:101)
	at jadx.core.dex.visitors.usage.UsageInfoVisitor.buildUsageData(UsageInfoVisitor.java:81)
	at jadx.core.dex.visitors.usage.UsageInfoVisitor.init(UsageInfoVisitor.java:65)
	at jadx.core.dex.nodes.RootNode.runPreDecompileStage(RootNode.java:356)
	at jadx.api.JadxDecompiler.load(JadxDecompiler.java:136)
	at jadx.cli.JadxCLI.runSave(JadxCLI.java:71)
	at jadx.cli.JadxCLI.execute(JadxCLI.java:44)
	at jadx.cli.JadxCLI.execute(JadxCLI.java:33)
	at jadx.cli.JadxCLI.main(JadxCLI.java:26)
ERROR - Dependency scan failed at insn: 0x0014: INVOKE_SUPER_RANGE r18774, r18775, r18776, r18777, r18778, r18779, r18780, r18781, r18782, r18783, r18784, r18785, r18786, r18787, r18788, r18789, r18790, r18791, r18792, r18793, r18794, r18795, r18796, r18797, r18798, r18799, r18800, r18801, r18802, r18803, r18804, r18805, r18806, r18807, r18808, r18809, r18810, r18811, r18812, r18813, r18814, r18815, r18816, r18817, r18818, r18819, r18820, r18821, r18822, r18823, r18824, r18825, r18826, r18827, r18828, r18829, r18830, r18831, r18832, r18833, r18834, r18835, r18836, r18837, r18838, r18839, r18840, r18841, r18842, r18843, r18844, r18845, r18846, r18847, r18848, r18849, r18850, r18851, r18852, r18853, r18854, r18855, r18856, r18857, r18858, r18859, r18860, r18861, r18862, r18863, r18864, r18865, r18866, r18867, r18868, r18869, r18870, r18871, r18872, r18873, r18874, r18875, r18876, r18877, r18878, r18879, r18880, r18881, r18882, r18883, r18884, r18885, r18886, r18887, r18888, r18889, r18890, r18891, r18892, r18893, r18894, r18895, r18896, r18897, r18898, r18899, r18900, r18901, r18902, r18903, r18904, r18905, r18906, r18907, r18908, r18909, r18910, r18911, r18912, r18913, r18914, r18915, r18916, r18917, r18918, r18919, r18920, r18921, r18922, r18923, r18924, r18925, r18926, r18927, r18928, r18929, r18930, r18931, r18932, r18933, r18934, r18935, r18936, r18937, r18938, r18939, r18940, r18941, r18942, r18943, r18944, r18945, r18946, r18947, r18948, r18949, r18950, r18951, r18952, r18953, r18954, r18955, r18956, r18957, r18958, r18959, r18960, r18961, r18962, r18963, r18964, r18965, r18966, r18967, r18968, r18969, r18970, r18971, r18972, r18973, r18974, r18975, r18976, r18977, r18978, r18979, r18980, r18981, r18982, r18983, r18984, r18985, r18986, r18987, r18988, r18989 in method: com.shadow.kotlin.collections.ArrayDeque.removeAt(int):E, file: /workspace/xh/fixp_148608.dex
java.lang.IllegalArgumentException: newPosition > limit: (1333358703 > 3323492)
	at java.base/java.nio.Buffer.createPositionException(Buffer.java:351)
	at java.base/java.nio.Buffer.position(Buffer.java:326)
	at java.base/java.nio.ByteBuffer.position(ByteBuffer.java:1561)
	at jadx.plugins.input.dex.sections.SectionReader.absPos(SectionReader.java:82)
	at jadx.plugins.input.dex.sections.SectionReader.readTypeListAt(SectionReader.java:141)
	at jadx.plugins.input.dex.sections.SectionReader.loadMethodRef(SectionReader.java:269)
	at jadx.plugins.input.dex.sections.DexMethodRef.load(DexMethodRef.java:28)
	at jadx.core.dex.info.MethodInfo.fromRef(MethodInfo.java:47)
	at jadx.core.dex.visitors.usage.UsageInfoVisitor.processInsn(UsageInfoVisitor.java:165)
	at jadx.core.dex.visitors.usage.UsageInfoVisitor.lambda$processInstructions$0(UsageInfoVisitor.java:130)
	at jadx.plugins.input.dex.sections.DexCodeReader.visitInstructions(DexCodeReader.java:86)
	at jadx.core.dex.visitors.usage.UsageInfoVisitor.processInstructions(UsageInfoVisitor.java:128)
	at jadx.core.dex.visitors.usage.UsageInfoVisitor.processMethod(UsageInfoVisitor.java:113)
	at jadx.core.dex.visitors.usage.UsageInfoVisitor.processClass(UsageInfoVisitor.java:101)
	at jadx.core.dex.visitors.usage.UsageInfoVisitor.buildUsageData(UsageInfoVisitor.java:81)
	at jadx.core.dex.visitors.usage.UsageInfoVisitor.init(UsageInfoVisitor.java:65)
	at jadx.core.dex.nodes.RootNode.runPreDecompileStage(RootNode.java:356)
	at jadx.api.JadxDecompiler.load(JadxDecompiler.java:136)
	at jadx.cli.JadxCLI.runSave(JadxCLI.java:71)
	at jadx.cli.JadxCLI.execute(JadxCLI.java:44)
	at jadx.cli.JadxCLI.execute(JadxCLI.java:33)
	at jadx.cli.JadxCLI.main(JadxCLI.java:26)
ERROR - Dependency scan failed at insn: 0x0019: INVOKE_INTERFACE_RANGE r18865, r18866, r18867, r18868, r18869, r18870, r18871, r18872, r18873, r18874, r18875, r18876, r18877, r18878, r18879, r18880, r18881, r18882, r18883, r18884, r18885, r18886, r18887, r18888, r18889, r18890, r18891, r18892, r18893, r18894, r18895, r18896, r18897, r18898, r18899, r18900, r18901, r18902, r18903, r18904, r18905, r18906, r18907, r18908, r18909, r18910, r18911, r18912, r18913, r18914, r18915, r18916, r18917, r18918, r18919, r18920, r18921, r18922, r18923, r18924, r18925, r18926, r18927, r18928, r18929, r18930, r18931, r18932, r18933, r18934, r18935, r18936, r18937, r18938, r18939, r18940, r18941, r18942, r18943, r18944, r18945, r18946, r18947, r18948, r18949, r18950, r18951, r18952, r18953, r18954, r18955, r18956, r18957, r18958, r18959, r18960, r18961, r18962, r18963, r18964, r18965, r18966, r18967, r18968, r18969, r18970, r18971, r18972, r18973, r18974, r18975, r18976, r18977, r18978, r18979, r18980, r18981, r18982, r18983, r18984, r18985, r18986, r18987, r18988, r18989, r18990, r18991, r18992, r18993, r18994, r18995, r18996, r18997, r18998, r18999, r19000 in method: com.shadow.kotlin.collections.ArrayDeque.removeAt(int):E, file: /workspace/xh/fixp_148608.dex
java.lang.IllegalArgumentException: newPosition < 0: (-610083941 < 0)
	at java.base/java.nio.Buffer.createPositionException(Buffer.java:351)
	at java.base/java.nio.Buffer.position(Buffer.java:326)
	at java.base/java.nio.ByteBuffer.position(ByteBuffer.java:1561)
	at jadx.plugins.input.dex.sections.SectionReader.absPos(SectionReader.java:82)
	at jadx.plugins.input.dex.sections.SectionReader.readTypeListAt(SectionReader.java:141)
	at jadx.plugins.input.dex.sections.SectionReader.loadMethodRef(SectionReader.java:269)
	at jadx.plugins.input.dex.sections.DexMethodRef.load(DexMethodRef.java:28)
	at jadx.core.dex.info.MethodInfo.fromRef(MethodInfo.java:47)
	at jadx.core.dex.visitors.usage.UsageInfoVisitor.processInsn(UsageInfoVisitor.java:165)
	at jadx.core.dex.visitors.usage.UsageInfoVisitor.lambda$processInstructions$0(UsageInfoVisitor.java:130)
	at jadx.plugins.input.dex.sections.DexCodeReader.visitInstructions(DexCodeReader.java:86)
	at jadx.core.dex.visitors.usage.UsageInfoVisitor.processInstructions(UsageInfoVisitor.java:128)
	at jadx.core.dex.visitors.usage.UsageInfoVisitor.processMethod(UsageInfoVisitor.java:113)
	at jadx.core.dex.visitors.usage.UsageInfoVisitor.processClass(UsageInfoVisitor.java:101)
	at jadx.core.dex.visitors.usage.UsageInfoVisitor.buildUsageData(UsageInfoVisitor.java:81)
	at jadx.core.dex.visitors.usage.UsageInfoVisitor.init(UsageInfoVisitor.java:65)
	at jadx.core.dex.nodes.RootNode.runPreDecompileStage(RootNode.java:356)
	at jadx.api.JadxDecompiler.load(JadxDecompiler.java:136)
	at jadx.cli.JadxCLI.runSave(JadxCLI.java:71)
	at jadx.cli.JadxCLI.execute(JadxCLI.java:44)
	at jadx.cli.JadxCLI.execute(JadxCLI.java:33)
	at jadx.cli.JadxCLI.main(JadxCLI.java:26)
ERROR - Dependency scan failed at insn: 0x001C: CONST_CLASS r205 in method: com.shadow.kotlin.collections.ArrayDeque.removeAt(int):E, file: /workspace/xh/fixp_148608.dex
java.lang.IllegalArgumentException: newPosition > limit: (59773484 > 3323492)
	at java.base/java.nio.Buffer.createPositionException(Buffer.java:351)
	at java.base/java.nio.Buffer.position(Buffer.java:326)
	at java.base/java.nio.ByteBuffer.position(ByteBuffer.java:1561)
	at jadx.plugins.input.dex.sections.SectionReader.absPos(SectionReader.java:82)
	at jadx.plugins.input.dex.sections.SectionReader.getString(SectionReader.java:175)
	at jadx.plugins.input.dex.sections.SectionReader.getType(SectionReader.java:165)
	at jadx.plugins.input.dex.insns.DexInsnData.getIndexAsType(DexInsnData.java:126)
	at jadx.core.dex.visitors.usage.UsageInfoVisitor.processInsn(UsageInfoVisitor.java:144)
	at jadx.core.dex.visitors.usage.UsageInfoVisitor.lambda$processInstructions$0(UsageInfoVisitor.java:130)
	at jadx.plugins.input.dex.sections.DexCodeReader.visitInstructions(DexCodeReader.java:86)
	at jadx.core.dex.visitors.usage.UsageInfoVisitor.processInstructions(UsageInfoVisitor.java:128)
	at jadx.core.dex.visitors.usage.UsageInfoVisitor.processMethod(UsageInfoVisitor.java:113)
	at jadx.core.dex.visitors.usage.UsageInfoVisitor.processClass(UsageInfoVisitor.java:101)
	at jadx.core.dex.visitors.usage.UsageInfoVisitor.buildUsageData(UsageInfoVisitor.java:81)
	at jadx.core.dex.visitors.usage.UsageInfoVisitor.init(UsageInfoVisitor.java:65)
	at jadx.core.dex.nodes.RootNode.runPreDecompileStage(RootNode.java:356)
	at jadx.api.JadxDecompiler.load(JadxDecompiler.java:136)
	at jadx.cli.JadxCLI.runSave(JadxCLI.java:71)
	at jadx.cli.JadxCLI.execute(JadxCLI.java:44)
	at jadx.cli.JadxCLI.execute(JadxCLI.java:33)
	at jadx.cli.JadxCLI.main(JadxCLI.java:26)
ERROR - Dependency scan failed at insn: 0x001E: SGET r72 in method: com.shadow.kotlin.collections.ArrayDeque.removeAt(int):E, file: /workspace/xh/fixp_148608.dex
java.lang.IllegalArgumentException: newPosition < 0: (-2052993748 < 0)
	at java.base/java.nio.Buffer.createPositionException(Buffer.java:351)
	at java.base/java.nio.Buffer.position(Buffer.java:326)
	at java.base/java.nio.ByteBuffer.position(ByteBuffer.java:1561)
	at jadx.plugins.input.dex.sections.SectionReader.absPos(SectionReader.java:82)
	at jadx.plugins.input.dex.sections.SectionReader.getString(SectionReader.java:175)
	at jadx.plugins.input.dex.sections.SectionReader.getType(SectionReader.java:165)
	at jadx.plugins.input.dex.sections.SectionReader.fillFieldData(SectionReader.java:194)
	at jadx.plugins.input.dex.sections.SectionReader.getFieldRef(SectionReader.java:183)
	at jadx.plugins.input.dex.insns.DexInsnData.getIndexAsField(DexInsnData.java:131)
	at jadx.core.dex.visitors.usage.UsageInfoVisitor.processInsn(UsageInfoVisitor.java:150)
	at jadx.core.dex.visitors.usage.UsageInfoVisitor.lambda$processInstructions$0(UsageInfoVisitor.java:130)
	at jadx.plugins.input.dex.sections.DexCodeReader.visitInstructions(DexCodeReader.java:86)
	at jadx.core.dex.visitors.usage.UsageInfoVisitor.processInstructions(UsageInfoVisitor.java:128)
	at jadx.core.dex.visitors.usage.UsageInfoVisitor.processMethod(UsageInfoVisitor.java:113)
	at jadx.core.dex.visitors.usage.UsageInfoVisitor.processClass(UsageInfoVisitor.java:101)
	at jadx.core.dex.visitors.usage.UsageInfoVisitor.buildUsageData(UsageInfoVisitor.java:81)
	at jadx.core.dex.visitors.usage.UsageInfoVisitor.init(UsageInfoVisitor.java:65)
	at jadx.core.dex.nodes.RootNode.runPreDecompileStage(RootNode.java:356)
	at jadx.api.JadxDecompiler.load(JadxDecompiler.java:136)
	at jadx.cli.JadxCLI.runSave(JadxCLI.java:71)
	at jadx.cli.JadxCLI.execute(JadxCLI.java:44)
	at jadx.cli.JadxCLI.execute(JadxCLI.java:33)
	at jadx.cli.JadxCLI.main(JadxCLI.java:26)
ERROR - Dependency scan failed at insn: 0x0020: IGET r1, r14 in method: com.shadow.kotlin.collections.ArrayDeque.removeAt(int):E, file: /workspace/xh/fixp_148608.dex
java.lang.IllegalArgumentException: newPosition < 0: (-1785611884 < 0)
	at java.base/java.nio.Buffer.createPositionException(Buffer.java:351)
	at java.base/java.nio.Buffer.position(Buffer.java:326)
	at java.base/java.nio.ByteBuffer.position(ByteBuffer.java:1561)
	at jadx.plugins.input.dex.sections.SectionReader.absPos(SectionReader.java:82)
	at jadx.plugins.input.dex.sections.SectionReader.getString(SectionReader.java:175)
	at jadx.plugins.input.dex.sections.SectionReader.fillFieldData(SectionReader.java:195)
	at jadx.plugins.input.dex.sections.SectionReader.getFieldRef(SectionReader.java:183)
	at jadx.plugins.input.dex.insns.DexInsnData.getIndexAsField(DexInsnData.java:131)
	at jadx.core.dex.visitors.usage.UsageInfoVisitor.processInsn(UsageInfoVisitor.java:150)
	at jadx.core.dex.visitors.usage.UsageInfoVisitor.lambda$processInstructions$0(UsageInfoVisitor.java:130)
	at jadx.plugins.input.dex.sections.DexCodeReader.visitInstructions(DexCodeReader.java:86)
	at jadx.core.dex.visitors.usage.UsageInfoVisitor.processInstructions(UsageInfoVisitor.java:128)
	at jadx.core.dex.visitors.usage.UsageInfoVisitor.processMethod(UsageInfoVisitor.java:113)
	at jadx.core.dex.visitors.usage.UsageInfoVisitor.processClass(UsageInfoVisitor.java:101)
	at jadx.core.dex.visitors.usage.UsageInfoVisitor.buildUsageData(UsageInfoVisitor.java:81)
	at jadx.core.dex.visitors.usage.UsageInfoVisitor.init(UsageInfoVisitor.java:65)
	at jadx.core.dex.nodes.RootNode.runPreDecompileStage(RootNode.java:356)
	at jadx.api.JadxDecompiler.load(JadxDecompiler.java:136)
	at jadx.cli.JadxCLI.runSave(JadxCLI.java:71)
	at jadx.cli.JadxCLI.execute(JadxCLI.java:44)
	at jadx.cli.JadxCLI.execute(JadxCLI.java:33)
	at jadx.cli.JadxCLI.main(JadxCLI.java:26)
ERROR - Dependency scan failed at insn: 0x0023: FILLED_NEW_ARRAY_RANGE r59399, r59400, r59401, r59402, r59403, r59404, r59405, r59406, r59407, r59408, r59409, r59410, r59411, r59412, r59413, r59414, r59415, r59416, r59417, r59418, r59419, r59420, r59421, r59422, r59423, r59424, r59425, r59426, r59427, r59428, r59429, r59430, r59431, r59432, r59433, r59434, r59435, r59436, r59437, r59438, r59439, r59440, r59441, r59442, r59443, r59444, r59445, r59446, r59447, r59448, r59449, r59450, r59451, r59452, r59453, r59454, r59455, r59456, r59457, r59458, r59459, r59460, r59461, r59462, r59463, r59464, r59465, r59466, r59467, r59468, r59469, r59470, r59471, r59472, r59473, r59474, r59475, r59476, r59477, r59478, r59479, r59480, r59481, r59482, r59483, r59484, r59485, r59486, r59487, r59488, r59489, r59490, r59491, r59492, r59493, r59494, r59495, r59496, r59497, r59498 in method: com.shadow.kotlin.collections.ArrayDeque.removeAt(int):E, file: /workspace/xh/fixp_148608.dex
java.lang.IllegalArgumentException: newPosition < 0: (-1866615224 < 0)
	at java.base/java.nio.Buffer.createPositionException(Buffer.java:351)
	at java.base/java.nio.Buffer.position(Buffer.java:326)
	at java.base/java.nio.ByteBuffer.position(ByteBuffer.java:1561)
	at jadx.plugins.input.dex.sections.SectionReader.absPos(SectionReader.java:82)
	at jadx.plugins.input.dex.sections.SectionReader.getString(SectionReader.java:175)
	at jadx.plugins.input.dex.sections.SectionReader.getType(SectionReader.java:165)
	at jadx.plugins.input.dex.insns.DexInsnData.getIndexAsType(DexInsnData.java:126)
	at jadx.core.dex.visitors.usage.UsageInfoVisitor.processInsn(UsageInfoVisitor.java:144)
	at jadx.core.dex.visitors.usage.UsageInfoVisitor.lambda$processInstructions$0(UsageInfoVisitor.java:130)
	at jadx.plugins.input.dex.sections.DexCodeReader.visitInstructions(DexCodeReader.java:86)
	at jadx.core.dex.visitors.usage.UsageInfoVisitor.processInstructions(UsageInfoVisitor.java:128)
	at jadx.core.dex.visitors.usage.UsageInfoVisitor.processMethod(UsageInfoVisitor.java:113)
	at jadx.core.dex.visitors.usage.UsageInfoVisitor.processClass(UsageInfoVisitor.java:101)
	at jadx.core.dex.visitors.usage.UsageInfoVisitor.buildUsageData(UsageInfoVisitor.java:81)
	at jadx.core.dex.visitors.usage.UsageInfoVisitor.init(UsageInfoVisitor.java:65)
	at jadx.core.dex.nodes.RootNode.runPreDecompileStage(RootNode.java:356)
	at jadx.api.JadxDecompiler.load(JadxDecompiler.java:136)
	at jadx.cli.JadxCLI.runSave(JadxCLI.java:71)
	at jadx.cli.JadxCLI.execute(JadxCLI.java:44)
	at jadx.cli.JadxCLI.execute(JadxCLI.java:33)
	at jadx.cli.JadxCLI.main(JadxCLI.java:26)
ERROR - Dependency scan failed at insn: 0x002E: CHECK_CAST r36 in method: com.shadow.kotlin.collections.ArrayDeque.removeAt(int):E, file: /workspace/xh/fixp_148608.dex
java.lang.IllegalArgumentException: newPosition > limit: (297536612 > 3323492)
	at java.base/java.nio.Buffer.createPositionException(Buffer.java:351)
	at java.base/java.nio.Buffer.position(Buffer.java:326)
	at java.base/java.nio.ByteBuffer.position(ByteBuffer.java:1561)
	at jadx.plugins.input.dex.sections.SectionReader.absPos(SectionReader.java:82)
	at jadx.plugins.input.dex.sections.SectionReader.getString(SectionReader.java:175)
	at jadx.plugins.input.dex.sections.SectionReader.getType(SectionReader.java:165)
	at jadx.plugins.input.dex.insns.DexInsnData.getIndexAsType(DexInsnData.java:126)
	at jadx.core.dex.visitors.usage.UsageInfoVisitor.processInsn(UsageInfoVisitor.java:144)
	at jadx.core.dex.visitors.usage.UsageInfoVisitor.lambda$processInstructions$0(UsageInfoVisitor.java:130)
	at jadx.plugins.input.dex.sections.DexCodeReader.visitInstructions(DexCodeReader.java:86)
	at jadx.core.dex.visitors.usage.UsageInfoVisitor.processInstructions(UsageInfoVisitor.java:128)
	at jadx.core.dex.visitors.usage.UsageInfoVisitor.processMethod(UsageInfoVisitor.java:113)
	at jadx.core.dex.visitors.usage.UsageInfoVisitor.processClass(UsageInfoVisitor.java:101)
	at jadx.core.dex.visitors.usage.UsageInfoVisitor.buildUsageData(UsageInfoVisitor.java:81)
	at jadx.core.dex.visitors.usage.UsageInfoVisitor.init(UsageInfoVisitor.java:65)
	at jadx.core.dex.nodes.RootNode.runPreDecompileStage(RootNode.java:356)
	at jadx.api.JadxDecompiler.load(JadxDecompiler.java:136)
	at jadx.cli.JadxCLI.runSave(JadxCLI.java:71)
	at jadx.cli.JadxCLI.execute(JadxCLI.java:44)
	at jadx.cli.JadxCLI.execute(JadxCLI.java:33)
	at jadx.cli.JadxCLI.main(JadxCLI.java:26)
ERROR - Dependency scan failed at insn: 0x0044: IGET r15, r13 in method: com.shadow.kotlin.collections.ArrayDeque.removeAt(int):E, file: /workspace/xh/fixp_148608.dex
java.lang.IllegalArgumentException: newPosition > limit: (484709480 > 3323492)
	at java.base/java.nio.Buffer.createPositionException(Buffer.java:351)
	at java.base/java.nio.Buffer.position(Buffer.java:326)
	at java.base/java.nio.ByteBuffer.position(ByteBuffer.java:1561)
	at jadx.plugins.input.dex.sections.SectionReader.absPos(SectionReader.java:82)
	at jadx.plugins.input.dex.sections.SectionReader.getString(SectionReader.java:175)
	at jadx.plugins.input.dex.sections.SectionReader.getType(SectionReader.java:165)
	at jadx.plugins.input.dex.sections.SectionReader.fillFieldData(SectionReader.java:194)
	at jadx.plugins.input.dex.sections.SectionReader.getFieldRef(SectionReader.java:183)
	at jadx.plugins.input.dex.insns.DexInsnData.getIndexAsField(DexInsnData.java:131)
	at jadx.core.dex.visitors.usage.UsageInfoVisitor.processInsn(UsageInfoVisitor.java:150)
	at jadx.core.dex.visitors.usage.UsageInfoVisitor.lambda$processInstructions$0(UsageInfoVisitor.java:130)
	at jadx.plugins.input.dex.sections.DexCodeReader.visitInstructions(DexCodeReader.java:86)
	at jadx.core.dex.visitors.usage.UsageInfoVisitor.processInstructions(UsageInfoVisitor.java:128)
	at jadx.core.dex.visitors.usage.UsageInfoVisitor.processMethod(UsageInfoVisitor.java:113)
	at jadx.core.dex.visitors.usage.UsageInfoVisitor.processClass(UsageInfoVisitor.java:101)
	at jadx.core.dex.visitors.usage.UsageInfoVisitor.buildUsageData(UsageInfoVisitor.java:81)
	at jadx.core.dex.visitors.usage.UsageInfoVisitor.init(UsageInfoVisitor.java:65)
	at jadx.core.dex.nodes.RootNode.runPreDecompileStage(RootNode.java:356)
	at jadx.api.JadxDecompiler.load(JadxDecompiler.java:136)
	at jadx.cli.JadxCLI.runSave(JadxCLI.java:71)
	at jadx.cli.JadxCLI.execute(JadxCLI.java:44)
	at jadx.cli.JadxCLI.execute(JadxCLI.java:33)
	at jadx.cli.JadxCLI.main(JadxCLI.java:26)
ERROR - Dependency scan failed at insn: 0x0057: IPUT r3, r9 in method: com.shadow.kotlin.collections.ArrayDeque.removeAt(int):E, file: /workspace/xh/fixp_148608.dex
java.lang.IllegalArgumentException: newPosition > limit: (1494026688 > 3323492)
	at java.base/java.nio.Buffer.createPositionException(Buffer.java:351)
	at java.base/java.nio.Buffer.position(Buffer.java:326)
	at java.base/java.nio.ByteBuffer.position(ByteBuffer.java:1561)
	at jadx.plugins.input.dex.sections.SectionReader.absPos(SectionReader.java:82)
	at jadx.plugins.input.dex.sections.SectionReader.getString(SectionReader.java:175)
	at jadx.plugins.input.dex.sections.SectionReader.getType(SectionReader.java:165)
	at jadx.plugins.input.dex.sections.SectionReader.fillFieldData(SectionReader.java:194)
	at jadx.plugins.input.dex.sections.SectionReader.getFieldRef(SectionReader.java:183)
	at jadx.plugins.input.dex.insns.DexInsnData.getIndexAsField(DexInsnData.java:131)
	at jadx.core.dex.visitors.usage.UsageInfoVisitor.processInsn(UsageInfoVisitor.java:150)
	at jadx.core.dex.visitors.usage.UsageInfoVisitor.lambda$processInstructions$0(UsageInfoVisitor.java:130)
	at jadx.plugins.input.dex.sections.DexCodeReader.visitInstructions(DexCodeReader.java:86)
	at jadx.core.dex.visitors.usage.UsageInfoVisitor.processInstructions(UsageInfoVisitor.java:128)
	at jadx.core.dex.visitors.usage.UsageInfoVisitor.processMethod(UsageInfoVisitor.java:113)
	at jadx.core.dex.visitors.usage.UsageInfoVisitor.processClass(UsageInfoVisitor.java:101)
	at jadx.core.dex.visitors.usage.UsageInfoVisitor.buildUsageData(UsageInfoVisitor.java:81)
	at jadx.core.dex.visitors.usage.UsageInfoVisitor.init(UsageInfoVisitor.java:65)
	at jadx.core.dex.nodes.RootNode.runPreDecompileStage(RootNode.java:356)
	at jadx.api.JadxDecompiler.load(JadxDecompiler.java:136)
	at jadx.cli.JadxCLI.runSave(JadxCLI.java:71)
	at jadx.cli.JadxCLI.execute(JadxCLI.java:44)
	at jadx.cli.JadxCLI.execute(JadxCLI.java:33)
	at jadx.cli.JadxCLI.main(JadxCLI.java:26)
ERROR - Dependency scan failed at insn: 0x0062: INVOKE_DIRECT_RANGE r47039, r47040, r47041, r47042, r47043, r47044, r47045, r47046, r47047, r47048, r47049, r47050, r47051, r47052, r47053, r47054, r47055, r47056, r47057, r47058, r47059, r47060, r47061, r47062, r47063, r47064, r47065, r47066, r47067, r47068, r47069, r47070, r47071, r47072, r47073, r47074, r47075, r47076, r47077, r47078, r47079, r47080, r47081, r47082, r47083, r47084, r47085, r47086, r47087, r47088, r47089, r47090, r47091, r47092, r47093, r47094, r47095, r47096, r47097, r47098, r47099, r47100, r47101, r47102, r47103, r47104, r47105, r47106, r47107, r47108, r47109, r47110, r47111, r47112, r47113, r47114, r47115, r47116, r47117, r47118, r47119, r47120, r47121, r47122, r47123, r47124, r47125, r47126, r47127, r47128, r47129, r47130, r47131, r47132, r47133, r47134, r47135, r47136, r47137, r47138, r47139, r47140, r47141, r47142, r47143, r47144, r47145, r47146, r47147, r47148, r47149, r47150, r47151, r47152, r47153, r47154, r47155, r47156, r47157, r47158, r47159, r47160, r47161, r47162, r47163, r47164, r47165, r47166, r47167, r47168, r47169, r47170, r47171, r47172, r47173, r47174, r47175, r47176, r47177, r47178, r47179, r47180, r47181, r47182, r47183, r47184, r47185, r47186, r47187, r47188, r47189, r47190, r47191, r47192, r47193, r47194, r47195, r47196, r47197, r47198, r47199, r47200, r47201, r47202, r47203, r47204, r47205, r47206, r47207, r47208, r47209, r47210, r47211, r47212, r47213, r47214 in method: com.shadow.kotlin.collections.ArrayDeque.removeAt(int):E, file: /workspace/xh/fixp_148608.dex
java.lang.IllegalArgumentException: newPosition < 0: (-1478780197 < 0)
	at java.base/java.nio.Buffer.createPositionException(Buffer.java:351)
	at java.base/java.nio.Buffer.position(Buffer.java:326)
	at java.base/java.nio.ByteBuffer.position(ByteBuffer.java:1561)
	at jadx.plugins.input.dex.sections.SectionReader.absPos(SectionReader.java:82)
	at jadx.plugins.input.dex.sections.SectionReader.readTypeListAt(SectionReader.java:141)
	at jadx.plugins.input.dex.sections.SectionReader.loadMethodRef(SectionReader.java:269)
	at jadx.plugins.input.dex.sections.DexMethodRef.load(DexMethodRef.java:28)
	at jadx.core.dex.info.MethodInfo.fromRef(MethodInfo.java:47)
	at jadx.core.dex.visitors.usage.UsageInfoVisitor.processInsn(UsageInfoVisitor.java:165)
	at jadx.core.dex.visitors.usage.UsageInfoVisitor.lambda$processInstructions$0(UsageInfoVisitor.java:130)
	at jadx.plugins.input.dex.sections.DexCodeReader.visitInstructions(DexCodeReader.java:86)
	at jadx.core.dex.visitors.usage.UsageInfoVisitor.processInstructions(UsageInfoVisitor.java:128)
	at jadx.core.dex.visitors.usage.UsageInfoVisitor.processMethod(UsageInfoVisitor.java:113)
	at jadx.core.dex.visitors.usage.UsageInfoVisitor.processClass(UsageInfoVisitor.java:101)
	at jadx.core.dex.visitors.usage.UsageInfoVisitor.buildUsageData(UsageInfoVisitor.java:81)
	at jadx.core.dex.visitors.usage.UsageInfoVisitor.init(UsageInfoVisitor.java:65)
	at jadx.core.dex.nodes.RootNode.runPreDecompileStage(RootNode.java:356)
	at jadx.api.JadxDecompiler.load(JadxDecompiler.java:136)
	at jadx.cli.JadxCLI.runSave(JadxCLI.java:71)
	at jadx.cli.JadxCLI.execute(JadxCLI.java:44)
	at jadx.cli.JadxCLI.execute(JadxCLI.java:33)
	at jadx.cli.JadxCLI.main(JadxCLI.java:26)
ERROR - Dependency scan failed at insn: 0x0070: NEW_ARRAY r4, r4 in method: com.shadow.kotlin.collections.ArrayDeque.removeAt(int):E, file: /workspace/xh/fixp_148608.dex
java.lang.IllegalArgumentException: newPosition > limit: (230270452 > 3323492)
	at java.base/java.nio.Buffer.createPositionException(Buffer.java:351)
	at java.base/java.nio.Buffer.position(Buffer.java:326)
	at java.base/java.nio.ByteBuffer.position(ByteBuffer.java:1561)
	at jadx.plugins.input.dex.sections.SectionReader.absPos(SectionReader.java:82)
	at jadx.plugins.input.dex.sections.SectionReader.getString(SectionReader.java:175)
	at jadx.plugins.input.dex.sections.SectionReader.getType(SectionReader.java:165)
	at jadx.plugins.input.dex.insns.DexInsnData.getIndexAsType(DexInsnData.java:126)
	at jadx.core.dex.visitors.usage.UsageInfoVisitor.processInsn(UsageInfoVisitor.java:144)
	at jadx.core.dex.visitors.usage.UsageInfoVisitor.lambda$processInstructions$0(UsageInfoVisitor.java:130)
	at jadx.plugins.input.dex.sections.DexCodeReader.visitInstructions(DexCodeReader.java:86)
	at jadx.core.dex.visitors.usage.UsageInfoVisitor.processInstructions(UsageInfoVisitor.java:128)
	at jadx.core.dex.visitors.usage.UsageInfoVisitor.processMethod(UsageInfoVisitor.java:113)
	at jadx.core.dex.visitors.usage.UsageInfoVisitor.processClass(UsageInfoVisitor.java:101)
	at jadx.core.dex.visitors.usage.UsageInfoVisitor.buildUsageData(UsageInfoVisitor.java:81)
	at jadx.core.dex.visitors.usage.UsageInfoVisitor.init(UsageInfoVisitor.java:65)
	at jadx.core.dex.nodes.RootNode.runPreDecompileStage(RootNode.java:356)
	at jadx.api.JadxDecompiler.load(JadxDecompiler.java:136)
	at jadx.cli.JadxCLI.runSave(JadxCLI.java:71)
	at jadx.cli.JadxCLI.execute(JadxCLI.java:44)
	at jadx.cli.JadxCLI.execute(JadxCLI.java:33)
	at jadx.cli.JadxCLI.main(JadxCLI.java:26)
ERROR - Dependency scan failed at insn: 0x0078: IGET r9, r10 in method: com.shadow.kotlin.collections.ArrayDeque.removeAt(int):E, file: /workspace/xh/fixp_148608.dex
java.lang.IllegalArgumentException: newPosition < 0: (-518669908 < 0)
	at java.base/java.nio.Buffer.createPositionException(Buffer.java:351)
	at java.base/java.nio.Buffer.position(Buffer.java:326)
	at java.base/java.nio.ByteBuffer.position(ByteBuffer.java:1561)
	at jadx.plugins.input.dex.sections.SectionReader.absPos(SectionReader.java:82)
	at jadx.plugins.input.dex.sections.SectionReader.getString(SectionReader.java:175)
	at jadx.plugins.input.dex.sections.SectionReader.fillFieldData(SectionReader.java:195)
	at jadx.plugins.input.dex.sections.SectionReader.getFieldRef(SectionReader.java:183)
	at jadx.plugins.input.dex.insns.DexInsnData.getIndexAsField(DexInsnData.java:131)
	at jadx.core.dex.visitors.usage.UsageInfoVisitor.processInsn(UsageInfoVisitor.java:150)
	at jadx.core.dex.visitors.usage.UsageInfoVisitor.lambda$processInstructions$0(UsageInfoVisitor.java:130)
	at jadx.plugins.input.dex.sections.DexCodeReader.visitInstructions(DexCodeReader.java:86)
	at jadx.core.dex.visitors.usage.UsageInfoVisitor.processInstructions(UsageInfoVisitor.java:128)
	at jadx.core.dex.visitors.usage.UsageInfoVisitor.processMethod(UsageInfoVisitor.java:113)
	at jadx.core.dex.visitors.usage.UsageInfoVisitor.processClass(UsageInfoVisitor.java:101)
	at jadx.core.dex.visitors.usage.UsageInfoVisitor.buildUsageData(UsageInfoVisitor.java:81)
	at jadx.core.dex.visitors.usage.UsageInfoVisitor.init(UsageInfoVisitor.java:65)
	at jadx.core.dex.nodes.RootNode.runPreDecompileStage(RootNode.java:356)
	at jadx.api.JadxDecompiler.load(JadxDecompiler.java:136)
	at jadx.cli.JadxCLI.runSave(JadxCLI.java:71)
	at jadx.cli.JadxCLI.execute(JadxCLI.java:44)
	at jadx.cli.JadxCLI.execute(JadxCLI.java:33)
	at jadx.cli.JadxCLI.main(JadxCLI.java:26)
ERROR - Dependency scan failed at insn: 0x0081: IGET r3, r12 in method: com.shadow.kotlin.collections.ArrayDeque.removeAt(int):E, file: /workspace/xh/fixp_148608.dex
java.lang.IllegalArgumentException: newPosition < 0: (-1181369812 < 0)
	at java.base/java.nio.Buffer.createPositionException(Buffer.java:351)
	at java.base/java.nio.Buffer.position(Buffer.java:326)
	at java.base/java.nio.ByteBuffer.position(ByteBuffer.java:1561)
	at jadx.plugins.input.dex.sections.SectionReader.absPos(SectionReader.java:82)
	at jadx.plugins.input.dex.sections.SectionReader.getString(SectionReader.java:175)
	at jadx.plugins.input.dex.sections.SectionReader.fillFieldData(SectionReader.java:195)
	at jadx.plugins.input.dex.sections.SectionReader.getFieldRef(SectionReader.java:183)
	at jadx.plugins.input.dex.insns.DexInsnData.getIndexAsField(DexInsnData.java:131)
	at jadx.core.dex.visitors.usage.UsageInfoVisitor.processInsn(UsageInfoVisitor.java:150)
	at jadx.core.dex.visitors.usage.UsageInfoVisitor.lambda$processInstructions$0(UsageInfoVisitor.java:130)
	at jadx.plugins.input.dex.sections.DexCodeReader.visitInstructions(DexCodeReader.java:86)
	at jadx.core.dex.visitors.usage.UsageInfoVisitor.processInstructions(UsageInfoVisitor.java:128)
	at jadx.core.dex.visitors.usage.UsageInfoVisitor.processMethod(UsageInfoVisitor.java:113)
	at jadx.core.dex.visitors.usage.UsageInfoVisitor.processClass(UsageInfoVisitor.java:101)
	at jadx.core.dex.visitors.usage.UsageInfoVisitor.buildUsageData(UsageInfoVisitor.java:81)
	at jadx.core.dex.visitors.usage.UsageInfoVisitor.init(UsageInfoVisitor.java:65)
	at jadx.core.dex.nodes.RootNode.runPreDecompileStage(RootNode.java:356)
	at jadx.api.JadxDecompiler.load(JadxDecompiler.java:136)
	at jadx.cli.JadxCLI.runSave(JadxCLI.java:71)
	at jadx.cli.JadxCLI.execute(JadxCLI.java:44)
	at jadx.cli.JadxCLI.execute(JadxCLI.java:33)
	at jadx.cli.JadxCLI.main(JadxCLI.java:26)
ERROR - Dependency scan failed at insn: 0x0087: IGET r7, r0 in method: com.shadow.kotlin.collections.ArrayDeque.removeAt(int):E, file: /workspace/xh/fixp_148608.dex
java.lang.IllegalArgumentException: newPosition < 0: (-1849059776 < 0)
	at java.base/java.nio.Buffer.createPositionException(Buffer.java:351)
	at java.base/java.nio.Buffer.position(Buffer.java:326)
	at java.base/java.nio.ByteBuffer.position(ByteBuffer.java:1561)
	at jadx.plugins.input.dex.sections.SectionReader.absPos(SectionReader.java:82)
	at jadx.plugins.input.dex.sections.SectionReader.getString(SectionReader.java:175)
	at jadx.plugins.input.dex.sections.SectionReader.getType(SectionReader.java:165)
	at jadx.plugins.input.dex.sections.SectionReader.fillFieldData(SectionReader.java:194)
	at jadx.plugins.input.dex.sections.SectionReader.getFieldRef(SectionReader.java:183)
	at jadx.plugins.input.dex.insns.DexInsnData.getIndexAsField(DexInsnData.java:131)
	at jadx.core.dex.visitors.usage.UsageInfoVisitor.processInsn(UsageInfoVisitor.java:150)
	at jadx.core.dex.visitors.usage.UsageInfoVisitor.lambda$processInstructions$0(UsageInfoVisitor.java:130)
	at jadx.plugins.input.dex.sections.DexCodeReader.visitInstructions(DexCodeReader.java:86)
	at jadx.core.dex.visitors.usage.UsageInfoVisitor.processInstructions(UsageInfoVisitor.java:128)
	at jadx.core.dex.visitors.usage.UsageInfoVisitor.processMethod(UsageInfoVisitor.java:113)
	at jadx.core.dex.visitors.usage.UsageInfoVisitor.processClass(UsageInfoVisitor.java:101)
	at jadx.core.dex.visitors.usage.UsageInfoVisitor.buildUsageData(UsageInfoVisitor.java:81)
	at jadx.core.dex.visitors.usage.UsageInfoVisitor.init(UsageInfoVisitor.java:65)
	at jadx.core.dex.nodes.RootNode.runPreDecompileStage(RootNode.java:356)
	at jadx.api.JadxDecompiler.load(JadxDecompiler.java:136)
	at jadx.cli.JadxCLI.runSave(JadxCLI.java:71)
	at jadx.cli.JadxCLI.execute(JadxCLI.java:44)
	at jadx.cli.JadxCLI.execute(JadxCLI.java:33)
	at jadx.cli.JadxCLI.main(JadxCLI.java:26)
ERROR - Dependency scan failed at insn: 0x0089: INVOKE_SUPER_RANGE r51, r52, r53, r54, r55, r56, r57, r58, r59, r60, r61, r62, r63, r64 in method: com.shadow.kotlin.collections.ArrayDeque.removeAt(int):E, file: /workspace/xh/fixp_148608.dex
java.lang.IllegalArgumentException: newPosition > limit: (1701063954 > 3323492)
	at java.base/java.nio.Buffer.createPositionException(Buffer.java:351)
	at java.base/java.nio.Buffer.position(Buffer.java:326)
	at java.base/java.nio.ByteBuffer.position(ByteBuffer.java:1561)
	at jadx.plugins.input.dex.sections.SectionReader.absPos(SectionReader.java:82)
	at jadx.plugins.input.dex.sections.SectionReader.readTypeListAt(SectionReader.java:141)
	at jadx.plugins.input.dex.sections.SectionReader.loadMethodRef(SectionReader.java:269)
	at jadx.plugins.input.dex.sections.DexMethodRef.load(DexMethodRef.java:28)
	at jadx.core.dex.info.MethodInfo.fromRef(MethodInfo.java:47)
	at jadx.core.dex.visitors.usage.UsageInfoVisitor.processInsn(UsageInfoVisitor.java:165)
	at jadx.core.dex.visitors.usage.UsageInfoVisitor.lambda$processInstructions$0(UsageInfoVisitor.java:130)
	at jadx.plugins.input.dex.sections.DexCodeReader.visitInstructions(DexCodeReader.java:86)
	at jadx.core.dex.visitors.usage.UsageInfoVisitor.processInstructions(UsageInfoVisitor.java:128)
	at jadx.core.dex.visitors.usage.UsageInfoVisitor.processMethod(UsageInfoVisitor.java:113)
	at jadx.core.dex.visitors.usage.UsageInfoVisitor.processClass(UsageInfoVisitor.java:101)
	at jadx.core.dex.visitors.usage.UsageInfoVisitor.buildUsageData(UsageInfoVisitor.java:81)
	at jadx.core.dex.visitors.usage.UsageInfoVisitor.init(UsageInfoVisitor.java:65)
	at jadx.core.dex.nodes.RootNode.runPreDecompileStage(RootNode.java:356)
	at jadx.api.JadxDecompiler.load(JadxDecompiler.java:136)
	at jadx.cli.JadxCLI.runSave(JadxCLI.java:71)
	at jadx.cli.JadxCLI.execute(JadxCLI.java:44)
	at jadx.cli.JadxCLI.execute(JadxCLI.java:33)
	at jadx.cli.JadxCLI.main(JadxCLI.java:26)
ERROR - Dependency scan failed at insn: 0x0090: IPUT r13, r15 in method: com.shadow.kotlin.collections.ArrayDeque.removeAt(int):E, file: /workspace/xh/fixp_148608.dex
java.lang.IllegalArgumentException: newPosition < 0: (-908485256 < 0)
	at java.base/java.nio.Buffer.createPositionException(Buffer.java:351)
	at java.base/java.nio.Buffer.position(Buffer.java:326)
	at java.base/java.nio.ByteBuffer.position(ByteBuffer.java:1561)
	at jadx.plugins.input.dex.sections.SectionReader.absPos(SectionReader.java:82)
	at jadx.plugins.input.dex.sections.SectionReader.getString(SectionReader.java:175)
	at jadx.plugins.input.dex.sections.SectionReader.fillFieldData(SectionReader.java:195)
	at jadx.plugins.input.dex.sections.SectionReader.getFieldRef(SectionReader.java:183)
	at jadx.plugins.input.dex.insns.DexInsnData.getIndexAsField(DexInsnData.java:131)
	at jadx.core.dex.visitors.usage.UsageInfoVisitor.processInsn(UsageInfoVisitor.java:150)
	at jadx.core.dex.visitors.usage.UsageInfoVisitor.lambda$processInstructions$0(UsageInfoVisitor.java:130)
	at jadx.plugins.input.dex.sections.DexCodeReader.visitInstructions(DexCodeReader.java:86)
	at jadx.core.dex.visitors.usage.UsageInfoVisitor.processInstructions(UsageInfoVisitor.java:128)
	at jadx.core.dex.visitors.usage.UsageInfoVisitor.processMethod(UsageInfoVisitor.java:113)
	at jadx.core.dex.visitors.usage.UsageInfoVisitor.processClass(UsageInfoVisitor.java:101)
	at jadx.core.dex.visitors.usage.UsageInfoVisitor.buildUsageData(UsageInfoVisitor.java:81)
	at jadx.core.dex.visitors.usage.UsageInfoVisitor.init(UsageInfoVisitor.java:65)
	at jadx.core.dex.nodes.RootNode.runPreDecompileStage(RootNode.java:356)
	at jadx.api.JadxDecompiler.load(JadxDecompiler.java:136)
	at jadx.cli.JadxCLI.runSave(JadxCLI.java:71)
	at jadx.cli.JadxCLI.execute(JadxCLI.java:44)
	at jadx.cli.JadxCLI.execute(JadxCLI.java:33)
	at jadx.cli.JadxCLI.main(JadxCLI.java:26)
ERROR - Dependency scan failed at insn: 0x0092: SGET r113 in method: com.shadow.kotlin.collections.ArrayDeque.removeAt(int):E, file: /workspace/xh/fixp_148608.dex
java.lang.IllegalArgumentException: newPosition < 0: (-777681332 < 0)
	at java.base/java.nio.Buffer.createPositionException(Buffer.java:351)
	at java.base/java.nio.Buffer.position(Buffer.java:326)
	at java.base/java.nio.ByteBuffer.position(ByteBuffer.java:1561)
	at jadx.plugins.input.dex.sections.SectionReader.absPos(SectionReader.java:82)
	at jadx.plugins.input.dex.sections.SectionReader.getString(SectionReader.java:175)
	at jadx.plugins.input.dex.sections.SectionReader.fillFieldData(SectionReader.java:195)
	at jadx.plugins.input.dex.sections.SectionReader.getFieldRef(SectionReader.java:183)
	at jadx.plugins.input.dex.insns.DexInsnData.getIndexAsField(DexInsnData.java:131)
	at jadx.core.dex.visitors.usage.UsageInfoVisitor.processInsn(UsageInfoVisitor.java:150)
	at jadx.core.dex.visitors.usage.UsageInfoVisitor.lambda$processInstructions$0(UsageInfoVisitor.java:130)
	at jadx.plugins.input.dex.sections.DexCodeReader.visitInstructions(DexCodeReader.java:86)
	at jadx.core.dex.visitors.usage.UsageInfoVisitor.processInstructions(UsageInfoVisitor.java:128)
	at jadx.core.dex.visitors.usage.UsageInfoVisitor.processMethod(UsageInfoVisitor.java:113)
	at jadx.core.dex.visitors.usage.UsageInfoVisitor.processClass(UsageInfoVisitor.java:101)
	at jadx.core.dex.visitors.usage.UsageInfoVisitor.buildUsageData(UsageInfoVisitor.java:81)
	at jadx.core.dex.visitors.usage.UsageInfoVisitor.init(UsageInfoVisitor.java:65)
	at jadx.core.dex.nodes.RootNode.runPreDecompileStage(RootNode.java:356)
	at jadx.api.JadxDecompiler.load(JadxDecompiler.java:136)
	at jadx.cli.JadxCLI.runSave(JadxCLI.java:71)
	at jadx.cli.JadxCLI.execute(JadxCLI.java:44)
	at jadx.cli.JadxCLI.execute(JadxCLI.java:33)
	at jadx.cli.JadxCLI.main(JadxCLI.java:26)
ERROR - Dependency scan failed at insn: 0x0097: IGET r14, r7 in method: com.shadow.kotlin.collections.ArrayDeque.removeAt(int):E, file: /workspace/xh/fixp_148608.dex
java.lang.IllegalArgumentException: newPosition > limit: (103548700 > 3323492)
	at java.base/java.nio.Buffer.createPositionException(Buffer.java:351)
	at java.base/java.nio.Buffer.position(Buffer.java:326)
	at java.base/java.nio.ByteBuffer.position(ByteBuffer.java:1561)
	at jadx.plugins.input.dex.sections.SectionReader.absPos(SectionReader.java:82)
	at jadx.plugins.input.dex.sections.SectionReader.getString(SectionReader.java:175)
	at jadx.plugins.input.dex.sections.SectionReader.getType(SectionReader.java:165)
	at jadx.plugins.input.dex.sections.SectionReader.fillFieldData(SectionReader.java:194)
	at jadx.plugins.input.dex.sections.SectionReader.getFieldRef(SectionReader.java:183)
	at jadx.plugins.input.dex.insns.DexInsnData.getIndexAsField(DexInsnData.java:131)
	at jadx.core.dex.visitors.usage.UsageInfoVisitor.processInsn(UsageInfoVisitor.java:150)
	at jadx.core.dex.visitors.usage.UsageInfoVisitor.lambda$processInstructions$0(UsageInfoVisitor.java:130)
	at jadx.plugins.input.dex.sections.DexCodeReader.visitInstructions(DexCodeReader.java:86)
	at jadx.core.dex.visitors.usage.UsageInfoVisitor.processInstructions(UsageInfoVisitor.java:128)
	at jadx.core.dex.visitors.usage.UsageInfoVisitor.processMethod(UsageInfoVisitor.java:113)
	at jadx.core.dex.visitors.usage.UsageInfoVisitor.processClass(UsageInfoVisitor.java:101)
	at jadx.core.dex.visitors.usage.UsageInfoVisitor.buildUsageData(UsageInfoVisitor.java:81)
	at jadx.core.dex.visitors.usage.UsageInfoVisitor.init(UsageInfoVisitor.java:65)
	at jadx.core.dex.nodes.RootNode.runPreDecompileStage(RootNode.java:356)
	at jadx.api.JadxDecompiler.load(JadxDecompiler.java:136)
	at jadx.cli.JadxCLI.runSave(JadxCLI.java:71)
	at jadx.cli.JadxCLI.execute(JadxCLI.java:44)
	at jadx.cli.JadxCLI.execute(JadxCLI.java:33)
	at jadx.cli.JadxCLI.main(JadxCLI.java:26)
ERROR - Dependency scan failed at insn: 0x0003: SPUT r221 in method: com.shadow.kotlin.collections.ArrayDeque.removeFirst():E, file: /workspace/xh/fixp_148608.dex
java.lang.IllegalArgumentException: newPosition > limit: (20170091 > 3323492)
	at java.base/java.nio.Buffer.createPositionException(Buffer.java:351)
	at java.base/java.nio.Buffer.position(Buffer.java:326)
	at java.base/java.nio.ByteBuffer.position(ByteBuffer.java:1561)
	at jadx.plugins.input.dex.sections.SectionReader.absPos(SectionReader.java:82)
	at jadx.plugins.input.dex.sections.SectionReader.getString(SectionReader.java:177)
	at jadx.plugins.input.dex.sections.SectionReader.getType(SectionReader.java:165)
	at jadx.plugins.input.dex.sections.SectionReader.fillFieldData(SectionReader.java:194)
	at jadx.plugins.input.dex.sections.SectionReader.getFieldRef(SectionReader.java:183)
	at jadx.plugins.input.dex.insns.DexInsnData.getIndexAsField(DexInsnData.java:131)
	at jadx.core.dex.visitors.usage.UsageInfoVisitor.processInsn(UsageInfoVisitor.java:150)
	at jadx.core.dex.visitors.usage.UsageInfoVisitor.lambda$processInstructions$0(UsageInfoVisitor.java:130)
	at jadx.plugins.input.dex.sections.DexCodeReader.visitInstructions(DexCodeReader.java:86)
	at jadx.core.dex.visitors.usage.UsageInfoVisitor.processInstructions(UsageInfoVisitor.java:128)
	at jadx.core.dex.visitors.usage.UsageInfoVisitor.processMethod(UsageInfoVisitor.java:113)
	at jadx.core.dex.visitors.usage.UsageInfoVisitor.processClass(UsageInfoVisitor.java:101)
	at jadx.core.dex.visitors.usage.UsageInfoVisitor.buildUsageData(UsageInfoVisitor.java:81)
	at jadx.core.dex.visitors.usage.UsageInfoVisitor.init(UsageInfoVisitor.java:65)
	at jadx.core.dex.nodes.RootNode.runPreDecompileStage(RootNode.java:356)
	at jadx.api.JadxDecompiler.load(JadxDecompiler.java:136)
	at jadx.cli.JadxCLI.runSave(JadxCLI.java:71)
	at jadx.cli.JadxCLI.execute(JadxCLI.java:44)
	at jadx.cli.JadxCLI.execute(JadxCLI.java:33)
	at jadx.cli.JadxCLI.main(JadxCLI.java:26)
ERROR - Dependency scan failed at insn: 0x0006: IGET r7, r0 in method: com.shadow.kotlin.collections.ArrayDeque.removeFirst():E, file: /workspace/xh/fixp_148608.dex
java.lang.IllegalArgumentException: newPosition > limit: (467407276 > 3323492)
	at java.base/java.nio.Buffer.createPositionException(Buffer.java:351)
	at java.base/java.nio.Buffer.position(Buffer.java:326)
	at java.base/java.nio.ByteBuffer.position(ByteBuffer.java:1561)
	at jadx.plugins.input.dex.sections.SectionReader.absPos(SectionReader.java:82)
	at jadx.plugins.input.dex.sections.SectionReader.getString(SectionReader.java:175)
	at jadx.plugins.input.dex.sections.SectionReader.getType(SectionReader.java:165)
	at jadx.plugins.input.dex.sections.SectionReader.fillFieldData(SectionReader.java:194)
	at jadx.plugins.input.dex.sections.SectionReader.getFieldRef(SectionReader.java:183)
	at jadx.plugins.input.dex.insns.DexInsnData.getIndexAsField(DexInsnData.java:131)
	at jadx.core.dex.visitors.usage.UsageInfoVisitor.processInsn(UsageInfoVisitor.java:150)
	at jadx.core.dex.visitors.usage.UsageInfoVisitor.lambda$processInstructions$0(UsageInfoVisitor.java:130)
	at jadx.plugins.input.dex.sections.DexCodeReader.visitInstructions(DexCodeReader.java:86)
	at jadx.core.dex.visitors.usage.UsageInfoVisitor.processInstructions(UsageInfoVisitor.java:128)
	at jadx.core.dex.visitors.usage.UsageInfoVisitor.processMethod(UsageInfoVisitor.java:113)
	at jadx.core.dex.visitors.usage.UsageInfoVisitor.processClass(UsageInfoVisitor.java:101)
	at jadx.core.dex.visitors.usage.UsageInfoVisitor.buildUsageData(UsageInfoVisitor.java:81)
	at jadx.core.dex.visitors.usage.UsageInfoVisitor.init(UsageInfoVisitor.java:65)
	at jadx.core.dex.nodes.RootNode.runPreDecompileStage(RootNode.java:356)
	at jadx.api.JadxDecompiler.load(JadxDecompiler.java:136)
	at jadx.cli.JadxCLI.runSave(JadxCLI.java:71)
	at jadx.cli.JadxCLI.execute(JadxCLI.java:44)
	at jadx.cli.JadxCLI.execute(JadxCLI.java:33)
	at jadx.cli.JadxCLI.main(JadxCLI.java:26)
ERROR - Dependency scan failed at insn: 0x000E: IPUT r7, r15 in method: com.shadow.kotlin.collections.ArrayDeque.removeFirst():E, file: /workspace/xh/fixp_148608.dex
java.lang.IllegalArgumentException: newPosition > limit: (578293896 > 3323492)
	at java.base/java.nio.Buffer.createPositionException(Buffer.java:351)
	at java.base/java.nio.Buffer.position(Buffer.java:326)
	at java.base/java.nio.ByteBuffer.position(ByteBuffer.java:1561)
	at jadx.plugins.input.dex.sections.SectionReader.absPos(SectionReader.java:82)
	at jadx.plugins.input.dex.sections.SectionReader.getString(SectionReader.java:175)
	at jadx.plugins.input.dex.sections.SectionReader.getType(SectionReader.java:165)
	at jadx.plugins.input.dex.sections.SectionReader.fillFieldData(SectionReader.java:194)
	at jadx.plugins.input.dex.sections.SectionReader.getFieldRef(SectionReader.java:183)
	at jadx.plugins.input.dex.insns.DexInsnData.getIndexAsField(DexInsnData.java:131)
	at jadx.core.dex.visitors.usage.UsageInfoVisitor.processInsn(UsageInfoVisitor.java:150)
	at jadx.core.dex.visitors.usage.UsageInfoVisitor.lambda$processInstructions$0(UsageInfoVisitor.java:130)
	at jadx.plugins.input.dex.sections.DexCodeReader.visitInstructions(DexCodeReader.java:86)
	at jadx.core.dex.visitors.usage.UsageInfoVisitor.processInstructions(UsageInfoVisitor.java:128)
	at jadx.core.dex.visitors.usage.UsageInfoVisitor.processMethod(UsageInfoVisitor.java:113)
	at jadx.core.dex.visitors.usage.UsageInfoVisitor.processClass(UsageInfoVisitor.java:101)
	at jadx.core.dex.visitors.usage.UsageInfoVisitor.buildUsageData(UsageInfoVisitor.java:81)
	at jadx.core.dex.visitors.usage.UsageInfoVisitor.init(UsageInfoVisitor.java:65)
	at jadx.core.dex.nodes.RootNode.runPreDecompileStage(RootNode.java:356)
	at jadx.api.JadxDecompiler.load(JadxDecompiler.java:136)
	at jadx.cli.JadxCLI.runSave(JadxCLI.java:71)
	at jadx.cli.JadxCLI.execute(JadxCLI.java:44)
	at jadx.cli.JadxCLI.execute(JadxCLI.java:33)
	at jadx.cli.JadxCLI.main(JadxCLI.java:26)
ERROR - Dependency scan failed at insn: 0x001A: SGET r180 in method: com.shadow.kotlin.collections.ArrayDeque.removeFirst():E, file: /workspace/xh/fixp_148608.dex
java.lang.IllegalArgumentException: newPosition < 0: (-1580417500 < 0)
	at java.base/java.nio.Buffer.createPositionException(Buffer.java:351)
	at java.base/java.nio.Buffer.position(Buffer.java:326)
	at java.base/java.nio.ByteBuffer.position(ByteBuffer.java:1561)
	at jadx.plugins.input.dex.sections.SectionReader.absPos(SectionReader.java:82)
	at jadx.plugins.input.dex.sections.SectionReader.getString(SectionReader.java:175)
	at jadx.plugins.input.dex.sections.SectionReader.fillFieldData(SectionReader.java:195)
	at jadx.plugins.input.dex.sections.SectionReader.getFieldRef(SectionReader.java:183)
	at jadx.plugins.input.dex.insns.DexInsnData.getIndexAsField(DexInsnData.java:131)
	at jadx.core.dex.visitors.usage.UsageInfoVisitor.processInsn(UsageInfoVisitor.java:150)
	at jadx.core.dex.visitors.usage.UsageInfoVisitor.lambda$processInstructions$0(UsageInfoVisitor.java:130)
	at jadx.plugins.input.dex.sections.DexCodeReader.visitInstructions(DexCodeReader.java:86)
	at jadx.core.dex.visitors.usage.UsageInfoVisitor.processInstructions(UsageInfoVisitor.java:128)
	at jadx.core.dex.visitors.usage.UsageInfoVisitor.processMethod(UsageInfoVisitor.java:113)
	at jadx.core.dex.visitors.usage.UsageInfoVisitor.processClass(UsageInfoVisitor.java:101)
	at jadx.core.dex.visitors.usage.UsageInfoVisitor.buildUsageData(UsageInfoVisitor.java:81)
	at jadx.core.dex.visitors.usage.UsageInfoVisitor.init(UsageInfoVisitor.java:65)
	at jadx.core.dex.nodes.RootNode.runPreDecompileStage(RootNode.java:356)
	at jadx.api.JadxDecompiler.load(JadxDecompiler.java:136)
	at jadx.cli.JadxCLI.runSave(JadxCLI.java:71)
	at jadx.cli.JadxCLI.execute(JadxCLI.java:44)
	at jadx.cli.JadxCLI.execute(JadxCLI.java:33)
	at jadx.cli.JadxCLI.main(JadxCLI.java:26)
ERROR - Dependency scan failed at insn: 0x0000: IGET r15, r15 in method: com.shadow.kotlin.collections.ArrayDeque.removeLast():E, file: /workspace/xh/fixp_148608.dex
java.lang.IllegalArgumentException: newPosition > limit: (62657068 > 3323492)
	at java.base/java.nio.Buffer.createPositionException(Buffer.java:351)
	at java.base/java.nio.Buffer.position(Buffer.java:326)
	at java.base/java.nio.ByteBuffer.position(ByteBuffer.java:1561)
	at jadx.plugins.input.dex.sections.SectionReader.absPos(SectionReader.java:82)
	at jadx.plugins.input.dex.sections.SectionReader.getString(SectionReader.java:175)
	at jadx.plugins.input.dex.sections.SectionReader.getType(SectionReader.java:165)
	at jadx.plugins.input.dex.sections.SectionReader.fillFieldData(SectionReader.java:194)
	at jadx.plugins.input.dex.sections.SectionReader.getFieldRef(SectionReader.java:183)
	at jadx.plugins.input.dex.insns.DexInsnData.getIndexAsField(DexInsnData.java:131)
	at jadx.core.dex.visitors.usage.UsageInfoVisitor.processInsn(UsageInfoVisitor.java:150)
	at jadx.core.dex.visitors.usage.UsageInfoVisitor.lambda$processInstructions$0(UsageInfoVisitor.java:130)
	at jadx.plugins.input.dex.sections.DexCodeReader.visitInstructions(DexCodeReader.java:86)
	at jadx.core.dex.visitors.usage.UsageInfoVisitor.processInstructions(UsageInfoVisitor.java:128)
	at jadx.core.dex.visitors.usage.UsageInfoVisitor.processMethod(UsageInfoVisitor.java:113)
	at jadx.core.dex.visitors.usage.UsageInfoVisitor.processClass(UsageInfoVisitor.java:101)
	at jadx.core.dex.visitors.usage.UsageInfoVisitor.buildUsageData(UsageInfoVisitor.java:81)
	at jadx.core.dex.visitors.usage.UsageInfoVisitor.init(UsageInfoVisitor.java:65)
	at jadx.core.dex.nodes.RootNode.runPreDecompileStage(RootNode.java:356)
	at jadx.api.JadxDecompiler.load(JadxDecompiler.java:136)
	at jadx.cli.JadxCLI.runSave(JadxCLI.java:71)
	at jadx.cli.JadxCLI.execute(JadxCLI.java:44)
	at jadx.cli.JadxCLI.execute(JadxCLI.java:33)
	at jadx.cli.JadxCLI.main(JadxCLI.java:26)
ERROR - Dependency scan failed at insn: 0x000C: CONST_CLASS r2 in method: com.shadow.kotlin.collections.ArrayDeque.removeLast():E, file: /workspace/xh/fixp_148608.dex
jadx.core.utils.exceptions.JadxRuntimeException: Failed to parse type string: null
	at jadx.core.dex.instructions.args.ArgType.parse(ArgType.java:738)
	at jadx.core.dex.visitors.usage.UsageInfoVisitor.processInsn(UsageInfoVisitor.java:144)
	at jadx.core.dex.visitors.usage.UsageInfoVisitor.lambda$processInstructions$0(UsageInfoVisitor.java:130)
	at jadx.plugins.input.dex.sections.DexCodeReader.visitInstructions(DexCodeReader.java:86)
	at jadx.core.dex.visitors.usage.UsageInfoVisitor.processInstructions(UsageInfoVisitor.java:128)
	at jadx.core.dex.visitors.usage.UsageInfoVisitor.processMethod(UsageInfoVisitor.java:113)
	at jadx.core.dex.visitors.usage.UsageInfoVisitor.processClass(UsageInfoVisitor.java:101)
	at jadx.core.dex.visitors.usage.UsageInfoVisitor.buildUsageData(UsageInfoVisitor.java:81)
	at jadx.core.dex.visitors.usage.UsageInfoVisitor.init(UsageInfoVisitor.java:65)
	at jadx.core.dex.nodes.RootNode.runPreDecompileStage(RootNode.java:356)
	at jadx.api.JadxDecompiler.load(JadxDecompiler.java:136)
	at jadx.cli.JadxCLI.runSave(JadxCLI.java:71)
	at jadx.cli.JadxCLI.execute(JadxCLI.java:44)
	at jadx.cli.JadxCLI.execute(JadxCLI.java:33)
	at jadx.cli.JadxCLI.main(JadxCLI.java:26)
ERROR - Dependency scan failed at insn: 0x000F: CHECK_CAST r217 in method: com.shadow.kotlin.collections.ArrayDeque.removeLast():E, file: /workspace/xh/fixp_148608.dex
java.lang.IllegalArgumentException: newPosition < 0: (-1047144036 < 0)
	at java.base/java.nio.Buffer.createPositionException(Buffer.java:351)
	at java.base/java.nio.Buffer.position(Buffer.java:326)
	at java.base/java.nio.ByteBuffer.position(ByteBuffer.java:1561)
	at jadx.plugins.input.dex.sections.SectionReader.absPos(SectionReader.java:82)
	at jadx.plugins.input.dex.sections.SectionReader.getString(SectionReader.java:175)
	at jadx.plugins.input.dex.sections.SectionReader.getType(SectionReader.java:165)
	at jadx.plugins.input.dex.insns.DexInsnData.getIndexAsType(DexInsnData.java:126)
	at jadx.core.dex.visitors.usage.UsageInfoVisitor.processInsn(UsageInfoVisitor.java:144)
	at jadx.core.dex.visitors.usage.UsageInfoVisitor.lambda$processInstructions$0(UsageInfoVisitor.java:130)
	at jadx.plugins.input.dex.sections.DexCodeReader.visitInstructions(DexCodeReader.java:86)
	at jadx.core.dex.visitors.usage.UsageInfoVisitor.processInstructions(UsageInfoVisitor.java:128)
	at jadx.core.dex.visitors.usage.UsageInfoVisitor.processMethod(UsageInfoVisitor.java:113)
	at jadx.core.dex.visitors.usage.UsageInfoVisitor.processClass(UsageInfoVisitor.java:101)
	at jadx.core.dex.visitors.usage.UsageInfoVisitor.buildUsageData(UsageInfoVisitor.java:81)
	at jadx.core.dex.visitors.usage.UsageInfoVisitor.init(UsageInfoVisitor.java:65)
	at jadx.core.dex.nodes.RootNode.runPreDecompileStage(RootNode.java:356)
	at jadx.api.JadxDecompiler.load(JadxDecompiler.java:136)
	at jadx.cli.JadxCLI.runSave(JadxCLI.java:71)
	at jadx.cli.JadxCLI.execute(JadxCLI.java:44)
	at jadx.cli.JadxCLI.execute(JadxCLI.java:33)
	at jadx.cli.JadxCLI.main(JadxCLI.java:26)
ERROR - Dependency scan failed at insn: 0x0011: IGET r6, r7 in method: com.shadow.kotlin.collections.ArrayDeque.removeLast():E, file: /workspace/xh/fixp_148608.dex
java.lang.IllegalArgumentException: newPosition < 0: (-775839444 < 0)
	at java.base/java.nio.Buffer.createPositionException(Buffer.java:351)
	at java.base/java.nio.Buffer.position(Buffer.java:326)
	at java.base/java.nio.ByteBuffer.position(ByteBuffer.java:1561)
	at jadx.plugins.input.dex.sections.SectionReader.absPos(SectionReader.java:82)
	at jadx.plugins.input.dex.sections.SectionReader.getString(SectionReader.java:175)
	at jadx.plugins.input.dex.sections.SectionReader.getType(SectionReader.java:165)
	at jadx.plugins.input.dex.sections.SectionReader.fillFieldData(SectionReader.java:194)
	at jadx.plugins.input.dex.sections.SectionReader.getFieldRef(SectionReader.java:183)
	at jadx.plugins.input.dex.insns.DexInsnData.getIndexAsField(DexInsnData.java:131)
	at jadx.core.dex.visitors.usage.UsageInfoVisitor.processInsn(UsageInfoVisitor.java:150)
	at jadx.core.dex.visitors.usage.UsageInfoVisitor.lambda$processInstructions$0(UsageInfoVisitor.java:130)
	at jadx.plugins.input.dex.sections.DexCodeReader.visitInstructions(DexCodeReader.java:86)
	at jadx.core.dex.visitors.usage.UsageInfoVisitor.processInstructions(UsageInfoVisitor.java:128)
	at jadx.core.dex.visitors.usage.UsageInfoVisitor.processMethod(UsageInfoVisitor.java:113)
	at jadx.core.dex.visitors.usage.UsageInfoVisitor.processClass(UsageInfoVisitor.java:101)
	at jadx.core.dex.visitors.usage.UsageInfoVisitor.buildUsageData(UsageInfoVisitor.java:81)
	at jadx.core.dex.visitors.usage.UsageInfoVisitor.init(UsageInfoVisitor.java:65)
	at jadx.core.dex.nodes.RootNode.runPreDecompileStage(RootNode.java:356)
	at jadx.api.JadxDecompiler.load(JadxDecompiler.java:136)
	at jadx.cli.JadxCLI.runSave(JadxCLI.java:71)
	at jadx.cli.JadxCLI.execute(JadxCLI.java:44)
	at jadx.cli.JadxCLI.execute(JadxCLI.java:33)
	at jadx.cli.JadxCLI.main(JadxCLI.java:26)
ERROR - Dependency scan failed at insn: 0x0013: IPUT r5, r10 in method: com.shadow.kotlin.collections.ArrayDeque.removeLast():E, file: /workspace/xh/fixp_148608.dex
java.lang.IllegalArgumentException: newPosition > limit: (23857108 > 3323492)
	at java.base/java.nio.Buffer.createPositionException(Buffer.java:351)
	at java.base/java.nio.Buffer.position(Buffer.java:326)
	at java.base/java.nio.ByteBuffer.position(ByteBuffer.java:1561)
	at jadx.plugins.input.dex.sections.SectionReader.absPos(SectionReader.java:82)
	at jadx.plugins.input.dex.sections.SectionReader.getString(SectionReader.java:175)
	at jadx.plugins.input.dex.sections.SectionReader.getType(SectionReader.java:165)
	at jadx.plugins.input.dex.sections.SectionReader.fillFieldData(SectionReader.java:194)
	at jadx.plugins.input.dex.sections.SectionReader.getFieldRef(SectionReader.java:183)
	at jadx.plugins.input.dex.insns.DexInsnData.getIndexAsField(DexInsnData.java:131)
	at jadx.core.dex.visitors.usage.UsageInfoVisitor.processInsn(UsageInfoVisitor.java:150)
	at jadx.core.dex.visitors.usage.UsageInfoVisitor.lambda$processInstructions$0(UsageInfoVisitor.java:130)
	at jadx.plugins.input.dex.sections.DexCodeReader.visitInstructions(DexCodeReader.java:86)
	at jadx.core.dex.visitors.usage.UsageInfoVisitor.processInstructions(UsageInfoVisitor.java:128)
	at jadx.core.dex.visitors.usage.UsageInfoVisitor.processMethod(UsageInfoVisitor.java:113)
	at jadx.core.dex.visitors.usage.UsageInfoVisitor.processClass(UsageInfoVisitor.java:101)
	at jadx.core.dex.visitors.usage.UsageInfoVisitor.buildUsageData(UsageInfoVisitor.java:81)
	at jadx.core.dex.visitors.usage.UsageInfoVisitor.init(UsageInfoVisitor.java:65)
	at jadx.core.dex.nodes.RootNode.runPreDecompileStage(RootNode.java:356)
	at jadx.api.JadxDecompiler.load(JadxDecompiler.java:136)
	at jadx.cli.JadxCLI.runSave(JadxCLI.java:71)
	at jadx.cli.JadxCLI.execute(JadxCLI.java:44)
	at jadx.cli.JadxCLI.execute(JadxCLI.java:33)
	at jadx.cli.JadxCLI.main(JadxCLI.java:26)
ERROR - Dependency scan failed at insn: 0x0019: IPUT r14, r3 in method: com.shadow.kotlin.collections.ArrayDeque.removeLast():E, file: /workspace/xh/fixp_148608.dex
java.lang.IllegalArgumentException: newPosition > limit: (1295855996 > 3323492)
	at java.base/java.nio.Buffer.createPositionException(Buffer.java:351)
	at java.base/java.nio.Buffer.position(Buffer.java:326)
	at java.base/java.nio.ByteBuffer.position(ByteBuffer.java:1561)
	at jadx.plugins.input.dex.sections.SectionReader.absPos(SectionReader.java:82)
	at jadx.plugins.input.dex.sections.SectionReader.getString(SectionReader.java:175)
	at jadx.plugins.input.dex.sections.SectionReader.getType(SectionReader.java:165)
	at jadx.plugins.input.dex.sections.SectionReader.fillFieldData(SectionReader.java:194)
	at jadx.plugins.input.dex.sections.SectionReader.getFieldRef(SectionReader.java:183)
	at jadx.plugins.input.dex.insns.DexInsnData.getIndexAsField(DexInsnData.java:131)
	at jadx.core.dex.visitors.usage.UsageInfoVisitor.processInsn(UsageInfoVisitor.java:150)
	at jadx.core.dex.visitors.usage.UsageInfoVisitor.lambda$processInstructions$0(UsageInfoVisitor.java:130)
	at jadx.plugins.input.dex.sections.DexCodeReader.visitInstructions(DexCodeReader.java:86)
	at jadx.core.dex.visitors.usage.UsageInfoVisitor.processInstructions(UsageInfoVisitor.java:128)
	at jadx.core.dex.visitors.usage.UsageInfoVisitor.processMethod(UsageInfoVisitor.java:113)
	at jadx.core.dex.visitors.usage.UsageInfoVisitor.processClass(UsageInfoVisitor.java:101)
	at jadx.core.dex.visitors.usage.UsageInfoVisitor.buildUsageData(UsageInfoVisitor.java:81)
	at jadx.core.dex.visitors.usage.UsageInfoVisitor.init(UsageInfoVisitor.java:65)
	at jadx.core.dex.nodes.RootNode.runPreDecompileStage(RootNode.java:356)
	at jadx.api.JadxDecompiler.load(JadxDecompiler.java:136)
	at jadx.cli.JadxCLI.runSave(JadxCLI.java:71)
	at jadx.cli.JadxCLI.execute(JadxCLI.java:44)
	at jadx.cli.JadxCLI.execute(JadxCLI.java:33)
	at jadx.cli.JadxCLI.main(JadxCLI.java:26)
ERROR - Dependency scan failed at insn: 0x0023: SPUT r255 in method: com.shadow.kotlin.collections.ArrayDeque.removeLast():E, file: /workspace/xh/fixp_148608.dex
java.lang.IllegalArgumentException: newPosition < 0: (-2060085740 < 0)
	at java.base/java.nio.Buffer.createPositionException(Buffer.java:351)
	at java.base/java.nio.Buffer.position(Buffer.java:326)
	at java.base/java.nio.ByteBuffer.position(ByteBuffer.java:1561)
	at jadx.plugins.input.dex.sections.SectionReader.absPos(SectionReader.java:82)
	at jadx.plugins.input.dex.sections.SectionReader.getString(SectionReader.java:175)
	at jadx.plugins.input.dex.sections.SectionReader.fillFieldData(SectionReader.java:195)
	at jadx.plugins.input.dex.sections.SectionReader.getFieldRef(SectionReader.java:183)
	at jadx.plugins.input.dex.insns.DexInsnData.getIndexAsField(DexInsnData.java:131)
	at jadx.core.dex.visitors.usage.UsageInfoVisitor.processInsn(UsageInfoVisitor.java:150)
	at jadx.core.dex.visitors.usage.UsageInfoVisitor.lambda$processInstructions$0(UsageInfoVisitor.java:130)
	at jadx.plugins.input.dex.sections.DexCodeReader.visitInstructions(DexCodeReader.java:86)
	at jadx.core.dex.visitors.usage.UsageInfoVisitor.processInstructions(UsageInfoVisitor.java:128)
	at jadx.core.dex.visitors.usage.UsageInfoVisitor.processMethod(UsageInfoVisitor.java:113)
	at jadx.core.dex.visitors.usage.UsageInfoVisitor.processClass(UsageInfoVisitor.java:101)
	at jadx.core.dex.visitors.usage.UsageInfoVisitor.buildUsageData(UsageInfoVisitor.java:81)
	at jadx.core.dex.visitors.usage.UsageInfoVisitor.init(UsageInfoVisitor.java:65)
	at jadx.core.dex.nodes.RootNode.runPreDecompileStage(RootNode.java:356)
	at jadx.api.JadxDecompiler.load(JadxDecompiler.java:136)
	at jadx.cli.JadxCLI.runSave(JadxCLI.java:71)
	at jadx.cli.JadxCLI.execute(JadxCLI.java:44)
	at jadx.cli.JadxCLI.execute(JadxCLI.java:33)
	at jadx.cli.JadxCLI.main(JadxCLI.java:26)
ERROR - Dependency scan failed at insn: 0x0000: SPUT r216 in method: com.shadow.kotlin.collections.ArrayDeque.retainAll(java.util.Collection<? extends java.lang.Object>):boolean, file: /workspace/xh/fixp_148608.dex
java.lang.IllegalArgumentException: newPosition < 0: (-859032464 < 0)
	at java.base/java.nio.Buffer.createPositionException(Buffer.java:351)
	at java.base/java.nio.Buffer.position(Buffer.java:326)
	at java.base/java.nio.ByteBuffer.position(ByteBuffer.java:1561)
	at jadx.plugins.input.dex.sections.SectionReader.absPos(SectionReader.java:82)
	at jadx.plugins.input.dex.sections.SectionReader.getString(SectionReader.java:175)
	at jadx.plugins.input.dex.sections.SectionReader.getType(SectionReader.java:165)
	at jadx.plugins.input.dex.sections.SectionReader.fillFieldData(SectionReader.java:194)
	at jadx.plugins.input.dex.sections.SectionReader.getFieldRef(SectionReader.java:183)
	at jadx.plugins.input.dex.insns.DexInsnData.getIndexAsField(DexInsnData.java:131)
	at jadx.core.dex.visitors.usage.UsageInfoVisitor.processInsn(UsageInfoVisitor.java:150)
	at jadx.core.dex.visitors.usage.UsageInfoVisitor.lambda$processInstructions$0(UsageInfoVisitor.java:130)
	at jadx.plugins.input.dex.sections.DexCodeReader.visitInstructions(DexCodeReader.java:86)
	at jadx.core.dex.visitors.usage.UsageInfoVisitor.processInstructions(UsageInfoVisitor.java:128)
	at jadx.core.dex.visitors.usage.UsageInfoVisitor.processMethod(UsageInfoVisitor.java:113)
	at jadx.core.dex.visitors.usage.UsageInfoVisitor.processClass(UsageInfoVisitor.java:101)
	at jadx.core.dex.visitors.usage.UsageInfoVisitor.buildUsageData(UsageInfoVisitor.java:81)
	at jadx.core.dex.visitors.usage.UsageInfoVisitor.init(UsageInfoVisitor.java:65)
	at jadx.core.dex.nodes.RootNode.runPreDecompileStage(RootNode.java:356)
	at jadx.api.JadxDecompiler.load(JadxDecompiler.java:136)
	at jadx.cli.JadxCLI.runSave(JadxCLI.java:71)
	at jadx.cli.JadxCLI.execute(JadxCLI.java:44)
	at jadx.cli.JadxCLI.execute(JadxCLI.java:33)
	at jadx.cli.JadxCLI.main(JadxCLI.java:26)
ERROR - Dependency scan failed at insn: 0x001E: IPUT r12, r14 in method: com.shadow.kotlin.collections.ArrayDeque.retainAll(java.util.Collection<? extends java.lang.Object>):boolean, file: /workspace/xh/fixp_148608.dex
java.lang.IllegalArgumentException: newPosition > limit: (1494026688 > 3323492)
	at java.base/java.nio.Buffer.createPositionException(Buffer.java:351)
	at java.base/java.nio.Buffer.position(Buffer.java:326)
	at java.base/java.nio.ByteBuffer.position(ByteBuffer.java:1561)
	at jadx.plugins.input.dex.sections.SectionReader.absPos(SectionReader.java:82)
	at jadx.plugins.input.dex.sections.SectionReader.getString(SectionReader.java:175)
	at jadx.plugins.input.dex.sections.SectionReader.getType(SectionReader.java:165)
	at jadx.plugins.input.dex.sections.SectionReader.fillFieldData(SectionReader.java:194)
	at jadx.plugins.input.dex.sections.SectionReader.getFieldRef(SectionReader.java:183)
	at jadx.plugins.input.dex.insns.DexInsnData.getIndexAsField(DexInsnData.java:131)
	at jadx.core.dex.visitors.usage.UsageInfoVisitor.processInsn(UsageInfoVisitor.java:150)
	at jadx.core.dex.visitors.usage.UsageInfoVisitor.lambda$processInstructions$0(UsageInfoVisitor.java:130)
	at jadx.plugins.input.dex.sections.DexCodeReader.visitInstructions(DexCodeReader.java:86)
	at jadx.core.dex.visitors.usage.UsageInfoVisitor.processInstructions(UsageInfoVisitor.java:128)
	at jadx.core.dex.visitors.usage.UsageInfoVisitor.processMethod(UsageInfoVisitor.java:113)
	at jadx.core.dex.visitors.usage.UsageInfoVisitor.processClass(UsageInfoVisitor.java:101)
	at jadx.core.dex.visitors.usage.UsageInfoVisitor.buildUsageData(UsageInfoVisitor.java:81)
	at jadx.core.dex.visitors.usage.UsageInfoVisitor.init(UsageInfoVisitor.java:65)
	at jadx.core.dex.nodes.RootNode.runPreDecompileStage(RootNode.java:356)
	at jadx.api.JadxDecompiler.load(JadxDecompiler.java:136)
	at jadx.cli.JadxCLI.runSave(JadxCLI.java:71)
	at jadx.cli.JadxCLI.execute(JadxCLI.java:44)
	at jadx.cli.JadxCLI.execute(JadxCLI.java:33)
	at jadx.cli.JadxCLI.main(JadxCLI.java:26)
ERROR - Dependency scan failed at insn: 0x0043: IPUT r14, r11 in method: com.shadow.kotlin.collections.ArrayDeque.retainAll(java.util.Collection<? extends java.lang.Object>):boolean, file: /workspace/xh/fixp_148608.dex
java.lang.IllegalArgumentException: newPosition < 0: (-1782983472 < 0)
	at java.base/java.nio.Buffer.createPositionException(Buffer.java:351)
	at java.base/java.nio.Buffer.position(Buffer.java:326)
	at java.base/java.nio.ByteBuffer.position(ByteBuffer.java:1561)
	at jadx.plugins.input.dex.sections.SectionReader.absPos(SectionReader.java:82)
	at jadx.plugins.input.dex.sections.SectionReader.getString(SectionReader.java:175)
	at jadx.plugins.input.dex.sections.SectionReader.fillFieldData(SectionReader.java:195)
	at jadx.plugins.input.dex.sections.SectionReader.getFieldRef(SectionReader.java:183)
	at jadx.plugins.input.dex.insns.DexInsnData.getIndexAsField(DexInsnData.java:131)
	at jadx.core.dex.visitors.usage.UsageInfoVisitor.processInsn(UsageInfoVisitor.java:150)
	at jadx.core.dex.visitors.usage.UsageInfoVisitor.lambda$processInstructions$0(UsageInfoVisitor.java:130)
	at jadx.plugins.input.dex.sections.DexCodeReader.visitInstructions(DexCodeReader.java:86)
	at jadx.core.dex.visitors.usage.UsageInfoVisitor.processInstructions(UsageInfoVisitor.java:128)
	at jadx.core.dex.visitors.usage.UsageInfoVisitor.processMethod(UsageInfoVisitor.java:113)
	at jadx.core.dex.visitors.usage.UsageInfoVisitor.processClass(UsageInfoVisitor.java:101)
	at jadx.core.dex.visitors.usage.UsageInfoVisitor.buildUsageData(UsageInfoVisitor.java:81)
	at jadx.core.dex.visitors.usage.UsageInfoVisitor.init(UsageInfoVisitor.java:65)
	at jadx.core.dex.nodes.RootNode.runPreDecompileStage(RootNode.java:356)
	at jadx.api.JadxDecompiler.load(JadxDecompiler.java:136)
	at jadx.cli.JadxCLI.runSave(JadxCLI.java:71)
	at jadx.cli.JadxCLI.execute(JadxCLI.java:44)
	at jadx.cli.JadxCLI.execute(JadxCLI.java:33)
	at jadx.cli.JadxCLI.main(JadxCLI.java:26)
ERROR - Dependency scan failed at insn: 0x0061: SGET r253 in method: com.shadow.kotlin.collections.ArrayDeque.retainAll(java.util.Collection<? extends java.lang.Object>):boolean, file: /workspace/xh/fixp_148608.dex
java.lang.IllegalArgumentException: newPosition < 0: (-908485256 < 0)
	at java.base/java.nio.Buffer.createPositionException(Buffer.java:351)
	at java.base/java.nio.Buffer.position(Buffer.java:326)
	at java.base/java.nio.ByteBuffer.position(ByteBuffer.java:1561)
	at jadx.plugins.input.dex.sections.SectionReader.absPos(SectionReader.java:82)
	at jadx.plugins.input.dex.sections.SectionReader.getString(SectionReader.java:175)
	at jadx.plugins.input.dex.sections.SectionReader.getType(SectionReader.java:165)
	at jadx.plugins.input.dex.sections.SectionReader.fillFieldData(SectionReader.java:194)
	at jadx.plugins.input.dex.sections.SectionReader.getFieldRef(SectionReader.java:183)
	at jadx.plugins.input.dex.insns.DexInsnData.getIndexAsField(DexInsnData.java:131)
	at jadx.core.dex.visitors.usage.UsageInfoVisitor.processInsn(UsageInfoVisitor.java:150)
	at jadx.core.dex.visitors.usage.UsageInfoVisitor.lambda$processInstructions$0(UsageInfoVisitor.java:130)
	at jadx.plugins.input.dex.sections.DexCodeReader.visitInstructions(DexCodeReader.java:86)
	at jadx.core.dex.visitors.usage.UsageInfoVisitor.processInstructions(UsageInfoVisitor.java:128)
	at jadx.core.dex.visitors.usage.UsageInfoVisitor.processMethod(UsageInfoVisitor.java:113)
	at jadx.core.dex.visitors.usage.UsageInfoVisitor.processClass(UsageInfoVisitor.java:101)
	at jadx.core.dex.visitors.usage.UsageInfoVisitor.buildUsageData(UsageInfoVisitor.java:81)
	at jadx.core.dex.visitors.usage.UsageInfoVisitor.init(UsageInfoVisitor.java:65)
	at jadx.core.dex.nodes.RootNode.runPreDecompileStage(RootNode.java:356)
	at jadx.api.JadxDecompiler.load(JadxDecompiler.java:136)
	at jadx.cli.JadxCLI.runSave(JadxCLI.java:71)
	at jadx.cli.JadxCLI.execute(JadxCLI.java:44)
	at jadx.cli.JadxCLI.execute(JadxCLI.java:33)
	at jadx.cli.JadxCLI.main(JadxCLI.java:26)
ERROR - Dependency scan failed at insn: 0x006B: INVOKE_DIRECT  in method: com.shadow.kotlin.collections.ArrayDeque.retainAll(java.util.Collection<? extends java.lang.Object>):boolean, file: /workspace/xh/fixp_148608.dex
java.lang.IllegalArgumentException: newPosition < 0: (-609887336 < 0)
	at java.base/java.nio.Buffer.createPositionException(Buffer.java:351)
	at java.base/java.nio.Buffer.position(Buffer.java:326)
	at java.base/java.nio.ByteBuffer.position(ByteBuffer.java:1561)
	at jadx.plugins.input.dex.sections.SectionReader.absPos(SectionReader.java:82)
	at jadx.plugins.input.dex.sections.SectionReader.readTypeListAt(SectionReader.java:141)
	at jadx.plugins.input.dex.sections.SectionReader.loadMethodRef(SectionReader.java:269)
	at jadx.plugins.input.dex.sections.DexMethodRef.load(DexMethodRef.java:28)
	at jadx.core.dex.info.MethodInfo.fromRef(MethodInfo.java:47)
	at jadx.core.dex.visitors.usage.UsageInfoVisitor.processInsn(UsageInfoVisitor.java:165)
	at jadx.core.dex.visitors.usage.UsageInfoVisitor.lambda$processInstructions$0(UsageInfoVisitor.java:130)
	at jadx.plugins.input.dex.sections.DexCodeReader.visitInstructions(DexCodeReader.java:86)
	at jadx.core.dex.visitors.usage.UsageInfoVisitor.processInstructions(UsageInfoVisitor.java:128)
	at jadx.core.dex.visitors.usage.UsageInfoVisitor.processMethod(UsageInfoVisitor.java:113)
	at jadx.core.dex.visitors.usage.UsageInfoVisitor.processClass(UsageInfoVisitor.java:101)
	at jadx.core.dex.visitors.usage.UsageInfoVisitor.buildUsageData(UsageInfoVisitor.java:81)
	at jadx.core.dex.visitors.usage.UsageInfoVisitor.init(UsageInfoVisitor.java:65)
	at jadx.core.dex.nodes.RootNode.runPreDecompileStage(RootNode.java:356)
	at jadx.api.JadxDecompiler.load(JadxDecompiler.java:136)
	at jadx.cli.JadxCLI.runSave(JadxCLI.java:71)
	at jadx.cli.JadxCLI.execute(JadxCLI.java:44)
	at jadx.cli.JadxCLI.execute(JadxCLI.java:33)
	at jadx.cli.JadxCLI.main(JadxCLI.java:26)
ERROR - Dependency scan failed at insn: 0x0074: NEW_INSTANCE r241 in method: com.shadow.kotlin.collections.ArrayDeque.retainAll(java.util.Collection<? extends java.lang.Object>):boolean, file: /workspace/xh/fixp_148608.dex
java.lang.IllegalArgumentException: newPosition < 0: (-912927180 < 0)
	at java.base/java.nio.Buffer.createPositionException(Buffer.java:351)
	at java.base/java.nio.Buffer.position(Buffer.java:326)
	at java.base/java.nio.ByteBuffer.position(ByteBuffer.java:1561)
	at jadx.plugins.input.dex.sections.SectionReader.absPos(SectionReader.java:82)
	at jadx.plugins.input.dex.sections.SectionReader.getString(SectionReader.java:175)
	at jadx.plugins.input.dex.sections.SectionReader.getType(SectionReader.java:165)
	at jadx.plugins.input.dex.insns.DexInsnData.getIndexAsType(DexInsnData.java:126)
	at jadx.core.dex.visitors.usage.UsageInfoVisitor.processInsn(UsageInfoVisitor.java:144)
	at jadx.core.dex.visitors.usage.UsageInfoVisitor.lambda$processInstructions$0(UsageInfoVisitor.java:130)
	at jadx.plugins.input.dex.sections.DexCodeReader.visitInstructions(DexCodeReader.java:86)
	at jadx.core.dex.visitors.usage.UsageInfoVisitor.processInstructions(UsageInfoVisitor.java:128)
	at jadx.core.dex.visitors.usage.UsageInfoVisitor.processMethod(UsageInfoVisitor.java:113)
	at jadx.core.dex.visitors.usage.UsageInfoVisitor.processClass(UsageInfoVisitor.java:101)
	at jadx.core.dex.visitors.usage.UsageInfoVisitor.buildUsageData(UsageInfoVisitor.java:81)
	at jadx.core.dex.visitors.usage.UsageInfoVisitor.init(UsageInfoVisitor.java:65)
	at jadx.core.dex.nodes.RootNode.runPreDecompileStage(RootNode.java:356)
	at jadx.api.JadxDecompiler.load(JadxDecompiler.java:136)
	at jadx.cli.JadxCLI.runSave(JadxCLI.java:71)
	at jadx.cli.JadxCLI.execute(JadxCLI.java:44)
	at jadx.cli.JadxCLI.execute(JadxCLI.java:33)
	at jadx.cli.JadxCLI.main(JadxCLI.java:26)
ERROR - Dependency scan failed at insn: 0x007E: INSTANCE_OF r4, r7 in method: com.shadow.kotlin.collections.ArrayDeque.retainAll(java.util.Collection<? extends java.lang.Object>):boolean, file: /workspace/xh/fixp_148608.dex
jadx.core.utils.exceptions.JadxRuntimeException: Failed to parse type string: 
	at jadx.core.dex.instructions.args.ArgType.parse(ArgType.java:738)
	at jadx.core.dex.visitors.usage.UsageInfoVisitor.processInsn(UsageInfoVisitor.java:144)
	at jadx.core.dex.visitors.usage.UsageInfoVisitor.lambda$processInstructions$0(UsageInfoVisitor.java:130)
	at jadx.plugins.input.dex.sections.DexCodeReader.visitInstructions(DexCodeReader.java:86)
	at jadx.core.dex.visitors.usage.UsageInfoVisitor.processInstructions(UsageInfoVisitor.java:128)
	at jadx.core.dex.visitors.usage.UsageInfoVisitor.processMethod(UsageInfoVisitor.java:113)
	at jadx.core.dex.visitors.usage.UsageInfoVisitor.processClass(UsageInfoVisitor.java:101)
	at jadx.core.dex.visitors.usage.UsageInfoVisitor.buildUsageData(UsageInfoVisitor.java:81)
	at jadx.core.dex.visitors.usage.UsageInfoVisitor.init(UsageInfoVisitor.java:65)
	at jadx.core.dex.nodes.RootNode.runPreDecompileStage(RootNode.java:356)
	at jadx.api.JadxDecompiler.load(JadxDecompiler.java:136)
	at jadx.cli.JadxCLI.runSave(JadxCLI.java:71)
	at jadx.cli.JadxCLI.execute(JadxCLI.java:44)
	at jadx.cli.JadxCLI.execute(JadxCLI.java:33)
	at jadx.cli.JadxCLI.main(JadxCLI.java:26)
ERROR - Dependency scan failed at insn: 0x008E: IPUT r7, r2 in method: com.shadow.kotlin.collections.ArrayDeque.retainAll(java.util.Collection<? extends java.lang.Object>):boolean, file: /workspace/xh/fixp_148608.dex
java.lang.IllegalArgumentException: newPosition > limit: (306974644 > 3323492)
	at java.base/java.nio.Buffer.createPositionException(Buffer.java:351)
	at java.base/java.nio.Buffer.position(Buffer.java:326)
	at java.base/java.nio.ByteBuffer.position(ByteBuffer.java:1561)
	at jadx.plugins.input.dex.sections.SectionReader.absPos(SectionReader.java:82)
	at jadx.plugins.input.dex.sections.SectionReader.getString(SectionReader.java:175)
	at jadx.plugins.input.dex.sections.SectionReader.getType(SectionReader.java:165)
	at jadx.plugins.input.dex.sections.SectionReader.fillFieldData(SectionReader.java:194)
	at jadx.plugins.input.dex.sections.SectionReader.getFieldRef(SectionReader.java:183)
	at jadx.plugins.input.dex.insns.DexInsnData.getIndexAsField(DexInsnData.java:131)
	at jadx.core.dex.visitors.usage.UsageInfoVisitor.processInsn(UsageInfoVisitor.java:150)
	at jadx.core.dex.visitors.usage.UsageInfoVisitor.lambda$processInstructions$0(UsageInfoVisitor.java:130)
	at jadx.plugins.input.dex.sections.DexCodeReader.visitInstructions(DexCodeReader.java:86)
	at jadx.core.dex.visitors.usage.UsageInfoVisitor.processInstructions(UsageInfoVisitor.java:128)
	at jadx.core.dex.visitors.usage.UsageInfoVisitor.processMethod(UsageInfoVisitor.java:113)
	at jadx.core.dex.visitors.usage.UsageInfoVisitor.processClass(UsageInfoVisitor.java:101)
	at jadx.core.dex.visitors.usage.UsageInfoVisitor.buildUsageData(UsageInfoVisitor.java:81)
	at jadx.core.dex.visitors.usage.UsageInfoVisitor.init(UsageInfoVisitor.java:65)
	at jadx.core.dex.nodes.RootNode.runPreDecompileStage(RootNode.java:356)
	at jadx.api.JadxDecompiler.load(JadxDecompiler.java:136)
	at jadx.cli.JadxCLI.runSave(JadxCLI.java:71)
	at jadx.cli.JadxCLI.execute(JadxCLI.java:44)
	at jadx.cli.JadxCLI.execute(JadxCLI.java:33)
	at jadx.cli.JadxCLI.main(JadxCLI.java:26)
ERROR - Dependency scan failed at insn: 0x0000: SGET r175 in method: com.shadow.kotlin.collections.ArrayDeque.set(int, E):E, file: /workspace/xh/fixp_148608.dex
java.lang.IllegalArgumentException: newPosition > limit: (471074892 > 3323492)
	at java.base/java.nio.Buffer.createPositionException(Buffer.java:351)
	at java.base/java.nio.Buffer.position(Buffer.java:326)
	at java.base/java.nio.ByteBuffer.position(ByteBuffer.java:1561)
	at jadx.plugins.input.dex.sections.SectionReader.absPos(SectionReader.java:82)
	at jadx.plugins.input.dex.sections.SectionReader.getString(SectionReader.java:175)
	at jadx.plugins.input.dex.sections.SectionReader.getType(SectionReader.java:165)
	at jadx.plugins.input.dex.sections.SectionReader.fillFieldData(SectionReader.java:194)
	at jadx.plugins.input.dex.sections.SectionReader.getFieldRef(SectionReader.java:183)
	at jadx.plugins.input.dex.insns.DexInsnData.getIndexAsField(DexInsnData.java:131)
	at jadx.core.dex.visitors.usage.UsageInfoVisitor.processInsn(UsageInfoVisitor.java:150)
	at jadx.core.dex.visitors.usage.UsageInfoVisitor.lambda$processInstructions$0(UsageInfoVisitor.java:130)
	at jadx.plugins.input.dex.sections.DexCodeReader.visitInstructions(DexCodeReader.java:86)
	at jadx.core.dex.visitors.usage.UsageInfoVisitor.processInstructions(UsageInfoVisitor.java:128)
	at jadx.core.dex.visitors.usage.UsageInfoVisitor.processMethod(UsageInfoVisitor.java:113)
	at jadx.core.dex.visitors.usage.UsageInfoVisitor.processClass(UsageInfoVisitor.java:101)
	at jadx.core.dex.visitors.usage.UsageInfoVisitor.buildUsageData(UsageInfoVisitor.java:81)
	at jadx.core.dex.visitors.usage.UsageInfoVisitor.init(UsageInfoVisitor.java:65)
	at jadx.core.dex.nodes.RootNode.runPreDecompileStage(RootNode.java:356)
	at jadx.api.JadxDecompiler.load(JadxDecompiler.java:136)
	at jadx.cli.JadxCLI.runSave(JadxCLI.java:71)
	at jadx.cli.JadxCLI.execute(JadxCLI.java:44)
	at jadx.cli.JadxCLI.execute(JadxCLI.java:33)
	at jadx.cli.JadxCLI.main(JadxCLI.java:26)
ERROR - Dependency scan failed at insn: 0x0002: INVOKE_CUSTOM_RANGE r34592, r34593, r34594, r34595, r34596, r34597, r34598, r34599, r34600, r34601, r34602, r34603, r34604, r34605, r34606, r34607, r34608, r34609, r34610, r34611, r34612, r34613, r34614, r34615, r34616, r34617, r34618, r34619, r34620, r34621, r34622, r34623, r34624, r34625, r34626, r34627, r34628, r34629, r34630, r34631, r34632, r34633, r34634, r34635, r34636, r34637, r34638, r34639, r34640, r34641, r34642, r34643, r34644, r34645, r34646, r34647, r34648, r34649, r34650, r34651, r34652, r34653, r34654, r34655, r34656, r34657, r34658, r34659, r34660, r34661, r34662, r34663, r34664, r34665, r34666, r34667, r34668, r34669, r34670, r34671, r34672, r34673, r34674, r34675, r34676, r34677, r34678, r34679, r34680, r34681, r34682, r34683, r34684, r34685, r34686, r34687, r34688, r34689, r34690, r34691, r34692, r34693, r34694, r34695, r34696, r34697, r34698, r34699, r34700, r34701, r34702, r34703, r34704, r34705, r34706, r34707, r34708, r34709, r34710, r34711, r34712, r34713, r34714, r34715, r34716, r34717, r34718, r34719, r34720, r34721, r34722, r34723, r34724, r34725, r34726, r34727, r34728, r34729, r34730, r34731, r34732, r34733, r34734, r34735, r34736, r34737, r34738, r34739, r34740, r34741, r34742, r34743, r34744, r34745, r34746, r34747, r34748, r34749, r34750, r34751, r34752, r34753, r34754, r34755, r34756, r34757, r34758, r34759, r34760, r34761, r34762, r34763 in method: com.shadow.kotlin.collections.ArrayDeque.set(int, E):E, file: /workspace/xh/fixp_148608.dex
jadx.plugins.input.dex.DexException: Unknown encoded value type: 0x13
	at jadx.plugins.input.dex.sections.annotations.EncodedValueParser.parseValue(EncodedValueParser.java:87)
	at jadx.plugins.input.dex.sections.annotations.EncodedValueParser.parseEncodedArray(EncodedValueParser.java:95)
	at jadx.plugins.input.dex.sections.SectionReader.getCallSite(SectionReader.java:209)
	at jadx.plugins.input.dex.insns.DexInsnData.getIndexAsCallSite(DexInsnData.java:141)
	at jadx.core.utils.input.InsnDataUtils.getCallSite(InsnDataUtils.java:27)
	at jadx.core.dex.visitors.usage.UsageInfoVisitor.processInsn(UsageInfoVisitor.java:174)
	at jadx.core.dex.visitors.usage.UsageInfoVisitor.lambda$processInstructions$0(UsageInfoVisitor.java:130)
	at jadx.plugins.input.dex.sections.DexCodeReader.visitInstructions(DexCodeReader.java:86)
	at jadx.core.dex.visitors.usage.UsageInfoVisitor.processInstructions(UsageInfoVisitor.java:128)
	at jadx.core.dex.visitors.usage.UsageInfoVisitor.processMethod(UsageInfoVisitor.java:113)
	at jadx.core.dex.visitors.usage.UsageInfoVisitor.processClass(UsageInfoVisitor.java:101)
	at jadx.core.dex.visitors.usage.UsageInfoVisitor.buildUsageData(UsageInfoVisitor.java:81)
	at jadx.core.dex.visitors.usage.UsageInfoVisitor.init(UsageInfoVisitor.java:65)
	at jadx.core.dex.nodes.RootNode.runPreDecompileStage(RootNode.java:356)
	at jadx.api.JadxDecompiler.load(JadxDecompiler.java:136)
	at jadx.cli.JadxCLI.runSave(JadxCLI.java:71)
	at jadx.cli.JadxCLI.execute(JadxCLI.java:44)
	at jadx.cli.JadxCLI.execute(JadxCLI.java:33)
	at jadx.cli.JadxCLI.main(JadxCLI.java:26)
ERROR - Dependency scan failed in method: com.shadow.kotlin.collections.ArrayDeque.toArray():java.lang.Object[], file: /workspace/xh/fixp_148608.dex
java.lang.ArrayIndexOutOfBoundsException: Index 5 out of bounds for length 5
	at jadx.plugins.input.dex.insns.DexInsnData.toString(DexInsnData.java:251)
	at java.base/java.lang.String.valueOf(String.java:4530)
	at jadx.core.dex.visitors.usage.UsageInfoVisitor.lambda$processInstructions$0(UsageInfoVisitor.java:132)
	at jadx.plugins.input.dex.sections.DexCodeReader.visitInstructions(DexCodeReader.java:86)
	at jadx.core.dex.visitors.usage.UsageInfoVisitor.processInstructions(UsageInfoVisitor.java:128)
	at jadx.core.dex.visitors.usage.UsageInfoVisitor.processMethod(UsageInfoVisitor.java:113)
	at jadx.core.dex.visitors.usage.UsageInfoVisitor.processClass(UsageInfoVisitor.java:101)
	at jadx.core.dex.visitors.usage.UsageInfoVisitor.buildUsageData(UsageInfoVisitor.java:81)
	at jadx.core.dex.visitors.usage.UsageInfoVisitor.init(UsageInfoVisitor.java:65)
	at jadx.core.dex.nodes.RootNode.runPreDecompileStage(RootNode.java:356)
	at jadx.api.JadxDecompiler.load(JadxDecompiler.java:136)
	at jadx.cli.JadxCLI.runSave(JadxCLI.java:71)
	at jadx.cli.JadxCLI.execute(JadxCLI.java:44)
	at jadx.cli.JadxCLI.execute(JadxCLI.java:33)
	at jadx.cli.JadxCLI.main(JadxCLI.java:26)
ERROR - Dependency scan failed at insn: 0x0002: INVOKE_VIRTUAL  in method: com.shadow.kotlin.collections.ArrayDeque.toArray(T[]):T[], file: /workspace/xh/fixp_148608.dex
java.lang.IllegalArgumentException: newPosition > limit: (2003897600 > 3323492)
	at java.base/java.nio.Buffer.createPositionException(Buffer.java:351)
	at java.base/java.nio.Buffer.position(Buffer.java:326)
	at java.base/java.nio.ByteBuffer.position(ByteBuffer.java:1561)
	at jadx.plugins.input.dex.sections.SectionReader.absPos(SectionReader.java:82)
	at jadx.plugins.input.dex.sections.SectionReader.readTypeListAt(SectionReader.java:141)
	at jadx.plugins.input.dex.sections.SectionReader.loadMethodRef(SectionReader.java:269)
	at jadx.plugins.input.dex.sections.DexMethodRef.load(DexMethodRef.java:28)
	at jadx.core.dex.info.MethodInfo.fromRef(MethodInfo.java:47)
	at jadx.core.dex.visitors.usage.UsageInfoVisitor.processInsn(UsageInfoVisitor.java:165)
	at jadx.core.dex.visitors.usage.UsageInfoVisitor.lambda$processInstructions$0(UsageInfoVisitor.java:130)
	at jadx.plugins.input.dex.sections.DexCodeReader.visitInstructions(DexCodeReader.java:86)
	at jadx.core.dex.visitors.usage.UsageInfoVisitor.processInstructions(UsageInfoVisitor.java:128)
	at jadx.core.dex.visitors.usage.UsageInfoVisitor.processMethod(UsageInfoVisitor.java:113)
	at jadx.core.dex.visitors.usage.UsageInfoVisitor.processClass(UsageInfoVisitor.java:101)
	at jadx.core.dex.visitors.usage.UsageInfoVisitor.buildUsageData(UsageInfoVisitor.java:81)
	at jadx.core.dex.visitors.usage.UsageInfoVisitor.init(UsageInfoVisitor.java:65)
	at jadx.core.dex.nodes.RootNode.runPreDecompileStage(RootNode.java:356)
	at jadx.api.JadxDecompiler.load(JadxDecompiler.java:136)
	at jadx.cli.JadxCLI.runSave(JadxCLI.java:71)
	at jadx.cli.JadxCLI.execute(JadxCLI.java:44)
	at jadx.cli.JadxCLI.execute(JadxCLI.java:33)
	at jadx.cli.JadxCLI.main(JadxCLI.java:26)
ERROR - Dependency scan failed at insn: 0x0008: NEW_ARRAY r10, r9 in method: com.shadow.kotlin.collections.ArrayDeque.toArray(T[]):T[], file: /workspace/xh/fixp_148608.dex
java.lang.IllegalArgumentException: newPosition < 0: (-1781497356 < 0)
	at java.base/java.nio.Buffer.createPositionException(Buffer.java:351)
	at java.base/java.nio.Buffer.position(Buffer.java:326)
	at java.base/java.nio.ByteBuffer.position(ByteBuffer.java:1561)
	at jadx.plugins.input.dex.sections.SectionReader.absPos(SectionReader.java:82)
	at jadx.plugins.input.dex.sections.SectionReader.getString(SectionReader.java:175)
	at jadx.plugins.input.dex.sections.SectionReader.getType(SectionReader.java:165)
	at jadx.plugins.input.dex.insns.DexInsnData.getIndexAsType(DexInsnData.java:126)
	at jadx.core.dex.visitors.usage.UsageInfoVisitor.processInsn(UsageInfoVisitor.java:144)
	at jadx.core.dex.visitors.usage.UsageInfoVisitor.lambda$processInstructions$0(UsageInfoVisitor.java:130)
	at jadx.plugins.input.dex.sections.DexCodeReader.visitInstructions(DexCodeReader.java:86)
	at jadx.core.dex.visitors.usage.UsageInfoVisitor.processInstructions(UsageInfoVisitor.java:128)
	at jadx.core.dex.visitors.usage.UsageInfoVisitor.processMethod(UsageInfoVisitor.java:113)
	at jadx.core.dex.visitors.usage.UsageInfoVisitor.processClass(UsageInfoVisitor.java:101)
	at jadx.core.dex.visitors.usage.UsageInfoVisitor.buildUsageData(UsageInfoVisitor.java:81)
	at jadx.core.dex.visitors.usage.UsageInfoVisitor.init(UsageInfoVisitor.java:65)
	at jadx.core.dex.nodes.RootNode.runPreDecompileStage(RootNode.java:356)
	at jadx.api.JadxDecompiler.load(JadxDecompiler.java:136)
	at jadx.cli.JadxCLI.runSave(JadxCLI.java:71)
	at jadx.cli.JadxCLI.execute(JadxCLI.java:44)
	at jadx.cli.JadxCLI.execute(JadxCLI.java:33)
	at jadx.cli.JadxCLI.main(JadxCLI.java:26)
ERROR - Dependency scan failed at insn: 0x000B: INVOKE_DIRECT_RANGE r338, r339, r340, r341, r342, r343, r344, r345, r346, r347, r348, r349, r350, r351, r352, r353, r354, r355, r356, r357, r358, r359, r360, r361, r362, r363, r364, r365, r366, r367, r368, r369, r370, r371, r372, r373, r374, r375, r376, r377, r378, r379, r380, r381, r382, r383, r384, r385, r386, r387, r388, r389, r390, r391, r392, r393, r394, r395, r396, r397, r398, r399, r400, r401, r402, r403, r404, r405, r406, r407, r408, r409, r410, r411, r412, r413, r414, r415, r416, r417, r418, r419, r420, r421, r422, r423, r424, r425, r426, r427, r428, r429, r430, r431, r432, r433, r434, r435, r436, r437, r438, r439, r440, r441, r442, r443, r444, r445, r446, r447, r448, r449, r450, r451, r452, r453, r454, r455, r456, r457, r458, r459, r460, r461, r462, r463, r464, r465, r466, r467, r468, r469, r470, r471, r472, r473, r474, r475, r476, r477, r478, r479, r480, r481, r482, r483, r484, r485, r486, r487, r488, r489, r490, r491, r492, r493, r494, r495, r496, r497, r498, r499, r500, r501, r502, r503, r504, r505, r506, r507, r508, r509, r510, r511, r512, r513, r514, r515, r516, r517, r518, r519, r520, r521, r522, r523, r524, r525, r526, r527, r528, r529, r530 in method: com.shadow.kotlin.collections.ArrayDeque.toArray(T[]):T[], file: /workspace/xh/fixp_148608.dex
java.lang.IllegalArgumentException: newPosition < 0: (-609887327 < 0)
	at java.base/java.nio.Buffer.createPositionException(Buffer.java:351)
	at java.base/java.nio.Buffer.position(Buffer.java:326)
	at java.base/java.nio.ByteBuffer.position(ByteBuffer.java:1561)
	at jadx.plugins.input.dex.sections.SectionReader.absPos(SectionReader.java:82)
	at jadx.plugins.input.dex.sections.SectionReader.readTypeListAt(SectionReader.java:141)
	at jadx.plugins.input.dex.sections.SectionReader.loadMethodRef(SectionReader.java:269)
	at jadx.plugins.input.dex.sections.DexMethodRef.load(DexMethodRef.java:28)
	at jadx.core.dex.info.MethodInfo.fromRef(MethodInfo.java:47)
	at jadx.core.dex.visitors.usage.UsageInfoVisitor.processInsn(UsageInfoVisitor.java:165)
	at jadx.core.dex.visitors.usage.UsageInfoVisitor.lambda$processInstructions$0(UsageInfoVisitor.java:130)
	at jadx.plugins.input.dex.sections.DexCodeReader.visitInstructions(DexCodeReader.java:86)
	at jadx.core.dex.visitors.usage.UsageInfoVisitor.processInstructions(UsageInfoVisitor.java:128)
	at jadx.core.dex.visitors.usage.UsageInfoVisitor.processMethod(UsageInfoVisitor.java:113)
	at jadx.core.dex.visitors.usage.UsageInfoVisitor.processClass(UsageInfoVisitor.java:101)
	at jadx.core.dex.visitors.usage.UsageInfoVisitor.buildUsageData(UsageInfoVisitor.java:81)
	at jadx.core.dex.visitors.usage.UsageInfoVisitor.init(UsageInfoVisitor.java:65)
	at jadx.core.dex.nodes.RootNode.runPreDecompileStage(RootNode.java:356)
	at jadx.api.JadxDecompiler.load(JadxDecompiler.java:136)
	at jadx.cli.JadxCLI.runSave(JadxCLI.java:71)
	at jadx.cli.JadxCLI.execute(JadxCLI.java:44)
	at jadx.cli.JadxCLI.execute(JadxCLI.java:33)
	at jadx.cli.JadxCLI.main(JadxCLI.java:26)
ERROR - Dependency scan failed at insn: 0x001E: INVOKE_SUPER_RANGE r45408, r45409, r45410, r45411, r45412, r45413, r45414, r45415, r45416, r45417, r45418, r45419, r45420, r45421, r45422, r45423, r45424, r45425, r45426, r45427, r45428, r45429, r45430, r45431, r45432, r45433, r45434, r45435, r45436, r45437, r45438, r45439, r45440, r45441, r45442, r45443, r45444, r45445, r45446, r45447, r45448, r45449, r45450, r45451, r45452, r45453, r45454, r45455, r45456, r45457, r45458, r45459, r45460, r45461, r45462, r45463, r45464, r45465, r45466, r45467, r45468, r45469, r45470, r45471, r45472, r45473, r45474, r45475, r45476, r45477, r45478, r45479, r45480, r45481, r45482, r45483, r45484, r45485, r45486, r45487, r45488, r45489, r45490, r45491, r45492, r45493, r45494, r45495, r45496, r45497, r45498, r45499, r45500, r45501, r45502, r45503, r45504, r45505, r45506, r45507, r45508, r45509, r45510, r45511, r45512, r45513, r45514, r45515, r45516, r45517, r45518, r45519, r45520, r45521, r45522, r45523, r45524, r45525, r45526, r45527, r45528, r45529, r45530, r45531, r45532, r45533, r45534, r45535, r45536, r45537, r45538, r45539, r45540, r45541, r45542, r45543, r45544, r45545, r45546, r45547, r45548, r45549, r45550, r45551, r45552, r45553, r45554, r45555, r45556, r45557, r45558, r45559, r45560, r45561, r45562, r45563, r45564, r45565, r45566, r45567, r45568, r45569, r45570, r45571, r45572, r45573, r45574, r45575, r45576, r45577, r45578, r45579, r45580, r45581, r45582, r45583, r45584, r45585, r45586, r45587, r45588, r45589, r45590, r45591, r45592, r45593, r45594, r45595, r45596, r45597, r45598, r45599, r45600, r45601, r45602, r45603, r45604, r45605, r45606, r45607, r45608, r45609, r45610, r45611, r45612, r45613, r45614, r45615, r45616, r45617, r45618, r45619, r45620, r45621, r45622, r45623 in method: com.shadow.kotlin.collections.ArrayDeque.toArray(T[]):T[], file: /workspace/xh/fixp_148608.dex
java.lang.IllegalArgumentException: newPosition > limit: (661546092 > 3323492)
	at java.base/java.nio.Buffer.createPositionException(Buffer.java:351)
	at java.base/java.nio.Buffer.position(Buffer.java:326)
	at java.base/java.nio.ByteBuffer.position(ByteBuffer.java:1561)
	at jadx.plugins.input.dex.sections.SectionReader.absPos(SectionReader.java:82)
	at jadx.plugins.input.dex.sections.SectionReader.readTypeListAt(SectionReader.java:141)
	at jadx.plugins.input.dex.sections.SectionReader.loadMethodRef(SectionReader.java:269)
	at jadx.plugins.input.dex.sections.DexMethodRef.load(DexMethodRef.java:28)
	at jadx.core.dex.info.MethodInfo.fromRef(MethodInfo.java:47)
	at jadx.core.dex.visitors.usage.UsageInfoVisitor.processInsn(UsageInfoVisitor.java:165)
	at jadx.core.dex.visitors.usage.UsageInfoVisitor.lambda$processInstructions$0(UsageInfoVisitor.java:130)
	at jadx.plugins.input.dex.sections.DexCodeReader.visitInstructions(DexCodeReader.java:86)
	at jadx.core.dex.visitors.usage.UsageInfoVisitor.processInstructions(UsageInfoVisitor.java:128)
	at jadx.core.dex.visitors.usage.UsageInfoVisitor.processMethod(UsageInfoVisitor.java:113)
	at jadx.core.dex.visitors.usage.UsageInfoVisitor.processClass(UsageInfoVisitor.java:101)
	at jadx.core.dex.visitors.usage.UsageInfoVisitor.buildUsageData(UsageInfoVisitor.java:81)
	at jadx.core.dex.visitors.usage.UsageInfoVisitor.init(UsageInfoVisitor.java:65)
	at jadx.core.dex.nodes.RootNode.runPreDecompileStage(RootNode.java:356)
	at jadx.api.JadxDecompiler.load(JadxDecompiler.java:136)
	at jadx.cli.JadxCLI.runSave(JadxCLI.java:71)
	at jadx.cli.JadxCLI.execute(JadxCLI.java:44)
	at jadx.cli.JadxCLI.execute(JadxCLI.java:33)
	at jadx.cli.JadxCLI.main(JadxCLI.java:26)
ERROR - Dependency scan failed at insn: 0x002F: SGET r243 in method: com.shadow.kotlin.collections.ArrayDeque.toArray(T[]):T[], file: /workspace/xh/fixp_148608.dex
java.lang.IllegalArgumentException: newPosition < 0: (-1999814072 < 0)
	at java.base/java.nio.Buffer.createPositionException(Buffer.java:351)
	at java.base/java.nio.Buffer.position(Buffer.java:326)
	at java.base/java.nio.ByteBuffer.position(ByteBuffer.java:1561)
	at jadx.plugins.input.dex.sections.SectionReader.absPos(SectionReader.java:82)
	at jadx.plugins.input.dex.sections.SectionReader.getString(SectionReader.java:175)
	at jadx.plugins.input.dex.sections.SectionReader.fillFieldData(SectionReader.java:195)
	at jadx.plugins.input.dex.sections.SectionReader.getFieldRef(SectionReader.java:183)
	at jadx.plugins.input.dex.insns.DexInsnData.getIndexAsField(DexInsnData.java:131)
	at jadx.core.dex.visitors.usage.UsageInfoVisitor.processInsn(UsageInfoVisitor.java:150)
	at jadx.core.dex.visitors.usage.UsageInfoVisitor.lambda$processInstructions$0(UsageInfoVisitor.java:130)
	at jadx.plugins.input.dex.sections.DexCodeReader.visitInstructions(DexCodeReader.java:86)
	at jadx.core.dex.visitors.usage.UsageInfoVisitor.processInstructions(UsageInfoVisitor.java:128)
	at jadx.core.dex.visitors.usage.UsageInfoVisitor.processMethod(UsageInfoVisitor.java:113)
	at jadx.core.dex.visitors.usage.UsageInfoVisitor.processClass(UsageInfoVisitor.java:101)
	at jadx.core.dex.visitors.usage.UsageInfoVisitor.buildUsageData(UsageInfoVisitor.java:81)
	at jadx.core.dex.visitors.usage.UsageInfoVisitor.init(UsageInfoVisitor.java:65)
	at jadx.core.dex.nodes.RootNode.runPreDecompileStage(RootNode.java:356)
	at jadx.api.JadxDecompiler.load(JadxDecompiler.java:136)
	at jadx.cli.JadxCLI.runSave(JadxCLI.java:71)
	at jadx.cli.JadxCLI.execute(JadxCLI.java:44)
	at jadx.cli.JadxCLI.execute(JadxCLI.java:33)
	at jadx.cli.JadxCLI.main(JadxCLI.java:26)
ERROR - Dependency scan failed at insn: 0x0031: INVOKE_CUSTOM r1, r15, r9, r12, r15 in method: com.shadow.kotlin.collections.ArrayDeque.toArray(T[]):T[], file: /workspace/xh/fixp_148608.dex
java.lang.IllegalArgumentException: newPosition > limit: (60293463 > 3323492)
	at java.base/java.nio.Buffer.createPositionException(Buffer.java:351)
	at java.base/java.nio.Buffer.position(Buffer.java:326)
	at java.base/java.nio.ByteBuffer.position(ByteBuffer.java:1561)
	at jadx.plugins.input.dex.sections.SectionReader.absPos(SectionReader.java:82)
	at jadx.plugins.input.dex.sections.SectionReader.getCallSite(SectionReader.java:208)
	at jadx.plugins.input.dex.insns.DexInsnData.getIndexAsCallSite(DexInsnData.java:141)
	at jadx.core.utils.input.InsnDataUtils.getCallSite(InsnDataUtils.java:27)
	at jadx.core.dex.visitors.usage.UsageInfoVisitor.processInsn(UsageInfoVisitor.java:174)
	at jadx.core.dex.visitors.usage.UsageInfoVisitor.lambda$processInstructions$0(UsageInfoVisitor.java:130)
	at jadx.plugins.input.dex.sections.DexCodeReader.visitInstructions(DexCodeReader.java:86)
	at jadx.core.dex.visitors.usage.UsageInfoVisitor.processInstructions(UsageInfoVisitor.java:128)
	at jadx.core.dex.visitors.usage.UsageInfoVisitor.processMethod(UsageInfoVisitor.java:113)
	at jadx.core.dex.visitors.usage.UsageInfoVisitor.processClass(UsageInfoVisitor.java:101)
	at jadx.core.dex.visitors.usage.UsageInfoVisitor.buildUsageData(UsageInfoVisitor.java:81)
	at jadx.core.dex.visitors.usage.UsageInfoVisitor.init(UsageInfoVisitor.java:65)
	at jadx.core.dex.nodes.RootNode.runPreDecompileStage(RootNode.java:356)
	at jadx.api.JadxDecompiler.load(JadxDecompiler.java:136)
	at jadx.cli.JadxCLI.runSave(JadxCLI.java:71)
	at jadx.cli.JadxCLI.execute(JadxCLI.java:44)
	at jadx.cli.JadxCLI.execute(JadxCLI.java:33)
	at jadx.cli.JadxCLI.main(JadxCLI.java:26)
ERROR - Dependency scan failed at insn: 0x003D: NEW_ARRAY r12, r1 in method: com.shadow.kotlin.collections.ArrayDeque.toArray(T[]):T[], file: /workspace/xh/fixp_148608.dex
java.lang.IllegalArgumentException: newPosition > limit: (274204520 > 3323492)
	at java.base/java.nio.Buffer.createPositionException(Buffer.java:351)
	at java.base/java.nio.Buffer.position(Buffer.java:326)
	at java.base/java.nio.ByteBuffer.position(ByteBuffer.java:1561)
	at jadx.plugins.input.dex.sections.SectionReader.absPos(SectionReader.java:82)
	at jadx.plugins.input.dex.sections.SectionReader.getString(SectionReader.java:175)
	at jadx.plugins.input.dex.sections.SectionReader.getType(SectionReader.java:165)
	at jadx.plugins.input.dex.insns.DexInsnData.getIndexAsType(DexInsnData.java:126)
	at jadx.core.dex.visitors.usage.UsageInfoVisitor.processInsn(UsageInfoVisitor.java:144)
	at jadx.core.dex.visitors.usage.UsageInfoVisitor.lambda$processInstructions$0(UsageInfoVisitor.java:130)
	at jadx.plugins.input.dex.sections.DexCodeReader.visitInstructions(DexCodeReader.java:86)
	at jadx.core.dex.visitors.usage.UsageInfoVisitor.processInstructions(UsageInfoVisitor.java:128)
	at jadx.core.dex.visitors.usage.UsageInfoVisitor.processMethod(UsageInfoVisitor.java:113)
	at jadx.core.dex.visitors.usage.UsageInfoVisitor.processClass(UsageInfoVisitor.java:101)
	at jadx.core.dex.visitors.usage.UsageInfoVisitor.buildUsageData(UsageInfoVisitor.java:81)
	at jadx.core.dex.visitors.usage.UsageInfoVisitor.init(UsageInfoVisitor.java:65)
	at jadx.core.dex.nodes.RootNode.runPreDecompileStage(RootNode.java:356)
	at jadx.api.JadxDecompiler.load(JadxDecompiler.java:136)
	at jadx.cli.JadxCLI.runSave(JadxCLI.java:71)
	at jadx.cli.JadxCLI.execute(JadxCLI.java:44)
	at jadx.cli.JadxCLI.execute(JadxCLI.java:33)
	at jadx.cli.JadxCLI.main(JadxCLI.java:26)
ERROR - Dependency scan failed at insn: 0x0048: INVOKE_STATIC_RANGE r4387, r4388, r4389, r4390, r4391, r4392, r4393, r4394, r4395, r4396, r4397, r4398, r4399, r4400, r4401, r4402, r4403, r4404, r4405, r4406, r4407, r4408, r4409, r4410, r4411, r4412, r4413, r4414, r4415, r4416, r4417, r4418, r4419, r4420, r4421, r4422, r4423, r4424, r4425, r4426, r4427, r4428, r4429, r4430, r4431, r4432, r4433, r4434, r4435, r4436, r4437, r4438, r4439, r4440, r4441, r4442, r4443, r4444, r4445, r4446, r4447, r4448, r4449, r4450, r4451, r4452, r4453, r4454, r4455, r4456, r4457 in method: com.shadow.kotlin.collections.ArrayDeque.toArray(T[]):T[], file: /workspace/xh/fixp_148608.dex
java.lang.IllegalArgumentException: newPosition < 0: (-610280550 < 0)
	at java.base/java.nio.Buffer.createPositionException(Buffer.java:351)
	at java.base/java.nio.Buffer.position(Buffer.java:326)
	at java.base/java.nio.ByteBuffer.position(ByteBuffer.java:1561)
	at jadx.plugins.input.dex.sections.SectionReader.absPos(SectionReader.java:82)
	at jadx.plugins.input.dex.sections.SectionReader.readTypeListAt(SectionReader.java:141)
	at jadx.plugins.input.dex.sections.SectionReader.loadMethodRef(SectionReader.java:269)
	at jadx.plugins.input.dex.sections.DexMethodRef.load(DexMethodRef.java:28)
	at jadx.core.dex.info.MethodInfo.fromRef(MethodInfo.java:47)
	at jadx.core.dex.visitors.usage.UsageInfoVisitor.processInsn(UsageInfoVisitor.java:165)
	at jadx.core.dex.visitors.usage.UsageInfoVisitor.lambda$processInstructions$0(UsageInfoVisitor.java:130)
	at jadx.plugins.input.dex.sections.DexCodeReader.visitInstructions(DexCodeReader.java:86)
	at jadx.core.dex.visitors.usage.UsageInfoVisitor.processInstructions(UsageInfoVisitor.java:128)
	at jadx.core.dex.visitors.usage.UsageInfoVisitor.processMethod(UsageInfoVisitor.java:113)
	at jadx.core.dex.visitors.usage.UsageInfoVisitor.processClass(UsageInfoVisitor.java:101)
	at jadx.core.dex.visitors.usage.UsageInfoVisitor.buildUsageData(UsageInfoVisitor.java:81)
	at jadx.core.dex.visitors.usage.UsageInfoVisitor.init(UsageInfoVisitor.java:65)
	at jadx.core.dex.nodes.RootNode.runPreDecompileStage(RootNode.java:356)
	at jadx.api.JadxDecompiler.load(JadxDecompiler.java:136)
	at jadx.cli.JadxCLI.runSave(JadxCLI.java:71)
	at jadx.cli.JadxCLI.execute(JadxCLI.java:44)
	at jadx.cli.JadxCLI.execute(JadxCLI.java:33)
	at jadx.cli.JadxCLI.main(JadxCLI.java:26)
ERROR - Dependency scan failed at insn: 0x0055: INVOKE_INTERFACE_RANGE r28249, r28250, r28251, r28252, r28253, r28254, r28255, r28256, r28257, r28258, r28259, r28260, r28261, r28262, r28263, r28264, r28265, r28266, r28267, r28268, r28269, r28270, r28271, r28272, r28273, r28274, r28275, r28276, r28277, r28278, r28279, r28280, r28281, r28282, r28283, r28284, r28285, r28286, r28287, r28288, r28289, r28290, r28291, r28292, r28293, r28294, r28295, r28296, r28297, r28298, r28299, r28300, r28301, r28302, r28303, r28304, r28305, r28306, r28307, r28308, r28309, r28310, r28311, r28312, r28313, r28314 in method: com.shadow.kotlin.collections.ArrayDeque.toArray(T[]):T[], file: /workspace/xh/fixp_148608.dex
java.lang.IllegalArgumentException: newPosition < 0: (-609494105 < 0)
	at java.base/java.nio.Buffer.createPositionException(Buffer.java:351)
	at java.base/java.nio.Buffer.position(Buffer.java:326)
	at java.base/java.nio.ByteBuffer.position(ByteBuffer.java:1561)
	at jadx.plugins.input.dex.sections.SectionReader.absPos(SectionReader.java:82)
	at jadx.plugins.input.dex.sections.SectionReader.readTypeListAt(SectionReader.java:141)
	at jadx.plugins.input.dex.sections.SectionReader.loadMethodRef(SectionReader.java:269)
	at jadx.plugins.input.dex.sections.DexMethodRef.load(DexMethodRef.java:28)
	at jadx.core.dex.info.MethodInfo.fromRef(MethodInfo.java:47)
	at jadx.core.dex.visitors.usage.UsageInfoVisitor.processInsn(UsageInfoVisitor.java:165)
	at jadx.core.dex.visitors.usage.UsageInfoVisitor.lambda$processInstructions$0(UsageInfoVisitor.java:130)
	at jadx.plugins.input.dex.sections.DexCodeReader.visitInstructions(DexCodeReader.java:86)
	at jadx.core.dex.visitors.usage.UsageInfoVisitor.processInstructions(UsageInfoVisitor.java:128)
	at jadx.core.dex.visitors.usage.UsageInfoVisitor.processMethod(UsageInfoVisitor.java:113)
	at jadx.core.dex.visitors.usage.UsageInfoVisitor.processClass(UsageInfoVisitor.java:101)
	at jadx.core.dex.visitors.usage.UsageInfoVisitor.buildUsageData(UsageInfoVisitor.java:81)
	at jadx.core.dex.visitors.usage.UsageInfoVisitor.init(UsageInfoVisitor.java:65)
	at jadx.core.dex.nodes.RootNode.runPreDecompileStage(RootNode.java:356)
	at jadx.api.JadxDecompiler.load(JadxDecompiler.java:136)
	at jadx.cli.JadxCLI.runSave(JadxCLI.java:71)
	at jadx.cli.JadxCLI.execute(JadxCLI.java:44)
	at jadx.cli.JadxCLI.execute(JadxCLI.java:33)
	at jadx.cli.JadxCLI.main(JadxCLI.java:26)
ERROR - Dependency scan failed at insn: 0x0000: IPUT r12, r8 in method: com.shadow.kotlin.collections.ArraysKt.b(byte[], int, byte[], int, int):void, file: /workspace/xh/fixp_148608.dex
java.lang.IllegalArgumentException: newPosition < 0: (-1781428732 < 0)
	at java.base/java.nio.Buffer.createPositionException(Buffer.java:351)
	at java.base/java.nio.Buffer.position(Buffer.java:326)
	at java.base/java.nio.ByteBuffer.position(ByteBuffer.java:1561)
	at jadx.plugins.input.dex.sections.SectionReader.absPos(SectionReader.java:82)
	at jadx.plugins.input.dex.sections.SectionReader.getString(SectionReader.java:175)
	at jadx.plugins.input.dex.sections.SectionReader.fillFieldData(SectionReader.java:195)
	at jadx.plugins.input.dex.sections.SectionReader.getFieldRef(SectionReader.java:183)
	at jadx.plugins.input.dex.insns.DexInsnData.getIndexAsField(DexInsnData.java:131)
	at jadx.core.dex.visitors.usage.UsageInfoVisitor.processInsn(UsageInfoVisitor.java:150)
	at jadx.core.dex.visitors.usage.UsageInfoVisitor.lambda$processInstructions$0(UsageInfoVisitor.java:130)
	at jadx.plugins.input.dex.sections.DexCodeReader.visitInstructions(DexCodeReader.java:86)
	at jadx.core.dex.visitors.usage.UsageInfoVisitor.processInstructions(UsageInfoVisitor.java:128)
	at jadx.core.dex.visitors.usage.UsageInfoVisitor.processMethod(UsageInfoVisitor.java:113)
	at jadx.core.dex.visitors.usage.UsageInfoVisitor.processClass(UsageInfoVisitor.java:101)
	at jadx.core.dex.visitors.usage.UsageInfoVisitor.buildUsageData(UsageInfoVisitor.java:81)
	at jadx.core.dex.visitors.usage.UsageInfoVisitor.init(UsageInfoVisitor.java:65)
	at jadx.core.dex.nodes.RootNode.runPreDecompileStage(RootNode.java:356)
	at jadx.api.JadxDecompiler.load(JadxDecompiler.java:136)
	at jadx.cli.JadxCLI.runSave(JadxCLI.java:71)
	at jadx.cli.JadxCLI.execute(JadxCLI.java:44)
	at jadx.cli.JadxCLI.execute(JadxCLI.java:33)
	at jadx.cli.JadxCLI.main(JadxCLI.java:26)
ERROR - Dependency scan failed at insn: 0x000C: IGET r8, r2 in method: com.shadow.kotlin.collections.ArraysKt.c(java.lang.Object[], java.lang.Object[], int, int, int):void, file: /workspace/xh/fixp_148608.dex
java.lang.IllegalArgumentException: newPosition < 0: (-1246380548 < 0)
	at java.base/java.nio.Buffer.createPositionException(Buffer.java:351)
	at java.base/java.nio.Buffer.position(Buffer.java:326)
	at java.base/java.nio.ByteBuffer.position(ByteBuffer.java:1561)
	at jadx.plugins.input.dex.sections.SectionReader.absPos(SectionReader.java:82)
	at jadx.plugins.input.dex.sections.SectionReader.getString(SectionReader.java:175)
	at jadx.plugins.input.dex.sections.SectionReader.fillFieldData(SectionReader.java:195)
	at jadx.plugins.input.dex.sections.SectionReader.getFieldRef(SectionReader.java:183)
	at jadx.plugins.input.dex.insns.DexInsnData.getIndexAsField(DexInsnData.java:131)
	at jadx.core.dex.visitors.usage.UsageInfoVisitor.processInsn(UsageInfoVisitor.java:150)
	at jadx.core.dex.visitors.usage.UsageInfoVisitor.lambda$processInstructions$0(UsageInfoVisitor.java:130)
	at jadx.plugins.input.dex.sections.DexCodeReader.visitInstructions(DexCodeReader.java:86)
	at jadx.core.dex.visitors.usage.UsageInfoVisitor.processInstructions(UsageInfoVisitor.java:128)
	at jadx.core.dex.visitors.usage.UsageInfoVisitor.processMethod(UsageInfoVisitor.java:113)
	at jadx.core.dex.visitors.usage.UsageInfoVisitor.processClass(UsageInfoVisitor.java:101)
	at jadx.core.dex.visitors.usage.UsageInfoVisitor.buildUsageData(UsageInfoVisitor.java:81)
	at jadx.core.dex.visitors.usage.UsageInfoVisitor.init(UsageInfoVisitor.java:65)
	at jadx.core.dex.nodes.RootNode.runPreDecompileStage(RootNode.java:356)
	at jadx.api.JadxDecompiler.load(JadxDecompiler.java:136)
	at jadx.cli.JadxCLI.runSave(JadxCLI.java:71)
	at jadx.cli.JadxCLI.execute(JadxCLI.java:44)
	at jadx.cli.JadxCLI.execute(JadxCLI.java:33)
	at jadx.cli.JadxCLI.main(JadxCLI.java:26)
ERROR - Dependency scan failed at insn: 0x0004: SPUT r126 in method: com.shadow.kotlin.collections.ArraysKt.d(byte[], int, int):byte[], file: /workspace/xh/fixp_148608.dex
java.lang.IllegalArgumentException: newPosition > limit: (15574576 > 3323492)
	at java.base/java.nio.Buffer.createPositionException(Buffer.java:351)
	at java.base/java.nio.Buffer.position(Buffer.java:326)
	at java.base/java.nio.ByteBuffer.position(ByteBuffer.java:1561)
	at jadx.plugins.input.dex.sections.SectionReader.absPos(SectionReader.java:82)
	at jadx.plugins.input.dex.sections.SectionReader.getString(SectionReader.java:175)
	at jadx.plugins.input.dex.sections.SectionReader.fillFieldData(SectionReader.java:195)
	at jadx.plugins.input.dex.sections.SectionReader.getFieldRef(SectionReader.java:183)
	at jadx.plugins.input.dex.insns.DexInsnData.getIndexAsField(DexInsnData.java:131)
	at jadx.core.dex.visitors.usage.UsageInfoVisitor.processInsn(UsageInfoVisitor.java:150)
	at jadx.core.dex.visitors.usage.UsageInfoVisitor.lambda$processInstructions$0(UsageInfoVisitor.java:130)
	at jadx.plugins.input.dex.sections.DexCodeReader.visitInstructions(DexCodeReader.java:86)
	at jadx.core.dex.visitors.usage.UsageInfoVisitor.processInstructions(UsageInfoVisitor.java:128)
	at jadx.core.dex.visitors.usage.UsageInfoVisitor.processMethod(UsageInfoVisitor.java:113)
	at jadx.core.dex.visitors.usage.UsageInfoVisitor.processClass(UsageInfoVisitor.java:101)
	at jadx.core.dex.visitors.usage.UsageInfoVisitor.buildUsageData(UsageInfoVisitor.java:81)
	at jadx.core.dex.visitors.usage.UsageInfoVisitor.init(UsageInfoVisitor.java:65)
	at jadx.core.dex.nodes.RootNode.runPreDecompileStage(RootNode.java:356)
	at jadx.api.JadxDecompiler.load(JadxDecompiler.java:136)
	at jadx.cli.JadxCLI.runSave(JadxCLI.java:71)
	at jadx.cli.JadxCLI.execute(JadxCLI.java:44)
	at jadx.cli.JadxCLI.execute(JadxCLI.java:33)
	at jadx.cli.JadxCLI.main(JadxCLI.java:26)
ERROR - Dependency scan failed at insn: 0x0009: SPUT r151 in method: com.shadow.kotlin.collections.ArraysKt.e(java.lang.Object[], int, int):java.lang.Object[], file: /workspace/xh/fixp_148608.dex
java.lang.IllegalArgumentException: newPosition > limit: (297535260 > 3323492)
	at java.base/java.nio.Buffer.createPositionException(Buffer.java:351)
	at java.base/java.nio.Buffer.position(Buffer.java:326)
	at java.base/java.nio.ByteBuffer.position(ByteBuffer.java:1561)
	at jadx.plugins.input.dex.sections.SectionReader.absPos(SectionReader.java:82)
	at jadx.plugins.input.dex.sections.SectionReader.getString(SectionReader.java:175)
	at jadx.plugins.input.dex.sections.SectionReader.getType(SectionReader.java:165)
	at jadx.plugins.input.dex.sections.SectionReader.fillFieldData(SectionReader.java:194)
	at jadx.plugins.input.dex.sections.SectionReader.getFieldRef(SectionReader.java:183)
	at jadx.plugins.input.dex.insns.DexInsnData.getIndexAsField(DexInsnData.java:131)
	at jadx.core.dex.visitors.usage.UsageInfoVisitor.processInsn(UsageInfoVisitor.java:150)
	at jadx.core.dex.visitors.usage.UsageInfoVisitor.lambda$processInstructions$0(UsageInfoVisitor.java:130)
	at jadx.plugins.input.dex.sections.DexCodeReader.visitInstructions(DexCodeReader.java:86)
	at jadx.core.dex.visitors.usage.UsageInfoVisitor.processInstructions(UsageInfoVisitor.java:128)
	at jadx.core.dex.visitors.usage.UsageInfoVisitor.processMethod(UsageInfoVisitor.java:113)
	at jadx.core.dex.visitors.usage.UsageInfoVisitor.processClass(UsageInfoVisitor.java:101)
	at jadx.core.dex.visitors.usage.UsageInfoVisitor.buildUsageData(UsageInfoVisitor.java:81)
	at jadx.core.dex.visitors.usage.UsageInfoVisitor.init(UsageInfoVisitor.java:65)
	at jadx.core.dex.nodes.RootNode.runPreDecompileStage(RootNode.java:356)
	at jadx.api.JadxDecompiler.load(JadxDecompiler.java:136)
	at jadx.cli.JadxCLI.runSave(JadxCLI.java:71)
	at jadx.cli.JadxCLI.execute(JadxCLI.java:44)
	at jadx.cli.JadxCLI.execute(JadxCLI.java:33)
	at jadx.cli.JadxCLI.main(JadxCLI.java:26)
ERROR - Dependency scan failed at insn: 0x0006: INVOKE_CUSTOM_RANGE r7445, r7446, r7447, r7448, r7449, r7450, r7451, r7452, r7453, r7454, r7455, r7456, r7457, r7458, r7459, r7460, r7461 in method: com.shadow.kotlin.collections.ArraysKt.f(java.lang.Object[], int, int):void, file: /workspace/xh/fixp_148608.dex
java.lang.IllegalArgumentException: newPosition < 0: (-583977528 < 0)
	at java.base/java.nio.Buffer.createPositionException(Buffer.java:351)
	at java.base/java.nio.Buffer.position(Buffer.java:326)
	at java.base/java.nio.ByteBuffer.position(ByteBuffer.java:1561)
	at jadx.plugins.input.dex.sections.SectionReader.absPos(SectionReader.java:82)
	at jadx.plugins.input.dex.sections.SectionReader.fillFieldData(SectionReader.java:190)
	at jadx.plugins.input.dex.sections.SectionReader.getFieldRef(SectionReader.java:183)
	at jadx.plugins.input.dex.sections.annotations.EncodedValueParser.parseValue(EncodedValueParser.java:69)
	at jadx.plugins.input.dex.sections.annotations.EncodedValueParser.parseEncodedArray(EncodedValueParser.java:95)
	at jadx.plugins.input.dex.sections.SectionReader.getCallSite(SectionReader.java:209)
	at jadx.plugins.input.dex.insns.DexInsnData.getIndexAsCallSite(DexInsnData.java:141)
	at jadx.core.utils.input.InsnDataUtils.getCallSite(InsnDataUtils.java:27)
	at jadx.core.dex.visitors.usage.UsageInfoVisitor.processInsn(UsageInfoVisitor.java:174)
	at jadx.core.dex.visitors.usage.UsageInfoVisitor.lambda$processInstructions$0(UsageInfoVisitor.java:130)
	at jadx.plugins.input.dex.sections.DexCodeReader.visitInstructions(DexCodeReader.java:86)
	at jadx.core.dex.visitors.usage.UsageInfoVisitor.processInstructions(UsageInfoVisitor.java:128)
	at jadx.core.dex.visitors.usage.UsageInfoVisitor.processMethod(UsageInfoVisitor.java:113)
	at jadx.core.dex.visitors.usage.UsageInfoVisitor.processClass(UsageInfoVisitor.java:101)
	at jadx.core.dex.visitors.usage.UsageInfoVisitor.buildUsageData(UsageInfoVisitor.java:81)
	at jadx.core.dex.visitors.usage.UsageInfoVisitor.init(UsageInfoVisitor.java:65)
	at jadx.core.dex.nodes.RootNode.runPreDecompileStage(RootNode.java:356)
	at jadx.api.JadxDecompiler.load(JadxDecompiler.java:136)
	at jadx.cli.JadxCLI.runSave(JadxCLI.java:71)
	at jadx.cli.JadxCLI.execute(JadxCLI.java:44)
	at jadx.cli.JadxCLI.execute(JadxCLI.java:33)
	at jadx.cli.JadxCLI.main(JadxCLI.java:26)
ERROR - Dependency scan failed at insn: 0x0002: SPUT r160 in method: com.shadow.kotlin.collections.ArraysKt.g(java.lang.Object[]):java.util.ArrayList, file: /workspace/xh/fixp_148608.dex
java.lang.IllegalArgumentException: newPosition > limit: (527175812 > 3323492)
	at java.base/java.nio.Buffer.createPositionException(Buffer.java:351)
	at java.base/java.nio.Buffer.position(Buffer.java:326)
	at java.base/java.nio.ByteBuffer.position(ByteBuffer.java:1561)
	at jadx.plugins.input.dex.sections.SectionReader.absPos(SectionReader.java:82)
	at jadx.plugins.input.dex.sections.SectionReader.getString(SectionReader.java:175)
	at jadx.plugins.input.dex.sections.SectionReader.getType(SectionReader.java:165)
	at jadx.plugins.input.dex.sections.SectionReader.fillFieldData(SectionReader.java:194)
	at jadx.plugins.input.dex.sections.SectionReader.getFieldRef(SectionReader.java:183)
	at jadx.plugins.input.dex.insns.DexInsnData.getIndexAsField(DexInsnData.java:131)
	at jadx.core.dex.visitors.usage.UsageInfoVisitor.processInsn(UsageInfoVisitor.java:150)
	at jadx.core.dex.visitors.usage.UsageInfoVisitor.lambda$processInstructions$0(UsageInfoVisitor.java:130)
	at jadx.plugins.input.dex.sections.DexCodeReader.visitInstructions(DexCodeReader.java:86)
	at jadx.core.dex.visitors.usage.UsageInfoVisitor.processInstructions(UsageInfoVisitor.java:128)
	at jadx.core.dex.visitors.usage.UsageInfoVisitor.processMethod(UsageInfoVisitor.java:113)
	at jadx.core.dex.visitors.usage.UsageInfoVisitor.processClass(UsageInfoVisitor.java:101)
	at jadx.core.dex.visitors.usage.UsageInfoVisitor.buildUsageData(UsageInfoVisitor.java:81)
	at jadx.core.dex.visitors.usage.UsageInfoVisitor.init(UsageInfoVisitor.java:65)
	at jadx.core.dex.nodes.RootNode.runPreDecompileStage(RootNode.java:356)
	at jadx.api.JadxDecompiler.load(JadxDecompiler.java:136)
	at jadx.cli.JadxCLI.runSave(JadxCLI.java:71)
	at jadx.cli.JadxCLI.execute(JadxCLI.java:44)
	at jadx.cli.JadxCLI.execute(JadxCLI.java:33)
	at jadx.cli.JadxCLI.main(JadxCLI.java:26)
ERROR - Dependency scan failed at insn: 0x0007: FILLED_NEW_ARRAY_RANGE r3746 in method: com.shadow.kotlin.collections.ArraysKt.g(java.lang.Object[]):java.util.ArrayList, file: /workspace/xh/fixp_148608.dex
java.lang.IllegalArgumentException: newPosition < 0: (-1114849760 < 0)
	at java.base/java.nio.Buffer.createPositionException(Buffer.java:351)
	at java.base/java.nio.Buffer.position(Buffer.java:326)
	at java.base/java.nio.ByteBuffer.position(ByteBuffer.java:1561)
	at jadx.plugins.input.dex.sections.SectionReader.absPos(SectionReader.java:82)
	at jadx.plugins.input.dex.sections.SectionReader.getString(SectionReader.java:175)
	at jadx.plugins.input.dex.sections.SectionReader.getType(SectionReader.java:165)
	at jadx.plugins.input.dex.insns.DexInsnData.getIndexAsType(DexInsnData.java:126)
	at jadx.core.dex.visitors.usage.UsageInfoVisitor.processInsn(UsageInfoVisitor.java:144)
	at jadx.core.dex.visitors.usage.UsageInfoVisitor.lambda$processInstructions$0(UsageInfoVisitor.java:130)
	at jadx.plugins.input.dex.sections.DexCodeReader.visitInstructions(DexCodeReader.java:86)
	at jadx.core.dex.visitors.usage.UsageInfoVisitor.processInstructions(UsageInfoVisitor.java:128)
	at jadx.core.dex.visitors.usage.UsageInfoVisitor.processMethod(UsageInfoVisitor.java:113)
	at jadx.core.dex.visitors.usage.UsageInfoVisitor.processClass(UsageInfoVisitor.java:101)
	at jadx.core.dex.visitors.usage.UsageInfoVisitor.buildUsageData(UsageInfoVisitor.java:81)
	at jadx.core.dex.visitors.usage.UsageInfoVisitor.init(UsageInfoVisitor.java:65)
	at jadx.core.dex.nodes.RootNode.runPreDecompileStage(RootNode.java:356)
	at jadx.api.JadxDecompiler.load(JadxDecompiler.java:136)
	at jadx.cli.JadxCLI.runSave(JadxCLI.java:71)
	at jadx.cli.JadxCLI.execute(JadxCLI.java:44)
	at jadx.cli.JadxCLI.execute(JadxCLI.java:33)
	at jadx.cli.JadxCLI.main(JadxCLI.java:26)
ERROR - Dependency scan failed in method: com.shadow.kotlin.collections.ArraysKt__ArraysJVMKt.copyOfRangeToIndexCheck(int, int):void, file: /workspace/xh/fixp_148608.dex
java.lang.ArrayIndexOutOfBoundsException: Index 5 out of bounds for length 5
	at jadx.plugins.input.dex.insns.DexInsnData.toString(DexInsnData.java:251)
	at java.base/java.lang.String.valueOf(String.java:4530)
	at jadx.core.dex.visitors.usage.UsageInfoVisitor.lambda$processInstructions$0(UsageInfoVisitor.java:132)
	at jadx.plugins.input.dex.sections.DexCodeReader.visitInstructions(DexCodeReader.java:86)
	at jadx.core.dex.visitors.usage.UsageInfoVisitor.processInstructions(UsageInfoVisitor.java:128)
	at jadx.core.dex.visitors.usage.UsageInfoVisitor.processMethod(UsageInfoVisitor.java:113)
	at jadx.core.dex.visitors.usage.UsageInfoVisitor.processClass(UsageInfoVisitor.java:101)
	at jadx.core.dex.visitors.usage.UsageInfoVisitor.buildUsageData(UsageInfoVisitor.java:81)
	at jadx.core.dex.visitors.usage.UsageInfoVisitor.init(UsageInfoVisitor.java:65)
	at jadx.core.dex.nodes.RootNode.runPreDecompileStage(RootNode.java:356)
	at jadx.api.JadxDecompiler.load(JadxDecompiler.java:136)
	at jadx.cli.JadxCLI.runSave(JadxCLI.java:71)
	at jadx.cli.JadxCLI.execute(JadxCLI.java:44)
	at jadx.cli.JadxCLI.execute(JadxCLI.java:33)
	at jadx.cli.JadxCLI.main(JadxCLI.java:26)
ERROR - Dependency scan failed at insn: 0x0002: SPUT r165 in method: com.shadow.kotlin.collections.CollectionsKt.a(java.util.Collection, java.lang.Iterable):void, file: /workspace/xh/fixp_148608.dex
java.lang.IllegalArgumentException: newPosition < 0: (-2051686912 < 0)
	at java.base/java.nio.Buffer.createPositionException(Buffer.java:351)
	at java.base/java.nio.Buffer.position(Buffer.java:326)
	at java.base/java.nio.ByteBuffer.position(ByteBuffer.java:1561)
	at jadx.plugins.input.dex.sections.SectionReader.absPos(SectionReader.java:82)
	at jadx.plugins.input.dex.sections.SectionReader.getString(SectionReader.java:175)
	at jadx.plugins.input.dex.sections.SectionReader.getType(SectionReader.java:165)
	at jadx.plugins.input.dex.sections.SectionReader.fillFieldData(SectionReader.java:194)
	at jadx.plugins.input.dex.sections.SectionReader.getFieldRef(SectionReader.java:183)
	at jadx.plugins.input.dex.insns.DexInsnData.getIndexAsField(DexInsnData.java:131)
	at jadx.core.dex.visitors.usage.UsageInfoVisitor.processInsn(UsageInfoVisitor.java:150)
	at jadx.core.dex.visitors.usage.UsageInfoVisitor.lambda$processInstructions$0(UsageInfoVisitor.java:130)
	at jadx.plugins.input.dex.sections.DexCodeReader.visitInstructions(DexCodeReader.java:86)
	at jadx.core.dex.visitors.usage.UsageInfoVisitor.processInstructions(UsageInfoVisitor.java:128)
	at jadx.core.dex.visitors.usage.UsageInfoVisitor.processMethod(UsageInfoVisitor.java:113)
	at jadx.core.dex.visitors.usage.UsageInfoVisitor.processClass(UsageInfoVisitor.java:101)
	at jadx.core.dex.visitors.usage.UsageInfoVisitor.buildUsageData(UsageInfoVisitor.java:81)
	at jadx.core.dex.visitors.usage.UsageInfoVisitor.init(UsageInfoVisitor.java:65)
	at jadx.core.dex.nodes.RootNode.runPreDecompileStage(RootNode.java:356)
	at jadx.api.JadxDecompiler.load(JadxDecompiler.java:136)
	at jadx.cli.JadxCLI.runSave(JadxCLI.java:71)
	at jadx.cli.JadxCLI.execute(JadxCLI.java:44)
	at jadx.cli.JadxCLI.execute(JadxCLI.java:33)
	at jadx.cli.JadxCLI.main(JadxCLI.java:26)
ERROR - Dependency scan failed at insn: 0x0015: IPUT r11, r1 in method: com.shadow.kotlin.collections.CollectionsKt.a(java.util.Collection, java.lang.Iterable):void, file: /workspace/xh/fixp_148608.dex
java.lang.IllegalArgumentException: newPosition < 0: (-513984076 < 0)
	at java.base/java.nio.Buffer.createPositionException(Buffer.java:351)
	at java.base/java.nio.Buffer.position(Buffer.java:326)
	at java.base/java.nio.ByteBuffer.position(ByteBuffer.java:1561)
	at jadx.plugins.input.dex.sections.SectionReader.absPos(SectionReader.java:82)
	at jadx.plugins.input.dex.sections.SectionReader.getString(SectionReader.java:175)
	at jadx.plugins.input.dex.sections.SectionReader.getType(SectionReader.java:165)
	at jadx.plugins.input.dex.sections.SectionReader.fillFieldData(SectionReader.java:194)
	at jadx.plugins.input.dex.sections.SectionReader.getFieldRef(SectionReader.java:183)
	at jadx.plugins.input.dex.insns.DexInsnData.getIndexAsField(DexInsnData.java:131)
	at jadx.core.dex.visitors.usage.UsageInfoVisitor.processInsn(UsageInfoVisitor.java:150)
	at jadx.core.dex.visitors.usage.UsageInfoVisitor.lambda$processInstructions$0(UsageInfoVisitor.java:130)
	at jadx.plugins.input.dex.sections.DexCodeReader.visitInstructions(DexCodeReader.java:86)
	at jadx.core.dex.visitors.usage.UsageInfoVisitor.processInstructions(UsageInfoVisitor.java:128)
	at jadx.core.dex.visitors.usage.UsageInfoVisitor.processMethod(UsageInfoVisitor.java:113)
	at jadx.core.dex.visitors.usage.UsageInfoVisitor.processClass(UsageInfoVisitor.java:101)
	at jadx.core.dex.visitors.usage.UsageInfoVisitor.buildUsageData(UsageInfoVisitor.java:81)
	at jadx.core.dex.visitors.usage.UsageInfoVisitor.init(UsageInfoVisitor.java:65)
	at jadx.core.dex.nodes.RootNode.runPreDecompileStage(RootNode.java:356)
	at jadx.api.JadxDecompiler.load(JadxDecompiler.java:136)
	at jadx.cli.JadxCLI.runSave(JadxCLI.java:71)
	at jadx.cli.JadxCLI.execute(JadxCLI.java:44)
	at jadx.cli.JadxCLI.execute(JadxCLI.java:33)
	at jadx.cli.JadxCLI.main(JadxCLI.java:26)
ERROR - Dependency scan failed at insn: 0x0017: INVOKE_SUPER_RANGE r45623, r45624, r45625, r45626, r45627, r45628, r45629, r45630, r45631, r45632, r45633, r45634, r45635, r45636, r45637, r45638, r45639, r45640, r45641, r45642, r45643, r45644, r45645, r45646, r45647, r45648, r45649, r45650, r45651, r45652, r45653, r45654, r45655, r45656, r45657, r45658, r45659, r45660, r45661, r45662, r45663, r45664, r45665, r45666, r45667, r45668, r45669, r45670, r45671, r45672, r45673, r45674, r45675, r45676, r45677, r45678, r45679, r45680, r45681, r45682, r45683, r45684, r45685, r45686, r45687, r45688, r45689, r45690, r45691, r45692, r45693, r45694, r45695, r45696, r45697, r45698, r45699, r45700, r45701, r45702, r45703, r45704, r45705, r45706, r45707, r45708, r45709, r45710, r45711, r45712, r45713, r45714, r45715, r45716, r45717, r45718, r45719, r45720, r45721, r45722, r45723, r45724, r45725, r45726, r45727, r45728, r45729, r45730, r45731, r45732, r45733, r45734, r45735, r45736, r45737, r45738, r45739, r45740, r45741, r45742, r45743, r45744, r45745, r45746, r45747, r45748, r45749, r45750, r45751, r45752, r45753, r45754, r45755, r45756, r45757, r45758, r45759, r45760, r45761, r45762, r45763, r45764, r45765, r45766, r45767, r45768, r45769, r45770, r45771, r45772, r45773, r45774, r45775, r45776, r45777, r45778, r45779, r45780, r45781, r45782, r45783, r45784, r45785, r45786, r45787, r45788, r45789, r45790, r45791, r45792, r45793, r45794, r45795, r45796, r45797, r45798, r45799, r45800, r45801, r45802, r45803, r45804, r45805, r45806, r45807, r45808, r45809, r45810, r45811, r45812, r45813, r45814, r45815, r45816, r45817, r45818, r45819, r45820, r45821, r45822, r45823, r45824, r45825, r45826, r45827, r45828, r45829, r45830, r45831, r45832, r45833, r45834, r45835, r45836, r45837, r45838, r45839, r45840, r45841, r45842, r45843, r45844, r45845, r45846, r45847, r45848, r45849, r45850, r45851, r45852, r45853, r45854, r45855, r45856, r45857, r45858 in method: com.shadow.kotlin.collections.CollectionsKt.a(java.util.Collection, java.lang.Iterable):void, file: /workspace/xh/fixp_148608.dex
java.lang.IllegalArgumentException: newPosition > limit: (2016966728 > 3323492)
	at java.base/java.nio.Buffer.createPositionException(Buffer.java:351)
	at java.base/java.nio.Buffer.position(Buffer.java:326)
	at java.base/java.nio.ByteBuffer.position(ByteBuffer.java:1561)
	at jadx.plugins.input.dex.sections.SectionReader.absPos(SectionReader.java:82)
	at jadx.plugins.input.dex.sections.SectionReader.readTypeListAt(SectionReader.java:141)
	at jadx.plugins.input.dex.sections.SectionReader.loadMethodRef(SectionReader.java:269)
	at jadx.plugins.input.dex.sections.DexMethodRef.load(DexMethodRef.java:28)
	at jadx.core.dex.info.MethodInfo.fromRef(MethodInfo.java:47)
	at jadx.core.dex.visitors.usage.UsageInfoVisitor.processInsn(UsageInfoVisitor.java:165)
	at jadx.core.dex.visitors.usage.UsageInfoVisitor.lambda$processInstructions$0(UsageInfoVisitor.java:130)
	at jadx.plugins.input.dex.sections.DexCodeReader.visitInstructions(DexCodeReader.java:86)
	at jadx.core.dex.visitors.usage.UsageInfoVisitor.processInstructions(UsageInfoVisitor.java:128)
	at jadx.core.dex.visitors.usage.UsageInfoVisitor.processMethod(UsageInfoVisitor.java:113)
	at jadx.core.dex.visitors.usage.UsageInfoVisitor.processClass(UsageInfoVisitor.java:101)
	at jadx.core.dex.visitors.usage.UsageInfoVisitor.buildUsageData(UsageInfoVisitor.java:81)
	at jadx.core.dex.visitors.usage.UsageInfoVisitor.init(UsageInfoVisitor.java:65)
	at jadx.core.dex.nodes.RootNode.runPreDecompileStage(RootNode.java:356)
	at jadx.api.JadxDecompiler.load(JadxDecompiler.java:136)
	at jadx.cli.JadxCLI.runSave(JadxCLI.java:71)
	at jadx.cli.JadxCLI.execute(JadxCLI.java:44)
	at jadx.cli.JadxCLI.execute(JadxCLI.java:33)
	at jadx.cli.JadxCLI.main(JadxCLI.java:26)
ERROR - Dependency scan failed at insn: 0x001C: SGET r132 in method: com.shadow.kotlin.collections.CollectionsKt.a(java.util.Collection, java.lang.Iterable):void, file: /workspace/xh/fixp_148608.dex
java.lang.IllegalArgumentException: newPosition < 0: (-1055013372 < 0)
	at java.base/java.nio.Buffer.createPositionException(Buffer.java:351)
	at java.base/java.nio.Buffer.position(Buffer.java:326)
	at java.base/java.nio.ByteBuffer.position(ByteBuffer.java:1561)
	at jadx.plugins.input.dex.sections.SectionReader.absPos(SectionReader.java:82)
	at jadx.plugins.input.dex.sections.SectionReader.getString(SectionReader.java:175)
	at jadx.plugins.input.dex.sections.SectionReader.fillFieldData(SectionReader.java:195)
	at jadx.plugins.input.dex.sections.SectionReader.getFieldRef(SectionReader.java:183)
	at jadx.plugins.input.dex.insns.DexInsnData.getIndexAsField(DexInsnData.java:131)
	at jadx.core.dex.visitors.usage.UsageInfoVisitor.processInsn(UsageInfoVisitor.java:150)
	at jadx.core.dex.visitors.usage.UsageInfoVisitor.lambda$processInstructions$0(UsageInfoVisitor.java:130)
	at jadx.plugins.input.dex.sections.DexCodeReader.visitInstructions(DexCodeReader.java:86)
	at jadx.core.dex.visitors.usage.UsageInfoVisitor.processInstructions(UsageInfoVisitor.java:128)
	at jadx.core.dex.visitors.usage.UsageInfoVisitor.processMethod(UsageInfoVisitor.java:113)
	at jadx.core.dex.visitors.usage.UsageInfoVisitor.processClass(UsageInfoVisitor.java:101)
	at jadx.core.dex.visitors.usage.UsageInfoVisitor.buildUsageData(UsageInfoVisitor.java:81)
	at jadx.core.dex.visitors.usage.UsageInfoVisitor.init(UsageInfoVisitor.java:65)
	at jadx.core.dex.nodes.RootNode.runPreDecompileStage(RootNode.java:356)
	at jadx.api.JadxDecompiler.load(JadxDecompiler.java:136)
	at jadx.cli.JadxCLI.runSave(JadxCLI.java:71)
	at jadx.cli.JadxCLI.execute(JadxCLI.java:44)
	at jadx.cli.JadxCLI.execute(JadxCLI.java:33)
	at jadx.cli.JadxCLI.main(JadxCLI.java:26)
ERROR - Dependency scan failed at insn: 0x0024: INVOKE_INTERFACE_RANGE r21500, r21501, r21502, r21503, r21504, r21505, r21506, r21507, r21508, r21509, r21510, r21511, r21512, r21513, r21514, r21515, r21516, r21517, r21518, r21519, r21520, r21521, r21522, r21523, r21524, r21525, r21526, r21527, r21528, r21529, r21530, r21531, r21532, r21533, r21534, r21535, r21536, r21537, r21538, r21539, r21540, r21541, r21542, r21543, r21544, r21545, r21546, r21547, r21548, r21549, r21550, r21551, r21552, r21553, r21554, r21555, r21556, r21557, r21558, r21559, r21560, r21561, r21562, r21563, r21564, r21565, r21566, r21567, r21568, r21569, r21570, r21571, r21572, r21573, r21574, r21575, r21576, r21577, r21578, r21579, r21580, r21581, r21582, r21583, r21584, r21585, r21586, r21587, r21588, r21589, r21590, r21591, r21592, r21593, r21594, r21595, r21596, r21597, r21598, r21599, r21600, r21601, r21602, r21603, r21604, r21605, r21606, r21607, r21608, r21609, r21610, r21611, r21612, r21613, r21614, r21615, r21616, r21617, r21618, r21619, r21620, r21621, r21622, r21623, r21624, r21625, r21626, r21627, r21628, r21629, r21630, r21631, r21632, r21633, r21634, r21635, r21636, r21637 in method: com.shadow.kotlin.collections.CollectionsKt.a(java.util.Collection, java.lang.Iterable):void, file: /workspace/xh/fixp_148608.dex
java.lang.IllegalArgumentException: newPosition > limit: (810168178 > 3323492)
	at java.base/java.nio.Buffer.createPositionException(Buffer.java:351)
	at java.base/java.nio.Buffer.position(Buffer.java:326)
	at java.base/java.nio.ByteBuffer.position(ByteBuffer.java:1561)
	at jadx.plugins.input.dex.sections.SectionReader.absPos(SectionReader.java:82)
	at jadx.plugins.input.dex.sections.SectionReader.readTypeListAt(SectionReader.java:141)
	at jadx.plugins.input.dex.sections.SectionReader.loadMethodRef(SectionReader.java:269)
	at jadx.plugins.input.dex.sections.DexMethodRef.load(DexMethodRef.java:28)
	at jadx.core.dex.info.MethodInfo.fromRef(MethodInfo.java:47)
	at jadx.core.dex.visitors.usage.UsageInfoVisitor.processInsn(UsageInfoVisitor.java:165)
	at jadx.core.dex.visitors.usage.UsageInfoVisitor.lambda$processInstructions$0(UsageInfoVisitor.java:130)
	at jadx.plugins.input.dex.sections.DexCodeReader.visitInstructions(DexCodeReader.java:86)
	at jadx.core.dex.visitors.usage.UsageInfoVisitor.processInstructions(UsageInfoVisitor.java:128)
	at jadx.core.dex.visitors.usage.UsageInfoVisitor.processMethod(UsageInfoVisitor.java:113)
	at jadx.core.dex.visitors.usage.UsageInfoVisitor.processClass(UsageInfoVisitor.java:101)
	at jadx.core.dex.visitors.usage.UsageInfoVisitor.buildUsageData(UsageInfoVisitor.java:81)
	at jadx.core.dex.visitors.usage.UsageInfoVisitor.init(UsageInfoVisitor.java:65)
	at jadx.core.dex.nodes.RootNode.runPreDecompileStage(RootNode.java:356)
	at jadx.api.JadxDecompiler.load(JadxDecompiler.java:136)
	at jadx.cli.JadxCLI.runSave(JadxCLI.java:71)
	at jadx.cli.JadxCLI.execute(JadxCLI.java:44)
	at jadx.cli.JadxCLI.execute(JadxCLI.java:33)
	at jadx.cli.JadxCLI.main(JadxCLI.java:26)
ERROR - Dependency scan failed at insn: 0x0007: SPUT r237 in method: com.shadow.kotlin.collections.CollectionsKt.b(java.lang.Iterable):int, file: /workspace/xh/fixp_148608.dex
java.lang.IllegalArgumentException: newPosition < 0: (-1847225812 < 0)
	at java.base/java.nio.Buffer.createPositionException(Buffer.java:351)
	at java.base/java.nio.Buffer.position(Buffer.java:326)
	at java.base/java.nio.ByteBuffer.position(ByteBuffer.java:1561)
	at jadx.plugins.input.dex.sections.SectionReader.absPos(SectionReader.java:82)
	at jadx.plugins.input.dex.sections.SectionReader.getString(SectionReader.java:175)
	at jadx.plugins.input.dex.sections.SectionReader.fillFieldData(SectionReader.java:195)
	at jadx.plugins.input.dex.sections.SectionReader.getFieldRef(SectionReader.java:183)
	at jadx.plugins.input.dex.insns.DexInsnData.getIndexAsField(DexInsnData.java:131)
	at jadx.core.dex.visitors.usage.UsageInfoVisitor.processInsn(UsageInfoVisitor.java:150)
	at jadx.core.dex.visitors.usage.UsageInfoVisitor.lambda$processInstructions$0(UsageInfoVisitor.java:130)
	at jadx.plugins.input.dex.sections.DexCodeReader.visitInstructions(DexCodeReader.java:86)
	at jadx.core.dex.visitors.usage.UsageInfoVisitor.processInstructions(UsageInfoVisitor.java:128)
	at jadx.core.dex.visitors.usage.UsageInfoVisitor.processMethod(UsageInfoVisitor.java:113)
	at jadx.core.dex.visitors.usage.UsageInfoVisitor.processClass(UsageInfoVisitor.java:101)
	at jadx.core.dex.visitors.usage.UsageInfoVisitor.buildUsageData(UsageInfoVisitor.java:81)
	at jadx.core.dex.visitors.usage.UsageInfoVisitor.init(UsageInfoVisitor.java:65)
	at jadx.core.dex.nodes.RootNode.runPreDecompileStage(RootNode.java:356)
	at jadx.api.JadxDecompiler.load(JadxDecompiler.java:136)
	at jadx.cli.JadxCLI.runSave(JadxCLI.java:71)
	at jadx.cli.JadxCLI.execute(JadxCLI.java:44)
	at jadx.cli.JadxCLI.execute(JadxCLI.java:33)
	at jadx.cli.JadxCLI.main(JadxCLI.java:26)
ERROR - Dependency scan failed at insn: 0x0000: IGET r0, r6 in method: com.shadow.kotlin.collections.CollectionsKt.c(java.util.Collection, java.lang.String, java.lang.String, com.shadow.kotlin.jvm.functions.Function1, int):java.lang.String, file: /workspace/xh/fixp_148608.dex
java.lang.IllegalArgumentException: newPosition < 0: (-1919567320 < 0)
	at java.base/java.nio.Buffer.createPositionException(Buffer.java:351)
	at java.base/java.nio.Buffer.position(Buffer.java:326)
	at java.base/java.nio.ByteBuffer.position(ByteBuffer.java:1561)
	at jadx.plugins.input.dex.sections.SectionReader.absPos(SectionReader.java:82)
	at jadx.plugins.input.dex.sections.SectionReader.getString(SectionReader.java:175)
	at jadx.plugins.input.dex.sections.SectionReader.fillFieldData(SectionReader.java:195)
	at jadx.plugins.input.dex.sections.SectionReader.getFieldRef(SectionReader.java:183)
	at jadx.plugins.input.dex.insns.DexInsnData.getIndexAsField(DexInsnData.java:131)
	at jadx.core.dex.visitors.usage.UsageInfoVisitor.processInsn(UsageInfoVisitor.java:150)
	at jadx.core.dex.visitors.usage.UsageInfoVisitor.lambda$processInstructions$0(UsageInfoVisitor.java:130)
	at jadx.plugins.input.dex.sections.DexCodeReader.visitInstructions(DexCodeReader.java:86)
	at jadx.core.dex.visitors.usage.UsageInfoVisitor.processInstructions(UsageInfoVisitor.java:128)
	at jadx.core.dex.visitors.usage.UsageInfoVisitor.processMethod(UsageInfoVisitor.java:113)
	at jadx.core.dex.visitors.usage.UsageInfoVisitor.processClass(UsageInfoVisitor.java:101)
	at jadx.core.dex.visitors.usage.UsageInfoVisitor.buildUsageData(UsageInfoVisitor.java:81)
	at jadx.core.dex.visitors.usage.UsageInfoVisitor.init(UsageInfoVisitor.java:65)
	at jadx.core.dex.nodes.RootNode.runPreDecompileStage(RootNode.java:356)
	at jadx.api.JadxDecompiler.load(JadxDecompiler.java:136)
	at jadx.cli.JadxCLI.runSave(JadxCLI.java:71)
	at jadx.cli.JadxCLI.execute(JadxCLI.java:44)
	at jadx.cli.JadxCLI.execute(JadxCLI.java:33)
	at jadx.cli.JadxCLI.main(JadxCLI.java:26)
ERROR - Dependency scan failed at insn: 0x0003: IPUT r7, r12 in method: com.shadow.kotlin.collections.CollectionsKt.c(java.util.Collection, java.lang.String, java.lang.String, com.shadow.kotlin.jvm.functions.Function1, int):java.lang.String, file: /workspace/xh/fixp_148608.dex
java.lang.IllegalArgumentException: newPosition > limit: (27003736 > 3323492)
	at java.base/java.nio.Buffer.createPositionException(Buffer.java:351)
	at java.base/java.nio.Buffer.position(Buffer.java:326)
	at java.base/java.nio.ByteBuffer.position(ByteBuffer.java:1561)
	at jadx.plugins.input.dex.sections.SectionReader.absPos(SectionReader.java:82)
	at jadx.plugins.input.dex.sections.SectionReader.getString(SectionReader.java:175)
	at jadx.plugins.input.dex.sections.SectionReader.getType(SectionReader.java:165)
	at jadx.plugins.input.dex.sections.SectionReader.fillFieldData(SectionReader.java:194)
	at jadx.plugins.input.dex.sections.SectionReader.getFieldRef(SectionReader.java:183)
	at jadx.plugins.input.dex.insns.DexInsnData.getIndexAsField(DexInsnData.java:131)
	at jadx.core.dex.visitors.usage.UsageInfoVisitor.processInsn(UsageInfoVisitor.java:150)
	at jadx.core.dex.visitors.usage.UsageInfoVisitor.lambda$processInstructions$0(UsageInfoVisitor.java:130)
	at jadx.plugins.input.dex.sections.DexCodeReader.visitInstructions(DexCodeReader.java:86)
	at jadx.core.dex.visitors.usage.UsageInfoVisitor.processInstructions(UsageInfoVisitor.java:128)
	at jadx.core.dex.visitors.usage.UsageInfoVisitor.processMethod(UsageInfoVisitor.java:113)
	at jadx.core.dex.visitors.usage.UsageInfoVisitor.processClass(UsageInfoVisitor.java:101)
	at jadx.core.dex.visitors.usage.UsageInfoVisitor.buildUsageData(UsageInfoVisitor.java:81)
	at jadx.core.dex.visitors.usage.UsageInfoVisitor.init(UsageInfoVisitor.java:65)
	at jadx.core.dex.nodes.RootNode.runPreDecompileStage(RootNode.java:356)
	at jadx.api.JadxDecompiler.load(JadxDecompiler.java:136)
	at jadx.cli.JadxCLI.runSave(JadxCLI.java:71)
	at jadx.cli.JadxCLI.execute(JadxCLI.java:44)
	at jadx.cli.JadxCLI.execute(JadxCLI.java:33)
	at jadx.cli.JadxCLI.main(JadxCLI.java:26)
ERROR - Dependency scan failed at insn: 0x0009: FILLED_NEW_ARRAY_RANGE r5454, r5455, r5456, r5457, r5458, r5459, r5460, r5461, r5462, r5463, r5464, r5465, r5466, r5467, r5468, r5469 in method: com.shadow.kotlin.collections.CollectionsKt.c(java.util.Collection, java.lang.String, java.lang.String, com.shadow.kotlin.jvm.functions.Function1, int):java.lang.String, file: /workspace/xh/fixp_148608.dex
java.lang.IllegalArgumentException: newPosition < 0: (-912932348 < 0)
	at java.base/java.nio.Buffer.createPositionException(Buffer.java:351)
	at java.base/java.nio.Buffer.position(Buffer.java:326)
	at java.base/java.nio.ByteBuffer.position(ByteBuffer.java:1561)
	at jadx.plugins.input.dex.sections.SectionReader.absPos(SectionReader.java:82)
	at jadx.plugins.input.dex.sections.SectionReader.getString(SectionReader.java:175)
	at jadx.plugins.input.dex.sections.SectionReader.getType(SectionReader.java:165)
	at jadx.plugins.input.dex.insns.DexInsnData.getIndexAsType(DexInsnData.java:126)
	at jadx.core.dex.visitors.usage.UsageInfoVisitor.processInsn(UsageInfoVisitor.java:144)
	at jadx.core.dex.visitors.usage.UsageInfoVisitor.lambda$processInstructions$0(UsageInfoVisitor.java:130)
	at jadx.plugins.input.dex.sections.DexCodeReader.visitInstructions(DexCodeReader.java:86)
	at jadx.core.dex.visitors.usage.UsageInfoVisitor.processInstructions(UsageInfoVisitor.java:128)
	at jadx.core.dex.visitors.usage.UsageInfoVisitor.processMethod(UsageInfoVisitor.java:113)
	at jadx.core.dex.visitors.usage.UsageInfoVisitor.processClass(UsageInfoVisitor.java:101)
	at jadx.core.dex.visitors.usage.UsageInfoVisitor.buildUsageData(UsageInfoVisitor.java:81)
	at jadx.core.dex.visitors.usage.UsageInfoVisitor.init(UsageInfoVisitor.java:65)
	at jadx.core.dex.nodes.RootNode.runPreDecompileStage(RootNode.java:356)
	at jadx.api.JadxDecompiler.load(JadxDecompiler.java:136)
	at jadx.cli.JadxCLI.runSave(JadxCLI.java:71)
	at jadx.cli.JadxCLI.execute(JadxCLI.java:44)
	at jadx.cli.JadxCLI.execute(JadxCLI.java:33)
	at jadx.cli.JadxCLI.main(JadxCLI.java:26)
ERROR - Dependency scan failed at insn: 0x0000: SGET r110 in method: com.shadow.kotlin.collections.CollectionsKt.d(java.lang.Object):java.util.List, file: /workspace/xh/fixp_148608.dex
java.lang.IllegalArgumentException: newPosition > limit: (818994600 > 3323492)
	at java.base/java.nio.Buffer.createPositionException(Buffer.java:351)
	at java.base/java.nio.Buffer.position(Buffer.java:326)
	at java.base/java.nio.ByteBuffer.position(ByteBuffer.java:1561)
	at jadx.plugins.input.dex.sections.SectionReader.absPos(SectionReader.java:82)
	at jadx.plugins.input.dex.sections.SectionReader.getString(SectionReader.java:175)
	at jadx.plugins.input.dex.sections.SectionReader.fillFieldData(SectionReader.java:195)
	at jadx.plugins.input.dex.sections.SectionReader.getFieldRef(SectionReader.java:183)
	at jadx.plugins.input.dex.insns.DexInsnData.getIndexAsField(DexInsnData.java:131)
	at jadx.core.dex.visitors.usage.UsageInfoVisitor.processInsn(UsageInfoVisitor.java:150)
	at jadx.core.dex.visitors.usage.UsageInfoVisitor.lambda$processInstructions$0(UsageInfoVisitor.java:130)
	at jadx.plugins.input.dex.sections.DexCodeReader.visitInstructions(DexCodeReader.java:86)
	at jadx.core.dex.visitors.usage.UsageInfoVisitor.processInstructions(UsageInfoVisitor.java:128)
	at jadx.core.dex.visitors.usage.UsageInfoVisitor.processMethod(UsageInfoVisitor.java:113)
	at jadx.core.dex.visitors.usage.UsageInfoVisitor.processClass(UsageInfoVisitor.java:101)
	at jadx.core.dex.visitors.usage.UsageInfoVisitor.buildUsageData(UsageInfoVisitor.java:81)
	at jadx.core.dex.visitors.usage.UsageInfoVisitor.init(UsageInfoVisitor.java:65)
	at jadx.core.dex.nodes.RootNode.runPreDecompileStage(RootNode.java:356)
	at jadx.api.JadxDecompiler.load(JadxDecompiler.java:136)
	at jadx.cli.JadxCLI.runSave(JadxCLI.java:71)
	at jadx.cli.JadxCLI.execute(JadxCLI.java:44)
	at jadx.cli.JadxCLI.execute(JadxCLI.java:33)
	at jadx.cli.JadxCLI.main(JadxCLI.java:26)
ERROR - Dependency scan failed at insn: 0x0002: SGET r97 in method: com.shadow.kotlin.collections.CollectionsKt.d(java.lang.Object):java.util.List, file: /workspace/xh/fixp_148608.dex
java.lang.IllegalArgumentException: newPosition > limit: (8611552 > 3323492)
	at java.base/java.nio.Buffer.createPositionException(Buffer.java:351)
	at java.base/java.nio.Buffer.position(Buffer.java:326)
	at java.base/java.nio.ByteBuffer.position(ByteBuffer.java:1561)
	at jadx.plugins.input.dex.sections.SectionReader.absPos(SectionReader.java:82)
	at jadx.plugins.input.dex.sections.SectionReader.getString(SectionReader.java:175)
	at jadx.plugins.input.dex.sections.SectionReader.getType(SectionReader.java:165)
	at jadx.plugins.input.dex.sections.SectionReader.fillFieldData(SectionReader.java:194)
	at jadx.plugins.input.dex.sections.SectionReader.getFieldRef(SectionReader.java:183)
	at jadx.plugins.input.dex.insns.DexInsnData.getIndexAsField(DexInsnData.java:131)
	at jadx.core.dex.visitors.usage.UsageInfoVisitor.processInsn(UsageInfoVisitor.java:150)
	at jadx.core.dex.visitors.usage.UsageInfoVisitor.lambda$processInstructions$0(UsageInfoVisitor.java:130)
	at jadx.plugins.input.dex.sections.DexCodeReader.visitInstructions(DexCodeReader.java:86)
	at jadx.core.dex.visitors.usage.UsageInfoVisitor.processInstructions(UsageInfoVisitor.java:128)
	at jadx.core.dex.visitors.usage.UsageInfoVisitor.processMethod(UsageInfoVisitor.java:113)
	at jadx.core.dex.visitors.usage.UsageInfoVisitor.processClass(UsageInfoVisitor.java:101)
	at jadx.core.dex.visitors.usage.UsageInfoVisitor.buildUsageData(UsageInfoVisitor.java:81)
	at jadx.core.dex.visitors.usage.UsageInfoVisitor.init(UsageInfoVisitor.java:65)
	at jadx.core.dex.nodes.RootNode.runPreDecompileStage(RootNode.java:356)
	at jadx.api.JadxDecompiler.load(JadxDecompiler.java:136)
	at jadx.cli.JadxCLI.runSave(JadxCLI.java:71)
	at jadx.cli.JadxCLI.execute(JadxCLI.java:44)
	at jadx.cli.JadxCLI.execute(JadxCLI.java:33)
	at jadx.cli.JadxCLI.main(JadxCLI.java:26)
ERROR - Dependency scan failed at insn: 0x0008: SGET r212 in method: com.shadow.kotlin.collections.CollectionsKt.d(java.lang.Object):java.util.List, file: /workspace/xh/fixp_148608.dex
java.lang.IllegalArgumentException: newPosition < 0: (-1316636104 < 0)
	at java.base/java.nio.Buffer.createPositionException(Buffer.java:351)
	at java.base/java.nio.Buffer.position(Buffer.java:326)
	at java.base/java.nio.ByteBuffer.position(ByteBuffer.java:1561)
	at jadx.plugins.input.dex.sections.SectionReader.absPos(SectionReader.java:82)
	at jadx.plugins.input.dex.sections.SectionReader.getString(SectionReader.java:175)
	at jadx.plugins.input.dex.sections.SectionReader.getType(SectionReader.java:165)
	at jadx.plugins.input.dex.sections.SectionReader.fillFieldData(SectionReader.java:194)
	at jadx.plugins.input.dex.sections.SectionReader.getFieldRef(SectionReader.java:183)
	at jadx.plugins.input.dex.insns.DexInsnData.getIndexAsField(DexInsnData.java:131)
	at jadx.core.dex.visitors.usage.UsageInfoVisitor.processInsn(UsageInfoVisitor.java:150)
	at jadx.core.dex.visitors.usage.UsageInfoVisitor.lambda$processInstructions$0(UsageInfoVisitor.java:130)
	at jadx.plugins.input.dex.sections.DexCodeReader.visitInstructions(DexCodeReader.java:86)
	at jadx.core.dex.visitors.usage.UsageInfoVisitor.processInstructions(UsageInfoVisitor.java:128)
	at jadx.core.dex.visitors.usage.UsageInfoVisitor.processMethod(UsageInfoVisitor.java:113)
	at jadx.core.dex.visitors.usage.UsageInfoVisitor.processClass(UsageInfoVisitor.java:101)
	at jadx.core.dex.visitors.usage.UsageInfoVisitor.buildUsageData(UsageInfoVisitor.java:81)
	at jadx.core.dex.visitors.usage.UsageInfoVisitor.init(UsageInfoVisitor.java:65)
	at jadx.core.dex.nodes.RootNode.runPreDecompileStage(RootNode.java:356)
	at jadx.api.JadxDecompiler.load(JadxDecompiler.java:136)
	at jadx.cli.JadxCLI.runSave(JadxCLI.java:71)
	at jadx.cli.JadxCLI.execute(JadxCLI.java:44)
	at jadx.cli.JadxCLI.execute(JadxCLI.java:33)
	at jadx.cli.JadxCLI.main(JadxCLI.java:26)
ERROR - Dependency scan failed at insn: 0x0006: CONST_CLASS r145 in method: com.shadow.kotlin.collections.CollectionsKt.e(java.util.Collection, java.lang.Iterable):java.util.ArrayList, file: /workspace/xh/fixp_148608.dex
java.lang.IllegalArgumentException: newPosition < 0: (-1062993768 < 0)
	at java.base/java.nio.Buffer.createPositionException(Buffer.java:351)
	at java.base/java.nio.Buffer.position(Buffer.java:326)
	at java.base/java.nio.ByteBuffer.position(ByteBuffer.java:1561)
	at jadx.plugins.input.dex.sections.SectionReader.absPos(SectionReader.java:82)
	at jadx.plugins.input.dex.sections.SectionReader.getString(SectionReader.java:175)
	at jadx.plugins.input.dex.sections.SectionReader.getType(SectionReader.java:165)
	at jadx.plugins.input.dex.insns.DexInsnData.getIndexAsType(DexInsnData.java:126)
	at jadx.core.dex.visitors.usage.UsageInfoVisitor.processInsn(UsageInfoVisitor.java:144)
	at jadx.core.dex.visitors.usage.UsageInfoVisitor.lambda$processInstructions$0(UsageInfoVisitor.java:130)
	at jadx.plugins.input.dex.sections.DexCodeReader.visitInstructions(DexCodeReader.java:86)
	at jadx.core.dex.visitors.usage.UsageInfoVisitor.processInstructions(UsageInfoVisitor.java:128)
	at jadx.core.dex.visitors.usage.UsageInfoVisitor.processMethod(UsageInfoVisitor.java:113)
	at jadx.core.dex.visitors.usage.UsageInfoVisitor.processClass(UsageInfoVisitor.java:101)
	at jadx.core.dex.visitors.usage.UsageInfoVisitor.buildUsageData(UsageInfoVisitor.java:81)
	at jadx.core.dex.visitors.usage.UsageInfoVisitor.init(UsageInfoVisitor.java:65)
	at jadx.core.dex.nodes.RootNode.runPreDecompileStage(RootNode.java:356)
	at jadx.api.JadxDecompiler.load(JadxDecompiler.java:136)
	at jadx.cli.JadxCLI.runSave(JadxCLI.java:71)
	at jadx.cli.JadxCLI.execute(JadxCLI.java:44)
	at jadx.cli.JadxCLI.execute(JadxCLI.java:33)
	at jadx.cli.JadxCLI.main(JadxCLI.java:26)
ERROR - Dependency scan failed at insn: 0x0008: INVOKE_INTERFACE_RANGE r16063, r16064, r16065, r16066, r16067, r16068, r16069, r16070, r16071, r16072, r16073, r16074, r16075, r16076, r16077, r16078, r16079, r16080, r16081, r16082, r16083, r16084, r16085, r16086, r16087, r16088, r16089, r16090, r16091, r16092, r16093, r16094, r16095, r16096, r16097, r16098, r16099, r16100, r16101, r16102, r16103, r16104, r16105, r16106, r16107, r16108, r16109, r16110, r16111, r16112, r16113, r16114, r16115, r16116, r16117, r16118, r16119, r16120, r16121, r16122, r16123, r16124, r16125, r16126, r16127, r16128, r16129, r16130, r16131, r16132, r16133, r16134, r16135, r16136, r16137, r16138, r16139, r16140, r16141, r16142, r16143, r16144, r16145, r16146, r16147, r16148, r16149, r16150, r16151, r16152, r16153, r16154, r16155, r16156, r16157, r16158, r16159, r16160, r16161, r16162, r16163, r16164, r16165, r16166, r16167, r16168, r16169, r16170, r16171, r16172, r16173, r16174, r16175, r16176, r16177, r16178, r16179, r16180, r16181, r16182, r16183, r16184, r16185, r16186, r16187, r16188, r16189, r16190, r16191, r16192, r16193, r16194, r16195, r16196, r16197, r16198, r16199, r16200, r16201, r16202, r16203, r16204, r16205, r16206, r16207, r16208, r16209, r16210, r16211, r16212, r16213, r16214, r16215, r16216, r16217, r16218, r16219, r16220, r16221, r16222, r16223, r16224, r16225, r16226, r16227, r16228, r16229, r16230, r16231, r16232, r16233, r16234, r16235, r16236, r16237, r16238, r16239, r16240, r16241, r16242, r16243, r16244, r16245, r16246, r16247, r16248, r16249, r16250, r16251, r16252, r16253, r16254, r16255, r16256, r16257, r16258, r16259, r16260, r16261, r16262, r16263, r16264, r16265, r16266, r16267, r16268, r16269, r16270, r16271, r16272, r16273, r16274, r16275, r16276 in method: com.shadow.kotlin.collections.CollectionsKt.e(java.util.Collection, java.lang.Iterable):java.util.ArrayList, file: /workspace/xh/fixp_148608.dex
java.lang.IllegalArgumentException: newPosition < 0: (-610673759 < 0)
	at java.base/java.nio.Buffer.createPositionException(Buffer.java:351)
	at java.base/java.nio.Buffer.position(Buffer.java:326)
	at java.base/java.nio.ByteBuffer.position(ByteBuffer.java:1561)
	at jadx.plugins.input.dex.sections.SectionReader.absPos(SectionReader.java:82)
	at jadx.plugins.input.dex.sections.SectionReader.readTypeListAt(SectionReader.java:141)
	at jadx.plugins.input.dex.sections.SectionReader.loadMethodRef(SectionReader.java:269)
	at jadx.plugins.input.dex.sections.DexMethodRef.load(DexMethodRef.java:28)
	at jadx.core.dex.info.MethodInfo.fromRef(MethodInfo.java:47)
	at jadx.core.dex.visitors.usage.UsageInfoVisitor.processInsn(UsageInfoVisitor.java:165)
	at jadx.core.dex.visitors.usage.UsageInfoVisitor.lambda$processInstructions$0(UsageInfoVisitor.java:130)
	at jadx.plugins.input.dex.sections.DexCodeReader.visitInstructions(DexCodeReader.java:86)
	at jadx.core.dex.visitors.usage.UsageInfoVisitor.processInstructions(UsageInfoVisitor.java:128)
	at jadx.core.dex.visitors.usage.UsageInfoVisitor.processMethod(UsageInfoVisitor.java:113)
	at jadx.core.dex.visitors.usage.UsageInfoVisitor.processClass(UsageInfoVisitor.java:101)
	at jadx.core.dex.visitors.usage.UsageInfoVisitor.buildUsageData(UsageInfoVisitor.java:81)
	at jadx.core.dex.visitors.usage.UsageInfoVisitor.init(UsageInfoVisitor.java:65)
	at jadx.core.dex.nodes.RootNode.runPreDecompileStage(RootNode.java:356)
	at jadx.api.JadxDecompiler.load(JadxDecompiler.java:136)
	at jadx.cli.JadxCLI.runSave(JadxCLI.java:71)
	at jadx.cli.JadxCLI.execute(JadxCLI.java:44)
	at jadx.cli.JadxCLI.execute(JadxCLI.java:33)
	at jadx.cli.JadxCLI.main(JadxCLI.java:26)
ERROR - Dependency scan failed at insn: 0x0014: INVOKE_POLYMORPHIC_RANGE r37070, r37071, r37072, r37073, r37074, r37075, r37076, r37077, r37078, r37079, r37080, r37081, r37082, r37083, r37084, r37085, r37086, r37087, r37088, r37089, r37090, r37091, r37092, r37093, r37094, r37095, r37096, r37097, r37098, r37099, r37100, r37101, r37102, r37103, r37104, r37105, r37106, r37107, r37108, r37109, r37110, r37111, r37112, r37113, r37114, r37115, r37116, r37117, r37118, r37119, r37120, r37121, r37122, r37123, r37124, r37125, r37126, r37127, r37128, r37129 in method: com.shadow.kotlin.collections.CollectionsKt.e(java.util.Collection, java.lang.Iterable):java.util.ArrayList, file: /workspace/xh/fixp_148608.dex
java.lang.IllegalArgumentException: newPosition < 0: (-609494112 < 0)
	at java.base/java.nio.Buffer.createPositionException(Buffer.java:351)
	at java.base/java.nio.Buffer.position(Buffer.java:326)
	at java.base/java.nio.ByteBuffer.position(ByteBuffer.java:1561)
	at jadx.plugins.input.dex.sections.SectionReader.absPos(SectionReader.java:82)
	at jadx.plugins.input.dex.sections.SectionReader.readTypeListAt(SectionReader.java:141)
	at jadx.plugins.input.dex.sections.SectionReader.loadMethodRef(SectionReader.java:269)
	at jadx.plugins.input.dex.sections.DexMethodRef.load(DexMethodRef.java:28)
	at jadx.core.dex.info.MethodInfo.fromRef(MethodInfo.java:47)
	at jadx.core.dex.visitors.usage.UsageInfoVisitor.processInsn(UsageInfoVisitor.java:165)
	at jadx.core.dex.visitors.usage.UsageInfoVisitor.lambda$processInstructions$0(UsageInfoVisitor.java:130)
	at jadx.plugins.input.dex.sections.DexCodeReader.visitInstructions(DexCodeReader.java:86)
	at jadx.core.dex.visitors.usage.UsageInfoVisitor.processInstructions(UsageInfoVisitor.java:128)
	at jadx.core.dex.visitors.usage.UsageInfoVisitor.processMethod(UsageInfoVisitor.java:113)
	at jadx.core.dex.visitors.usage.UsageInfoVisitor.processClass(UsageInfoVisitor.java:101)
	at jadx.core.dex.visitors.usage.UsageInfoVisitor.buildUsageData(UsageInfoVisitor.java:81)
	at jadx.core.dex.visitors.usage.UsageInfoVisitor.init(UsageInfoVisitor.java:65)
	at jadx.core.dex.nodes.RootNode.runPreDecompileStage(RootNode.java:356)
	at jadx.api.JadxDecompiler.load(JadxDecompiler.java:136)
	at jadx.cli.JadxCLI.runSave(JadxCLI.java:71)
	at jadx.cli.JadxCLI.execute(JadxCLI.java:44)
	at jadx.cli.JadxCLI.execute(JadxCLI.java:33)
	at jadx.cli.JadxCLI.main(JadxCLI.java:26)
ERROR - Dependency scan failed at insn: 0x0022: IPUT r10, r10 in method: com.shadow.kotlin.collections.CollectionsKt.e(java.util.Collection, java.lang.Iterable):java.util.ArrayList, file: /workspace/xh/fixp_148608.dex
java.lang.IllegalArgumentException: newPosition > limit: (885109296 > 3323492)
	at java.base/java.nio.Buffer.createPositionException(Buffer.java:351)
	at java.base/java.nio.Buffer.position(Buffer.java:326)
	at java.base/java.nio.ByteBuffer.position(ByteBuffer.java:1561)
	at jadx.plugins.input.dex.sections.SectionReader.absPos(SectionReader.java:82)
	at jadx.plugins.input.dex.sections.SectionReader.getString(SectionReader.java:175)
	at jadx.plugins.input.dex.sections.SectionReader.getType(SectionReader.java:165)
	at jadx.plugins.input.dex.sections.SectionReader.fillFieldData(SectionReader.java:194)
	at jadx.plugins.input.dex.sections.SectionReader.getFieldRef(SectionReader.java:183)
	at jadx.plugins.input.dex.insns.DexInsnData.getIndexAsField(DexInsnData.java:131)
	at jadx.core.dex.visitors.usage.UsageInfoVisitor.processInsn(UsageInfoVisitor.java:150)
	at jadx.core.dex.visitors.usage.UsageInfoVisitor.lambda$processInstructions$0(UsageInfoVisitor.java:130)
	at jadx.plugins.input.dex.sections.DexCodeReader.visitInstructions(DexCodeReader.java:86)
	at jadx.core.dex.visitors.usage.UsageInfoVisitor.processInstructions(UsageInfoVisitor.java:128)
	at jadx.core.dex.visitors.usage.UsageInfoVisitor.processMethod(UsageInfoVisitor.java:113)
	at jadx.core.dex.visitors.usage.UsageInfoVisitor.processClass(UsageInfoVisitor.java:101)
	at jadx.core.dex.visitors.usage.UsageInfoVisitor.buildUsageData(UsageInfoVisitor.java:81)
	at jadx.core.dex.visitors.usage.UsageInfoVisitor.init(UsageInfoVisitor.java:65)
	at jadx.core.dex.nodes.RootNode.runPreDecompileStage(RootNode.java:356)
	at jadx.api.JadxDecompiler.load(JadxDecompiler.java:136)
	at jadx.cli.JadxCLI.runSave(JadxCLI.java:71)
	at jadx.cli.JadxCLI.execute(JadxCLI.java:44)
	at jadx.cli.JadxCLI.execute(JadxCLI.java:33)
	at jadx.cli.JadxCLI.main(JadxCLI.java:26)
ERROR - Dependency scan failed at insn: 0x002B: SGET r51 in method: com.shadow.kotlin.collections.CollectionsKt.e(java.util.Collection, java.lang.Iterable):java.util.ArrayList, file: /workspace/xh/fixp_148608.dex
java.lang.IllegalArgumentException: newPosition > limit: (29101464 > 3323492)
	at java.base/java.nio.Buffer.createPositionException(Buffer.java:351)
	at java.base/java.nio.Buffer.position(Buffer.java:326)
	at java.base/java.nio.ByteBuffer.position(ByteBuffer.java:1561)
	at jadx.plugins.input.dex.sections.SectionReader.absPos(SectionReader.java:82)
	at jadx.plugins.input.dex.sections.SectionReader.getString(SectionReader.java:175)
	at jadx.plugins.input.dex.sections.SectionReader.getType(SectionReader.java:165)
	at jadx.plugins.input.dex.sections.SectionReader.fillFieldData(SectionReader.java:194)
	at jadx.plugins.input.dex.sections.SectionReader.getFieldRef(SectionReader.java:183)
	at jadx.plugins.input.dex.insns.DexInsnData.getIndexAsField(DexInsnData.java:131)
	at jadx.core.dex.visitors.usage.UsageInfoVisitor.processInsn(UsageInfoVisitor.java:150)
	at jadx.core.dex.visitors.usage.UsageInfoVisitor.lambda$processInstructions$0(UsageInfoVisitor.java:130)
	at jadx.plugins.input.dex.sections.DexCodeReader.visitInstructions(DexCodeReader.java:86)
	at jadx.core.dex.visitors.usage.UsageInfoVisitor.processInstructions(UsageInfoVisitor.java:128)
	at jadx.core.dex.visitors.usage.UsageInfoVisitor.processMethod(UsageInfoVisitor.java:113)
	at jadx.core.dex.visitors.usage.UsageInfoVisitor.processClass(UsageInfoVisitor.java:101)
	at jadx.core.dex.visitors.usage.UsageInfoVisitor.buildUsageData(UsageInfoVisitor.java:81)
	at jadx.core.dex.visitors.usage.UsageInfoVisitor.init(UsageInfoVisitor.java:65)
	at jadx.core.dex.nodes.RootNode.runPreDecompileStage(RootNode.java:356)
	at jadx.api.JadxDecompiler.load(JadxDecompiler.java:136)
	at jadx.cli.JadxCLI.runSave(JadxCLI.java:71)
	at jadx.cli.JadxCLI.execute(JadxCLI.java:44)
	at jadx.cli.JadxCLI.execute(JadxCLI.java:33)
	at jadx.cli.JadxCLI.main(JadxCLI.java:26)
ERROR - Dependency scan failed at insn: 0x0006: SGET r28 in method: com.shadow.kotlin.collections.CollectionsKt.f(java.util.ArrayList):void, file: /workspace/xh/fixp_148608.dex
java.lang.IllegalArgumentException: newPosition > limit: (1028210836 > 3323492)
	at java.base/java.nio.Buffer.createPositionException(Buffer.java:351)
	at java.base/java.nio.Buffer.position(Buffer.java:326)
	at java.base/java.nio.ByteBuffer.position(ByteBuffer.java:1561)
	at jadx.plugins.input.dex.sections.SectionReader.absPos(SectionReader.java:82)
	at jadx.plugins.input.dex.sections.SectionReader.getString(SectionReader.java:175)
	at jadx.plugins.input.dex.sections.SectionReader.fillFieldData(SectionReader.java:195)
	at jadx.plugins.input.dex.sections.SectionReader.getFieldRef(SectionReader.java:183)
	at jadx.plugins.input.dex.insns.DexInsnData.getIndexAsField(DexInsnData.java:131)
	at jadx.core.dex.visitors.usage.UsageInfoVisitor.processInsn(UsageInfoVisitor.java:150)
	at jadx.core.dex.visitors.usage.UsageInfoVisitor.lambda$processInstructions$0(UsageInfoVisitor.java:130)
	at jadx.plugins.input.dex.sections.DexCodeReader.visitInstructions(DexCodeReader.java:86)
	at jadx.core.dex.visitors.usage.UsageInfoVisitor.processInstructions(UsageInfoVisitor.java:128)
	at jadx.core.dex.visitors.usage.UsageInfoVisitor.processMethod(UsageInfoVisitor.java:113)
	at jadx.core.dex.visitors.usage.UsageInfoVisitor.processClass(UsageInfoVisitor.java:101)
	at jadx.core.dex.visitors.usage.UsageInfoVisitor.buildUsageData(UsageInfoVisitor.java:81)
	at jadx.core.dex.visitors.usage.UsageInfoVisitor.init(UsageInfoVisitor.java:65)
	at jadx.core.dex.nodes.RootNode.runPreDecompileStage(RootNode.java:356)
	at jadx.api.JadxDecompiler.load(JadxDecompiler.java:136)
	at jadx.cli.JadxCLI.runSave(JadxCLI.java:71)
	at jadx.cli.JadxCLI.execute(JadxCLI.java:44)
	at jadx.cli.JadxCLI.execute(JadxCLI.java:33)
	at jadx.cli.JadxCLI.main(JadxCLI.java:26)
ERROR - Dependency scan failed at insn: 0x0008: INVOKE_VIRTUAL_RANGE r48624, r48625, r48626, r48627, r48628, r48629, r48630, r48631, r48632, r48633, r48634, r48635, r48636, r48637, r48638, r48639, r48640, r48641, r48642, r48643, r48644, r48645, r48646, r48647, r48648, r48649, r48650, r48651, r48652, r48653 in method: com.shadow.kotlin.collections.CollectionsKt.f(java.util.ArrayList):void, file: /workspace/xh/fixp_148608.dex
java.lang.IllegalArgumentException: newPosition > limit: (1735289202 > 3323492)
	at java.base/java.nio.Buffer.createPositionException(Buffer.java:351)
	at java.base/java.nio.Buffer.position(Buffer.java:326)
	at java.base/java.nio.ByteBuffer.position(ByteBuffer.java:1561)
	at jadx.plugins.input.dex.sections.SectionReader.absPos(SectionReader.java:82)
	at jadx.plugins.input.dex.sections.SectionReader.readTypeListAt(SectionReader.java:141)
	at jadx.plugins.input.dex.sections.SectionReader.loadMethodRef(SectionReader.java:269)
	at jadx.plugins.input.dex.sections.DexMethodRef.load(DexMethodRef.java:28)
	at jadx.core.dex.info.MethodInfo.fromRef(MethodInfo.java:47)
	at jadx.core.dex.visitors.usage.UsageInfoVisitor.processInsn(UsageInfoVisitor.java:165)
	at jadx.core.dex.visitors.usage.UsageInfoVisitor.lambda$processInstructions$0(UsageInfoVisitor.java:130)
	at jadx.plugins.input.dex.sections.DexCodeReader.visitInstructions(DexCodeReader.java:86)
	at jadx.core.dex.visitors.usage.UsageInfoVisitor.processInstructions(UsageInfoVisitor.java:128)
	at jadx.core.dex.visitors.usage.UsageInfoVisitor.processMethod(UsageInfoVisitor.java:113)
	at jadx.core.dex.visitors.usage.UsageInfoVisitor.processClass(UsageInfoVisitor.java:101)
	at jadx.core.dex.visitors.usage.UsageInfoVisitor.buildUsageData(UsageInfoVisitor.java:81)
	at jadx.core.dex.visitors.usage.UsageInfoVisitor.init(UsageInfoVisitor.java:65)
	at jadx.core.dex.nodes.RootNode.runPreDecompileStage(RootNode.java:356)
	at jadx.api.JadxDecompiler.load(JadxDecompiler.java:136)
	at jadx.cli.JadxCLI.runSave(JadxCLI.java:71)
	at jadx.cli.JadxCLI.execute(JadxCLI.java:44)
	at jadx.cli.JadxCLI.execute(JadxCLI.java:33)
	at jadx.cli.JadxCLI.main(JadxCLI.java:26)
ERROR - Dependency scan failed at insn: 0x0005: IPUT r15, r9 in method: com.shadow.kotlin.collections.CollectionsKt.g(java.lang.Iterable):java.util.List, file: /workspace/xh/fixp_148608.dex
java.lang.IllegalArgumentException: newPosition < 0: (-775839444 < 0)
	at java.base/java.nio.Buffer.createPositionException(Buffer.java:351)
	at java.base/java.nio.Buffer.position(Buffer.java:326)
	at java.base/java.nio.ByteBuffer.position(ByteBuffer.java:1561)
	at jadx.plugins.input.dex.sections.SectionReader.absPos(SectionReader.java:82)
	at jadx.plugins.input.dex.sections.SectionReader.getString(SectionReader.java:175)
	at jadx.plugins.input.dex.sections.SectionReader.getType(SectionReader.java:165)
	at jadx.plugins.input.dex.sections.SectionReader.fillFieldData(SectionReader.java:194)
	at jadx.plugins.input.dex.sections.SectionReader.getFieldRef(SectionReader.java:183)
	at jadx.plugins.input.dex.insns.DexInsnData.getIndexAsField(DexInsnData.java:131)
	at jadx.core.dex.visitors.usage.UsageInfoVisitor.processInsn(UsageInfoVisitor.java:150)
	at jadx.core.dex.visitors.usage.UsageInfoVisitor.lambda$processInstructions$0(UsageInfoVisitor.java:130)
	at jadx.plugins.input.dex.sections.DexCodeReader.visitInstructions(DexCodeReader.java:86)
	at jadx.core.dex.visitors.usage.UsageInfoVisitor.processInstructions(UsageInfoVisitor.java:128)
	at jadx.core.dex.visitors.usage.UsageInfoVisitor.processMethod(UsageInfoVisitor.java:113)
	at jadx.core.dex.visitors.usage.UsageInfoVisitor.processClass(UsageInfoVisitor.java:101)
	at jadx.core.dex.visitors.usage.UsageInfoVisitor.buildUsageData(UsageInfoVisitor.java:81)
	at jadx.core.dex.visitors.usage.UsageInfoVisitor.init(UsageInfoVisitor.java:65)
	at jadx.core.dex.nodes.RootNode.runPreDecompileStage(RootNode.java:356)
	at jadx.api.JadxDecompiler.load(JadxDecompiler.java:136)
	at jadx.cli.JadxCLI.runSave(JadxCLI.java:71)
	at jadx.cli.JadxCLI.execute(JadxCLI.java:44)
	at jadx.cli.JadxCLI.execute(JadxCLI.java:33)
	at jadx.cli.JadxCLI.main(JadxCLI.java:26)
ERROR - Dependency scan failed at insn: 0x0012: IGET r1, r4 in method: com.shadow.kotlin.collections.CollectionsKt.g(java.lang.Iterable):java.util.List, file: /workspace/xh/fixp_148608.dex
java.lang.NullPointerException: Cannot invoke "jadx.core.dex.instructions.args.ArgType.hashCode()" because "this.type" is null
	at jadx.core.dex.info.FieldInfo.hashCode(FieldInfo.java:102)
	at java.base/java.util.HashMap.hash(HashMap.java:338)
	at java.base/java.util.HashMap.getNode(HashMap.java:577)
	at java.base/java.util.HashMap.get(HashMap.java:565)
	at jadx.core.dex.info.InfoStorage.getField(InfoStorage.java:57)
	at jadx.core.dex.info.FieldInfo.fromRef(FieldInfo.java:33)
	at jadx.core.dex.visitors.usage.UsageInfoVisitor.processInsn(UsageInfoVisitor.java:150)
	at jadx.core.dex.visitors.usage.UsageInfoVisitor.lambda$processInstructions$0(UsageInfoVisitor.java:130)
	at jadx.plugins.input.dex.sections.DexCodeReader.visitInstructions(DexCodeReader.java:86)
	at jadx.core.dex.visitors.usage.UsageInfoVisitor.processInstructions(UsageInfoVisitor.java:128)
	at jadx.core.dex.visitors.usage.UsageInfoVisitor.processMethod(UsageInfoVisitor.java:113)
	at jadx.core.dex.visitors.usage.UsageInfoVisitor.processClass(UsageInfoVisitor.java:101)
	at jadx.core.dex.visitors.usage.UsageInfoVisitor.buildUsageData(UsageInfoVisitor.java:81)
	at jadx.core.dex.visitors.usage.UsageInfoVisitor.init(UsageInfoVisitor.java:65)
	at jadx.core.dex.nodes.RootNode.runPreDecompileStage(RootNode.java:356)
	at jadx.api.JadxDecompiler.load(JadxDecompiler.java:136)
	at jadx.cli.JadxCLI.runSave(JadxCLI.java:71)
	at jadx.cli.JadxCLI.execute(JadxCLI.java:44)
	at jadx.cli.JadxCLI.execute(JadxCLI.java:33)
	at jadx.cli.JadxCLI.main(JadxCLI.java:26)
ERROR - Dependency scan failed at insn: 0x001A: SGET r244 in method: com.shadow.kotlin.collections.CollectionsKt.g(java.lang.Iterable):java.util.List, file: /workspace/xh/fixp_148608.dex
java.lang.IllegalArgumentException: newPosition > limit: (520751992 > 3323492)
	at java.base/java.nio.Buffer.createPositionException(Buffer.java:351)
	at java.base/java.nio.Buffer.position(Buffer.java:326)
	at java.base/java.nio.ByteBuffer.position(ByteBuffer.java:1561)
	at jadx.plugins.input.dex.sections.SectionReader.absPos(SectionReader.java:82)
	at jadx.plugins.input.dex.sections.SectionReader.getString(SectionReader.java:175)
	at jadx.plugins.input.dex.sections.SectionReader.fillFieldData(SectionReader.java:195)
	at jadx.plugins.input.dex.sections.SectionReader.getFieldRef(SectionReader.java:183)
	at jadx.plugins.input.dex.insns.DexInsnData.getIndexAsField(DexInsnData.java:131)
	at jadx.core.dex.visitors.usage.UsageInfoVisitor.processInsn(UsageInfoVisitor.java:150)
	at jadx.core.dex.visitors.usage.UsageInfoVisitor.lambda$processInstructions$0(UsageInfoVisitor.java:130)
	at jadx.plugins.input.dex.sections.DexCodeReader.visitInstructions(DexCodeReader.java:86)
	at jadx.core.dex.visitors.usage.UsageInfoVisitor.processInstructions(UsageInfoVisitor.java:128)
	at jadx.core.dex.visitors.usage.UsageInfoVisitor.processMethod(UsageInfoVisitor.java:113)
	at jadx.core.dex.visitors.usage.UsageInfoVisitor.processClass(UsageInfoVisitor.java:101)
	at jadx.core.dex.visitors.usage.UsageInfoVisitor.buildUsageData(UsageInfoVisitor.java:81)
	at jadx.core.dex.visitors.usage.UsageInfoVisitor.init(UsageInfoVisitor.java:65)
	at jadx.core.dex.nodes.RootNode.runPreDecompileStage(RootNode.java:356)
	at jadx.api.JadxDecompiler.load(JadxDecompiler.java:136)
	at jadx.cli.JadxCLI.runSave(JadxCLI.java:71)
	at jadx.cli.JadxCLI.execute(JadxCLI.java:44)
	at jadx.cli.JadxCLI.execute(JadxCLI.java:33)
	at jadx.cli.JadxCLI.main(JadxCLI.java:26)
ERROR - Dependency scan failed at insn: 0x0021: IPUT r10, r2 in method: com.shadow.kotlin.collections.CollectionsKt.g(java.lang.Iterable):java.util.List, file: /workspace/xh/fixp_148608.dex
java.lang.IllegalArgumentException: newPosition > limit: (28415528 > 3323492)
	at java.base/java.nio.Buffer.createPositionException(Buffer.java:351)
	at java.base/java.nio.Buffer.position(Buffer.java:326)
	at java.base/java.nio.ByteBuffer.position(ByteBuffer.java:1561)
	at jadx.plugins.input.dex.sections.SectionReader.absPos(SectionReader.java:82)
	at jadx.plugins.input.dex.sections.SectionReader.getString(SectionReader.java:175)
	at jadx.plugins.input.dex.sections.SectionReader.fillFieldData(SectionReader.java:195)
	at jadx.plugins.input.dex.sections.SectionReader.getFieldRef(SectionReader.java:183)
	at jadx.plugins.input.dex.insns.DexInsnData.getIndexAsField(DexInsnData.java:131)
	at jadx.core.dex.visitors.usage.UsageInfoVisitor.processInsn(UsageInfoVisitor.java:150)
	at jadx.core.dex.visitors.usage.UsageInfoVisitor.lambda$processInstructions$0(UsageInfoVisitor.java:130)
	at jadx.plugins.input.dex.sections.DexCodeReader.visitInstructions(DexCodeReader.java:86)
	at jadx.core.dex.visitors.usage.UsageInfoVisitor.processInstructions(UsageInfoVisitor.java:128)
	at jadx.core.dex.visitors.usage.UsageInfoVisitor.processMethod(UsageInfoVisitor.java:113)
	at jadx.core.dex.visitors.usage.UsageInfoVisitor.processClass(UsageInfoVisitor.java:101)
	at jadx.core.dex.visitors.usage.UsageInfoVisitor.buildUsageData(UsageInfoVisitor.java:81)
	at jadx.core.dex.visitors.usage.UsageInfoVisitor.init(UsageInfoVisitor.java:65)
	at jadx.core.dex.nodes.RootNode.runPreDecompileStage(RootNode.java:356)
	at jadx.api.JadxDecompiler.load(JadxDecompiler.java:136)
	at jadx.cli.JadxCLI.runSave(JadxCLI.java:71)
	at jadx.cli.JadxCLI.execute(JadxCLI.java:44)
	at jadx.cli.JadxCLI.execute(JadxCLI.java:33)
	at jadx.cli.JadxCLI.main(JadxCLI.java:26)
ERROR - Dependency scan failed at insn: 0x0024: INVOKE_POLYMORPHIC_RANGE r20979, r20980, r20981, r20982, r20983, r20984, r20985, r20986, r20987, r20988, r20989, r20990, r20991, r20992, r20993, r20994, r20995, r20996, r20997, r20998, r20999, r21000, r21001, r21002, r21003, r21004, r21005, r21006, r21007, r21008, r21009, r21010, r21011, r21012, r21013, r21014, r21015, r21016, r21017, r21018, r21019, r21020, r21021, r21022, r21023 in method: com.shadow.kotlin.collections.CollectionsKt.g(java.lang.Iterable):java.util.List, file: /workspace/xh/fixp_148608.dex
java.lang.IllegalArgumentException: newPosition < 0: (-610673759 < 0)
	at java.base/java.nio.Buffer.createPositionException(Buffer.java:351)
	at java.base/java.nio.Buffer.position(Buffer.java:326)
	at java.base/java.nio.ByteBuffer.position(ByteBuffer.java:1561)
	at jadx.plugins.input.dex.sections.SectionReader.absPos(SectionReader.java:82)
	at jadx.plugins.input.dex.sections.SectionReader.readTypeListAt(SectionReader.java:141)
	at jadx.plugins.input.dex.sections.SectionReader.loadMethodRef(SectionReader.java:269)
	at jadx.plugins.input.dex.sections.DexMethodRef.load(DexMethodRef.java:28)
	at jadx.core.dex.info.MethodInfo.fromRef(MethodInfo.java:47)
	at jadx.core.dex.visitors.usage.UsageInfoVisitor.processInsn(UsageInfoVisitor.java:165)
	at jadx.core.dex.visitors.usage.UsageInfoVisitor.lambda$processInstructions$0(UsageInfoVisitor.java:130)
	at jadx.plugins.input.dex.sections.DexCodeReader.visitInstructions(DexCodeReader.java:86)
	at jadx.core.dex.visitors.usage.UsageInfoVisitor.processInstructions(UsageInfoVisitor.java:128)
	at jadx.core.dex.visitors.usage.UsageInfoVisitor.processMethod(UsageInfoVisitor.java:113)
	at jadx.core.dex.visitors.usage.UsageInfoVisitor.processClass(UsageInfoVisitor.java:101)
	at jadx.core.dex.visitors.usage.UsageInfoVisitor.buildUsageData(UsageInfoVisitor.java:81)
	at jadx.core.dex.visitors.usage.UsageInfoVisitor.init(UsageInfoVisitor.java:65)
	at jadx.core.dex.nodes.RootNode.runPreDecompileStage(RootNode.java:356)
	at jadx.api.JadxDecompiler.load(JadxDecompiler.java:136)
	at jadx.cli.JadxCLI.runSave(JadxCLI.java:71)
	at jadx.cli.JadxCLI.execute(JadxCLI.java:44)
	at jadx.cli.JadxCLI.execute(JadxCLI.java:33)
	at jadx.cli.JadxCLI.main(JadxCLI.java:26)
ERROR - Dependency scan failed at insn: 0x0028: INVOKE_SUPER_RANGE r26659, r26660, r26661, r26662, r26663, r26664, r26665, r26666, r26667, r26668, r26669, r26670, r26671, r26672, r26673, r26674, r26675, r26676, r26677, r26678, r26679, r26680, r26681, r26682, r26683, r26684, r26685, r26686, r26687, r26688, r26689, r26690, r26691, r26692, r26693, r26694, r26695, r26696, r26697, r26698, r26699, r26700, r26701, r26702, r26703, r26704, r26705, r26706, r26707, r26708, r26709, r26710, r26711, r26712, r26713, r26714, r26715, r26716, r26717, r26718, r26719, r26720, r26721, r26722, r26723, r26724, r26725, r26726, r26727, r26728, r26729, r26730, r26731, r26732, r26733, r26734, r26735, r26736, r26737, r26738, r26739, r26740, r26741, r26742 in method: com.shadow.kotlin.collections.CollectionsKt.g(java.lang.Iterable):java.util.List, file: /workspace/xh/fixp_148608.dex
java.lang.IllegalArgumentException: newPosition < 0: (-1747212837 < 0)
	at java.base/java.nio.Buffer.createPositionException(Buffer.java:351)
	at java.base/java.nio.Buffer.position(Buffer.java:326)
	at java.base/java.nio.ByteBuffer.position(ByteBuffer.java:1561)
	at jadx.plugins.input.dex.sections.SectionReader.absPos(SectionReader.java:82)
	at jadx.plugins.input.dex.sections.SectionReader.readTypeListAt(SectionReader.java:141)
	at jadx.plugins.input.dex.sections.SectionReader.loadMethodRef(SectionReader.java:269)
	at jadx.plugins.input.dex.sections.DexMethodRef.load(DexMethodRef.java:28)
	at jadx.core.dex.info.MethodInfo.fromRef(MethodInfo.java:47)
	at jadx.core.dex.visitors.usage.UsageInfoVisitor.processInsn(UsageInfoVisitor.java:165)
	at jadx.core.dex.visitors.usage.UsageInfoVisitor.lambda$processInstructions$0(UsageInfoVisitor.java:130)
	at jadx.plugins.input.dex.sections.DexCodeReader.visitInstructions(DexCodeReader.java:86)
	at jadx.core.dex.visitors.usage.UsageInfoVisitor.processInstructions(UsageInfoVisitor.java:128)
	at jadx.core.dex.visitors.usage.UsageInfoVisitor.processMethod(UsageInfoVisitor.java:113)
	at jadx.core.dex.visitors.usage.UsageInfoVisitor.processClass(UsageInfoVisitor.java:101)
	at jadx.core.dex.visitors.usage.UsageInfoVisitor.buildUsageData(UsageInfoVisitor.java:81)
	at jadx.core.dex.visitors.usage.UsageInfoVisitor.init(UsageInfoVisitor.java:65)
	at jadx.core.dex.nodes.RootNode.runPreDecompileStage(RootNode.java:356)
	at jadx.api.JadxDecompiler.load(JadxDecompiler.java:136)
	at jadx.cli.JadxCLI.runSave(JadxCLI.java:71)
	at jadx.cli.JadxCLI.execute(JadxCLI.java:44)
	at jadx.cli.JadxCLI.execute(JadxCLI.java:33)
	at jadx.cli.JadxCLI.main(JadxCLI.java:26)
ERROR - Dependency scan failed at insn: 0x002D: IGET r11, r8 in method: com.shadow.kotlin.collections.CollectionsKt.g(java.lang.Iterable):java.util.List, file: /workspace/xh/fixp_148608.dex
java.lang.IllegalArgumentException: newPosition < 0: (-1316636104 < 0)
	at java.base/java.nio.Buffer.createPositionException(Buffer.java:351)
	at java.base/java.nio.Buffer.position(Buffer.java:326)
	at java.base/java.nio.ByteBuffer.position(ByteBuffer.java:1561)
	at jadx.plugins.input.dex.sections.SectionReader.absPos(SectionReader.java:82)
	at jadx.plugins.input.dex.sections.SectionReader.getString(SectionReader.java:175)
	at jadx.plugins.input.dex.sections.SectionReader.getType(SectionReader.java:165)
	at jadx.plugins.input.dex.sections.SectionReader.fillFieldData(SectionReader.java:194)
	at jadx.plugins.input.dex.sections.SectionReader.getFieldRef(SectionReader.java:183)
	at jadx.plugins.input.dex.insns.DexInsnData.getIndexAsField(DexInsnData.java:131)
	at jadx.core.dex.visitors.usage.UsageInfoVisitor.processInsn(UsageInfoVisitor.java:150)
	at jadx.core.dex.visitors.usage.UsageInfoVisitor.lambda$processInstructions$0(UsageInfoVisitor.java:130)
	at jadx.plugins.input.dex.sections.DexCodeReader.visitInstructions(DexCodeReader.java:86)
	at jadx.core.dex.visitors.usage.UsageInfoVisitor.processInstructions(UsageInfoVisitor.java:128)
	at jadx.core.dex.visitors.usage.UsageInfoVisitor.processMethod(UsageInfoVisitor.java:113)
	at jadx.core.dex.visitors.usage.UsageInfoVisitor.processClass(UsageInfoVisitor.java:101)
	at jadx.core.dex.visitors.usage.UsageInfoVisitor.buildUsageData(UsageInfoVisitor.java:81)
	at jadx.core.dex.visitors.usage.UsageInfoVisitor.init(UsageInfoVisitor.java:65)
	at jadx.core.dex.nodes.RootNode.runPreDecompileStage(RootNode.java:356)
	at jadx.api.JadxDecompiler.load(JadxDecompiler.java:136)
	at jadx.cli.JadxCLI.runSave(JadxCLI.java:71)
	at jadx.cli.JadxCLI.execute(JadxCLI.java:44)
	at jadx.cli.JadxCLI.execute(JadxCLI.java:33)
	at jadx.cli.JadxCLI.main(JadxCLI.java:26)
ERROR - Dependency scan failed at insn: 0x0034: SGET r100 in method: com.shadow.kotlin.collections.CollectionsKt.g(java.lang.Iterable):java.util.List, file: /workspace/xh/fixp_148608.dex
java.lang.IllegalArgumentException: newPosition < 0: (-1311654372 < 0)
	at java.base/java.nio.Buffer.createPositionException(Buffer.java:351)
	at java.base/java.nio.Buffer.position(Buffer.java:326)
	at java.base/java.nio.ByteBuffer.position(ByteBuffer.java:1561)
	at jadx.plugins.input.dex.sections.SectionReader.absPos(SectionReader.java:82)
	at jadx.plugins.input.dex.sections.SectionReader.getString(SectionReader.java:175)
	at jadx.plugins.input.dex.sections.SectionReader.fillFieldData(SectionReader.java:195)
	at jadx.plugins.input.dex.sections.SectionReader.getFieldRef(SectionReader.java:183)
	at jadx.plugins.input.dex.insns.DexInsnData.getIndexAsField(DexInsnData.java:131)
	at jadx.core.dex.visitors.usage.UsageInfoVisitor.processInsn(UsageInfoVisitor.java:150)
	at jadx.core.dex.visitors.usage.UsageInfoVisitor.lambda$processInstructions$0(UsageInfoVisitor.java:130)
	at jadx.plugins.input.dex.sections.DexCodeReader.visitInstructions(DexCodeReader.java:86)
	at jadx.core.dex.visitors.usage.UsageInfoVisitor.processInstructions(UsageInfoVisitor.java:128)
	at jadx.core.dex.visitors.usage.UsageInfoVisitor.processMethod(UsageInfoVisitor.java:113)
	at jadx.core.dex.visitors.usage.UsageInfoVisitor.processClass(UsageInfoVisitor.java:101)
	at jadx.core.dex.visitors.usage.UsageInfoVisitor.buildUsageData(UsageInfoVisitor.java:81)
	at jadx.core.dex.visitors.usage.UsageInfoVisitor.init(UsageInfoVisitor.java:65)
	at jadx.core.dex.nodes.RootNode.runPreDecompileStage(RootNode.java:356)
	at jadx.api.JadxDecompiler.load(JadxDecompiler.java:136)
	at jadx.cli.JadxCLI.runSave(JadxCLI.java:71)
	at jadx.cli.JadxCLI.execute(JadxCLI.java:44)
	at jadx.cli.JadxCLI.execute(JadxCLI.java:33)
	at jadx.cli.JadxCLI.main(JadxCLI.java:26)
ERROR - Dependency scan failed at insn: 0x0043: SGET r44 in method: com.shadow.kotlin.collections.CollectionsKt.g(java.lang.Iterable):java.util.List, file: /workspace/xh/fixp_148608.dex
java.lang.IllegalArgumentException: newPosition > limit: (1295855996 > 3323492)
	at java.base/java.nio.Buffer.createPositionException(Buffer.java:351)
	at java.base/java.nio.Buffer.position(Buffer.java:326)
	at java.base/java.nio.ByteBuffer.position(ByteBuffer.java:1561)
	at jadx.plugins.input.dex.sections.SectionReader.absPos(SectionReader.java:82)
	at jadx.plugins.input.dex.sections.SectionReader.getString(SectionReader.java:175)
	at jadx.plugins.input.dex.sections.SectionReader.getType(SectionReader.java:165)
	at jadx.plugins.input.dex.sections.SectionReader.fillFieldData(SectionReader.java:194)
	at jadx.plugins.input.dex.sections.SectionReader.getFieldRef(SectionReader.java:183)
	at jadx.plugins.input.dex.insns.DexInsnData.getIndexAsField(DexInsnData.java:131)
	at jadx.core.dex.visitors.usage.UsageInfoVisitor.processInsn(UsageInfoVisitor.java:150)
	at jadx.core.dex.visitors.usage.UsageInfoVisitor.lambda$processInstructions$0(UsageInfoVisitor.java:130)
	at jadx.plugins.input.dex.sections.DexCodeReader.visitInstructions(DexCodeReader.java:86)
	at jadx.core.dex.visitors.usage.UsageInfoVisitor.processInstructions(UsageInfoVisitor.java:128)
	at jadx.core.dex.visitors.usage.UsageInfoVisitor.processMethod(UsageInfoVisitor.java:113)
	at jadx.core.dex.visitors.usage.UsageInfoVisitor.processClass(UsageInfoVisitor.java:101)
	at jadx.core.dex.visitors.usage.UsageInfoVisitor.buildUsageData(UsageInfoVisitor.java:81)
	at jadx.core.dex.visitors.usage.UsageInfoVisitor.init(UsageInfoVisitor.java:65)
	at jadx.core.dex.nodes.RootNode.runPreDecompileStage(RootNode.java:356)
	at jadx.api.JadxDecompiler.load(JadxDecompiler.java:136)
	at jadx.cli.JadxCLI.runSave(JadxCLI.java:71)
	at jadx.cli.JadxCLI.execute(JadxCLI.java:44)
	at jadx.cli.JadxCLI.execute(JadxCLI.java:33)
	at jadx.cli.JadxCLI.main(JadxCLI.java:26)
ERROR - Dependency scan failed at insn: 0x004B: SPUT r179 in method: com.shadow.kotlin.collections.CollectionsKt.g(java.lang.Iterable):java.util.List, file: /workspace/xh/fixp_148608.dex
java.lang.IllegalArgumentException: newPosition < 0: (-917927416 < 0)
	at java.base/java.nio.Buffer.createPositionException(Buffer.java:351)
	at java.base/java.nio.Buffer.position(Buffer.java:326)
	at java.base/java.nio.ByteBuffer.position(ByteBuffer.java:1561)
	at jadx.plugins.input.dex.sections.SectionReader.absPos(SectionReader.java:82)
	at jadx.plugins.input.dex.sections.SectionReader.getString(SectionReader.java:175)
	at jadx.plugins.input.dex.sections.SectionReader.getType(SectionReader.java:165)
	at jadx.plugins.input.dex.sections.SectionReader.fillFieldData(SectionReader.java:194)
	at jadx.plugins.input.dex.sections.SectionReader.getFieldRef(SectionReader.java:183)
	at jadx.plugins.input.dex.insns.DexInsnData.getIndexAsField(DexInsnData.java:131)
	at jadx.core.dex.visitors.usage.UsageInfoVisitor.processInsn(UsageInfoVisitor.java:150)
	at jadx.core.dex.visitors.usage.UsageInfoVisitor.lambda$processInstructions$0(UsageInfoVisitor.java:130)
	at jadx.plugins.input.dex.sections.DexCodeReader.visitInstructions(DexCodeReader.java:86)
	at jadx.core.dex.visitors.usage.UsageInfoVisitor.processInstructions(UsageInfoVisitor.java:128)
	at jadx.core.dex.visitors.usage.UsageInfoVisitor.processMethod(UsageInfoVisitor.java:113)
	at jadx.core.dex.visitors.usage.UsageInfoVisitor.processClass(UsageInfoVisitor.java:101)
	at jadx.core.dex.visitors.usage.UsageInfoVisitor.buildUsageData(UsageInfoVisitor.java:81)
	at jadx.core.dex.visitors.usage.UsageInfoVisitor.init(UsageInfoVisitor.java:65)
	at jadx.core.dex.nodes.RootNode.runPreDecompileStage(RootNode.java:356)
	at jadx.api.JadxDecompiler.load(JadxDecompiler.java:136)
	at jadx.cli.JadxCLI.runSave(JadxCLI.java:71)
	at jadx.cli.JadxCLI.execute(JadxCLI.java:44)
	at jadx.cli.JadxCLI.execute(JadxCLI.java:33)
	at jadx.cli.JadxCLI.main(JadxCLI.java:26)
ERROR - Dependency scan failed at insn: 0x0004: SGET r65 in method: com.shadow.kotlin.collections.CollectionsKt.joinTo(java.util.Collection, java.lang.StringBuilder, java.lang.CharSequence, java.lang.CharSequence, java.lang.CharSequence, int, java.lang.CharSequence, com.shadow.kotlin.jvm.functions.Function1):void, file: /workspace/xh/fixp_148608.dex
java.lang.IllegalArgumentException: newPosition < 0: (-1112162820 < 0)
	at java.base/java.nio.Buffer.createPositionException(Buffer.java:351)
	at java.base/java.nio.Buffer.position(Buffer.java:326)
	at java.base/java.nio.ByteBuffer.position(ByteBuffer.java:1561)
	at jadx.plugins.input.dex.sections.SectionReader.absPos(SectionReader.java:82)
	at jadx.plugins.input.dex.sections.SectionReader.getString(SectionReader.java:175)
	at jadx.plugins.input.dex.sections.SectionReader.getType(SectionReader.java:165)
	at jadx.plugins.input.dex.sections.SectionReader.fillFieldData(SectionReader.java:194)
	at jadx.plugins.input.dex.sections.SectionReader.getFieldRef(SectionReader.java:183)
	at jadx.plugins.input.dex.insns.DexInsnData.getIndexAsField(DexInsnData.java:131)
	at jadx.core.dex.visitors.usage.UsageInfoVisitor.processInsn(UsageInfoVisitor.java:150)
	at jadx.core.dex.visitors.usage.UsageInfoVisitor.lambda$processInstructions$0(UsageInfoVisitor.java:130)
	at jadx.plugins.input.dex.sections.DexCodeReader.visitInstructions(DexCodeReader.java:86)
	at jadx.core.dex.visitors.usage.UsageInfoVisitor.processInstructions(UsageInfoVisitor.java:128)
	at jadx.core.dex.visitors.usage.UsageInfoVisitor.processMethod(UsageInfoVisitor.java:113)
	at jadx.core.dex.visitors.usage.UsageInfoVisitor.processClass(UsageInfoVisitor.java:101)
	at jadx.core.dex.visitors.usage.UsageInfoVisitor.buildUsageData(UsageInfoVisitor.java:81)
	at jadx.core.dex.visitors.usage.UsageInfoVisitor.init(UsageInfoVisitor.java:65)
	at jadx.core.dex.nodes.RootNode.runPreDecompileStage(RootNode.java:356)
	at jadx.api.JadxDecompiler.load(JadxDecompiler.java:136)
	at jadx.cli.JadxCLI.runSave(JadxCLI.java:71)
	at jadx.cli.JadxCLI.execute(JadxCLI.java:44)
	at jadx.cli.JadxCLI.execute(JadxCLI.java:33)
	at jadx.cli.JadxCLI.main(JadxCLI.java:26)
ERROR - Dependency scan failed at insn: 0x000B: FILLED_NEW_ARRAY_RANGE r57677, r57678, r57679, r57680, r57681, r57682, r57683, r57684, r57685, r57686, r57687, r57688, r57689, r57690, r57691, r57692, r57693, r57694, r57695, r57696, r57697, r57698, r57699, r57700, r57701, r57702, r57703, r57704, r57705, r57706, r57707, r57708, r57709, r57710, r57711, r57712, r57713, r57714, r57715, r57716, r57717, r57718, r57719, r57720, r57721, r57722, r57723, r57724, r57725, r57726, r57727, r57728, r57729, r57730, r57731, r57732, r57733, r57734, r57735, r57736, r57737, r57738, r57739, r57740, r57741, r57742, r57743, r57744, r57745, r57746, r57747, r57748, r57749, r57750, r57751, r57752, r57753, r57754, r57755, r57756, r57757, r57758, r57759, r57760, r57761, r57762, r57763, r57764, r57765, r57766, r57767, r57768, r57769, r57770, r57771, r57772, r57773, r57774, r57775, r57776, r57777, r57778, r57779, r57780, r57781, r57782, r57783, r57784, r57785, r57786, r57787, r57788, r57789, r57790, r57791, r57792, r57793, r57794, r57795, r57796, r57797, r57798, r57799, r57800, r57801, r57802, r57803, r57804, r57805, r57806, r57807, r57808, r57809, r57810, r57811, r57812, r57813, r57814, r57815, r57816, r57817, r57818, r57819, r57820, r57821, r57822, r57823, r57824, r57825, r57826 in method: com.shadow.kotlin.collections.CollectionsKt.joinTo(java.util.Collection, java.lang.StringBuilder, java.lang.CharSequence, java.lang.CharSequence, java.lang.CharSequence, int, java.lang.CharSequence, com.shadow.kotlin.jvm.functions.Function1):void, file: /workspace/xh/fixp_148608.dex
java.lang.IllegalArgumentException: newPosition > limit: (555778560 > 3323492)
	at java.base/java.nio.Buffer.createPositionException(Buffer.java:351)
	at java.base/java.nio.Buffer.position(Buffer.java:326)
	at java.base/java.nio.ByteBuffer.position(ByteBuffer.java:1561)
	at jadx.plugins.input.dex.sections.SectionReader.absPos(SectionReader.java:82)
	at jadx.plugins.input.dex.sections.SectionReader.getString(SectionReader.java:175)
	at jadx.plugins.input.dex.sections.SectionReader.getType(SectionReader.java:165)
	at jadx.plugins.input.dex.insns.DexInsnData.getIndexAsType(DexInsnData.java:126)
	at jadx.core.dex.visitors.usage.UsageInfoVisitor.processInsn(UsageInfoVisitor.java:144)
	at jadx.core.dex.visitors.usage.UsageInfoVisitor.lambda$processInstructions$0(UsageInfoVisitor.java:130)
	at jadx.plugins.input.dex.sections.DexCodeReader.visitInstructions(DexCodeReader.java:86)
	at jadx.core.dex.visitors.usage.UsageInfoVisitor.processInstructions(UsageInfoVisitor.java:128)
	at jadx.core.dex.visitors.usage.UsageInfoVisitor.processMethod(UsageInfoVisitor.java:113)
	at jadx.core.dex.visitors.usage.UsageInfoVisitor.processClass(UsageInfoVisitor.java:101)
	at jadx.core.dex.visitors.usage.UsageInfoVisitor.buildUsageData(UsageInfoVisitor.java:81)
	at jadx.core.dex.visitors.usage.UsageInfoVisitor.init(UsageInfoVisitor.java:65)
	at jadx.core.dex.nodes.RootNode.runPreDecompileStage(RootNode.java:356)
	at jadx.api.JadxDecompiler.load(JadxDecompiler.java:136)
	at jadx.cli.JadxCLI.runSave(JadxCLI.java:71)
	at jadx.cli.JadxCLI.execute(JadxCLI.java:44)
	at jadx.cli.JadxCLI.execute(JadxCLI.java:33)
	at jadx.cli.JadxCLI.main(JadxCLI.java:26)
ERROR - Dependency scan failed at insn: 0x000E: INVOKE_VIRTUAL r7 in method: com.shadow.kotlin.collections.CollectionsKt.joinTo(java.util.Collection, java.lang.StringBuilder, java.lang.CharSequence, java.lang.CharSequence, java.lang.CharSequence, int, java.lang.CharSequence, com.shadow.kotlin.jvm.functions.Function1):void, file: /workspace/xh/fixp_148608.dex
java.lang.NegativeArraySizeException: -610280548
	at jadx.plugins.input.dex.sections.SectionReader.readUShortArray(SectionReader.java:126)
	at jadx.plugins.input.dex.sections.SectionReader.readTypeList(SectionReader.java:149)
	at jadx.plugins.input.dex.sections.SectionReader.readTypeListAt(SectionReader.java:141)
	at jadx.plugins.input.dex.sections.SectionReader.loadMethodRef(SectionReader.java:269)
	at jadx.plugins.input.dex.sections.DexMethodRef.load(DexMethodRef.java:28)
	at jadx.core.dex.info.MethodInfo.fromRef(MethodInfo.java:47)
	at jadx.core.dex.visitors.usage.UsageInfoVisitor.processInsn(UsageInfoVisitor.java:165)
	at jadx.core.dex.visitors.usage.UsageInfoVisitor.lambda$processInstructions$0(UsageInfoVisitor.java:130)
	at jadx.plugins.input.dex.sections.DexCodeReader.visitInstructions(DexCodeReader.java:86)
	at jadx.core.dex.visitors.usage.UsageInfoVisitor.processInstructions(UsageInfoVisitor.java:128)
	at jadx.core.dex.visitors.usage.UsageInfoVisitor.processMethod(UsageInfoVisitor.java:113)
	at jadx.core.dex.visitors.usage.UsageInfoVisitor.processClass(UsageInfoVisitor.java:101)
	at jadx.core.dex.visitors.usage.UsageInfoVisitor.buildUsageData(UsageInfoVisitor.java:81)
	at jadx.core.dex.visitors.usage.UsageInfoVisitor.init(UsageInfoVisitor.java:65)
	at jadx.core.dex.nodes.RootNode.runPreDecompileStage(RootNode.java:356)
	at jadx.api.JadxDecompiler.load(JadxDecompiler.java:136)
	at jadx.cli.JadxCLI.runSave(JadxCLI.java:71)
	at jadx.cli.JadxCLI.execute(JadxCLI.java:44)
	at jadx.cli.JadxCLI.execute(JadxCLI.java:33)
	at jadx.cli.JadxCLI.main(JadxCLI.java:26)
ERROR - Dependency scan failed at insn: 0x0013: INVOKE_CUSTOM r3 in method: com.shadow.kotlin.collections.CollectionsKt.joinTo(java.util.Collection, java.lang.StringBuilder, java.lang.CharSequence, java.lang.CharSequence, java.lang.CharSequence, int, java.lang.CharSequence, com.shadow.kotlin.jvm.functions.Function1):void, file: /workspace/xh/fixp_148608.dex
jadx.plugins.input.dex.DexException: Unknown encoded value type: 0x14
	at jadx.plugins.input.dex.sections.annotations.EncodedValueParser.parseValue(EncodedValueParser.java:87)
	at jadx.plugins.input.dex.sections.annotations.EncodedValueParser.parseEncodedArray(EncodedValueParser.java:95)
	at jadx.plugins.input.dex.sections.SectionReader.getCallSite(SectionReader.java:209)
	at jadx.plugins.input.dex.insns.DexInsnData.getIndexAsCallSite(DexInsnData.java:141)
	at jadx.core.utils.input.InsnDataUtils.getCallSite(InsnDataUtils.java:27)
	at jadx.core.dex.visitors.usage.UsageInfoVisitor.processInsn(UsageInfoVisitor.java:174)
	at jadx.core.dex.visitors.usage.UsageInfoVisitor.lambda$processInstructions$0(UsageInfoVisitor.java:130)
	at jadx.plugins.input.dex.sections.DexCodeReader.visitInstructions(DexCodeReader.java:86)
	at jadx.core.dex.visitors.usage.UsageInfoVisitor.processInstructions(UsageInfoVisitor.java:128)
	at jadx.core.dex.visitors.usage.UsageInfoVisitor.processMethod(UsageInfoVisitor.java:113)
	at jadx.core.dex.visitors.usage.UsageInfoVisitor.processClass(UsageInfoVisitor.java:101)
	at jadx.core.dex.visitors.usage.UsageInfoVisitor.buildUsageData(UsageInfoVisitor.java:81)
	at jadx.core.dex.visitors.usage.UsageInfoVisitor.init(UsageInfoVisitor.java:65)
	at jadx.core.dex.nodes.RootNode.runPreDecompileStage(RootNode.java:356)
	at jadx.api.JadxDecompiler.load(JadxDecompiler.java:136)
	at jadx.cli.JadxCLI.runSave(JadxCLI.java:71)
	at jadx.cli.JadxCLI.execute(JadxCLI.java:44)
	at jadx.cli.JadxCLI.execute(JadxCLI.java:33)
	at jadx.cli.JadxCLI.main(JadxCLI.java:26)
ERROR - Dependency scan failed at insn: 0x0019: SPUT r218 in method: com.shadow.kotlin.collections.CollectionsKt.joinTo(java.util.Collection, java.lang.StringBuilder, java.lang.CharSequence, java.lang.CharSequence, java.lang.CharSequence, int, java.lang.CharSequence, com.shadow.kotlin.jvm.functions.Function1):void, file: /workspace/xh/fixp_148608.dex
java.lang.IllegalArgumentException: newPosition > limit: (1225529456 > 3323492)
	at java.base/java.nio.Buffer.createPositionException(Buffer.java:351)
	at java.base/java.nio.Buffer.position(Buffer.java:326)
	at java.base/java.nio.ByteBuffer.position(ByteBuffer.java:1561)
	at jadx.plugins.input.dex.sections.SectionReader.absPos(SectionReader.java:82)
	at jadx.plugins.input.dex.sections.SectionReader.getString(SectionReader.java:175)
	at jadx.plugins.input.dex.sections.SectionReader.getType(SectionReader.java:165)
	at jadx.plugins.input.dex.sections.SectionReader.fillFieldData(SectionReader.java:194)
	at jadx.plugins.input.dex.sections.SectionReader.getFieldRef(SectionReader.java:183)
	at jadx.plugins.input.dex.insns.DexInsnData.getIndexAsField(DexInsnData.java:131)
	at jadx.core.dex.visitors.usage.UsageInfoVisitor.processInsn(UsageInfoVisitor.java:150)
	at jadx.core.dex.visitors.usage.UsageInfoVisitor.lambda$processInstructions$0(UsageInfoVisitor.java:130)
	at jadx.plugins.input.dex.sections.DexCodeReader.visitInstructions(DexCodeReader.java:86)
	at jadx.core.dex.visitors.usage.UsageInfoVisitor.processInstructions(UsageInfoVisitor.java:128)
	at jadx.core.dex.visitors.usage.UsageInfoVisitor.processMethod(UsageInfoVisitor.java:113)
	at jadx.core.dex.visitors.usage.UsageInfoVisitor.processClass(UsageInfoVisitor.java:101)
	at jadx.core.dex.visitors.usage.UsageInfoVisitor.buildUsageData(UsageInfoVisitor.java:81)
	at jadx.core.dex.visitors.usage.UsageInfoVisitor.init(UsageInfoVisitor.java:65)
	at jadx.core.dex.nodes.RootNode.runPreDecompileStage(RootNode.java:356)
	at jadx.api.JadxDecompiler.load(JadxDecompiler.java:136)
	at jadx.cli.JadxCLI.runSave(JadxCLI.java:71)
	at jadx.cli.JadxCLI.execute(JadxCLI.java:44)
	at jadx.cli.JadxCLI.execute(JadxCLI.java:33)
	at jadx.cli.JadxCLI.main(JadxCLI.java:26)
ERROR - Dependency scan failed at insn: 0x002D: INVOKE_INTERFACE_RANGE r7739, r7740, r7741, r7742, r7743, r7744, r7745, r7746, r7747, r7748, r7749, r7750, r7751, r7752, r7753, r7754, r7755, r7756, r7757, r7758, r7759, r7760, r7761, r7762, r7763, r7764, r7765, r7766, r7767, r7768, r7769, r7770, r7771, r7772, r7773, r7774, r7775, r7776, r7777, r7778, r7779, r7780, r7781, r7782, r7783, r7784, r7785, r7786, r7787, r7788, r7789, r7790, r7791, r7792, r7793, r7794, r7795, r7796, r7797, r7798, r7799, r7800, r7801, r7802, r7803, r7804, r7805, r7806, r7807, r7808, r7809, r7810, r7811, r7812, r7813, r7814, r7815, r7816, r7817, r7818, r7819, r7820, r7821, r7822, r7823, r7824, r7825, r7826, r7827, r7828, r7829, r7830, r7831, r7832, r7833, r7834, r7835, r7836, r7837, r7838, r7839, r7840, r7841, r7842, r7843, r7844, r7845, r7846, r7847, r7848, r7849, r7850, r7851, r7852, r7853, r7854, r7855, r7856, r7857, r7858, r7859, r7860, r7861, r7862, r7863, r7864, r7865, r7866, r7867, r7868, r7869, r7870, r7871, r7872, r7873, r7874, r7875, r7876, r7877, r7878, r7879, r7880, r7881, r7882, r7883, r7884, r7885, r7886, r7887, r7888, r7889, r7890, r7891, r7892, r7893, r7894, r7895, r7896, r7897, r7898, r7899, r7900, r7901, r7902, r7903, r7904, r7905, r7906, r7907, r7908, r7909, r7910, r7911, r7912, r7913, r7914 in method: com.shadow.kotlin.collections.CollectionsKt.joinTo(java.util.Collection, java.lang.StringBuilder, java.lang.CharSequence, java.lang.CharSequence, java.lang.CharSequence, int, java.lang.CharSequence, com.shadow.kotlin.jvm.functions.Function1):void, file: /workspace/xh/fixp_148608.dex
java.lang.IllegalArgumentException: newPosition > limit: (1751871268 > 3323492)
	at java.base/java.nio.Buffer.createPositionException(Buffer.java:351)
	at java.base/java.nio.Buffer.position(Buffer.java:326)
	at java.base/java.nio.ByteBuffer.position(ByteBuffer.java:1561)
	at jadx.plugins.input.dex.sections.SectionReader.absPos(SectionReader.java:82)
	at jadx.plugins.input.dex.sections.SectionReader.readTypeListAt(SectionReader.java:141)
	at jadx.plugins.input.dex.sections.SectionReader.loadMethodRef(SectionReader.java:269)
	at jadx.plugins.input.dex.sections.DexMethodRef.load(DexMethodRef.java:28)
	at jadx.core.dex.info.MethodInfo.fromRef(MethodInfo.java:47)
	at jadx.core.dex.visitors.usage.UsageInfoVisitor.processInsn(UsageInfoVisitor.java:165)
	at jadx.core.dex.visitors.usage.UsageInfoVisitor.lambda$processInstructions$0(UsageInfoVisitor.java:130)
	at jadx.plugins.input.dex.sections.DexCodeReader.visitInstructions(DexCodeReader.java:86)
	at jadx.core.dex.visitors.usage.UsageInfoVisitor.processInstructions(UsageInfoVisitor.java:128)
	at jadx.core.dex.visitors.usage.UsageInfoVisitor.processMethod(UsageInfoVisitor.java:113)
	at jadx.core.dex.visitors.usage.UsageInfoVisitor.processClass(UsageInfoVisitor.java:101)
	at jadx.core.dex.visitors.usage.UsageInfoVisitor.buildUsageData(UsageInfoVisitor.java:81)
	at jadx.core.dex.visitors.usage.UsageInfoVisitor.init(UsageInfoVisitor.java:65)
	at jadx.core.dex.nodes.RootNode.runPreDecompileStage(RootNode.java:356)
	at jadx.api.JadxDecompiler.load(JadxDecompiler.java:136)
	at jadx.cli.JadxCLI.runSave(JadxCLI.java:71)
	at jadx.cli.JadxCLI.execute(JadxCLI.java:44)
	at jadx.cli.JadxCLI.execute(JadxCLI.java:33)
	at jadx.cli.JadxCLI.main(JadxCLI.java:26)
ERROR - Dependency scan failed at insn: 0x0034: INVOKE_CUSTOM_RANGE r39062, r39063, r39064, r39065, r39066, r39067, r39068, r39069, r39070, r39071, r39072, r39073, r39074, r39075, r39076, r39077, r39078, r39079, r39080, r39081, r39082, r39083, r39084, r39085, r39086, r39087, r39088, r39089, r39090, r39091, r39092, r39093, r39094, r39095, r39096, r39097, r39098, r39099, r39100, r39101, r39102, r39103, r39104, r39105, r39106, r39107, r39108, r39109, r39110, r39111, r39112, r39113, r39114, r39115, r39116, r39117, r39118, r39119, r39120, r39121, r39122, r39123, r39124, r39125, r39126, r39127, r39128, r39129, r39130, r39131, r39132, r39133, r39134, r39135, r39136, r39137, r39138, r39139, r39140, r39141, r39142, r39143, r39144, r39145, r39146, r39147, r39148, r39149, r39150, r39151, r39152, r39153, r39154, r39155, r39156, r39157, r39158, r39159, r39160, r39161, r39162, r39163, r39164, r39165, r39166, r39167, r39168, r39169, r39170, r39171, r39172, r39173, r39174, r39175, r39176, r39177, r39178, r39179, r39180, r39181, r39182, r39183, r39184, r39185, r39186, r39187, r39188, r39189, r39190, r39191, r39192, r39193, r39194, r39195, r39196, r39197, r39198, r39199, r39200, r39201, r39202, r39203, r39204, r39205, r39206, r39207, r39208, r39209, r39210, r39211, r39212, r39213, r39214, r39215, r39216, r39217, r39218, r39219, r39220, r39221, r39222, r39223, r39224, r39225, r39226, r39227, r39228, r39229, r39230, r39231, r39232, r39233, r39234, r39235, r39236, r39237, r39238, r39239, r39240, r39241, r39242, r39243, r39244, r39245, r39246, r39247, r39248, r39249, r39250, r39251, r39252, r39253, r39254, r39255, r39256, r39257, r39258, r39259, r39260, r39261, r39262, r39263, r39264, r39265, r39266, r39267, r39268, r39269, r39270, r39271, r39272, r39273, r39274, r39275, r39276, r39277, r39278, r39279, r39280, r39281, r39282, r39283, r39284, r39285, r39286, r39287, r39288, r39289, r39290, r39291, r39292, r39293, r39294 in method: com.shadow.kotlin.collections.CollectionsKt.joinTo(java.util.Collection, java.lang.StringBuilder, java.lang.CharSequence, java.lang.CharSequence, java.lang.CharSequence, int, java.lang.CharSequence, com.shadow.kotlin.jvm.functions.Function1):void, file: /workspace/xh/fixp_148608.dex
java.lang.IllegalArgumentException: newPosition < 0: (-582928992 < 0)
	at java.base/java.nio.Buffer.createPositionException(Buffer.java:351)
	at java.base/java.nio.Buffer.position(Buffer.java:326)
	at java.base/java.nio.ByteBuffer.position(ByteBuffer.java:1561)
	at jadx.plugins.input.dex.sections.SectionReader.absPos(SectionReader.java:82)
	at jadx.plugins.input.dex.sections.SectionReader.fillFieldData(SectionReader.java:190)
	at jadx.plugins.input.dex.sections.SectionReader.getFieldRef(SectionReader.java:183)
	at jadx.plugins.input.dex.sections.annotations.EncodedValueParser.parseValue(EncodedValueParser.java:69)
	at jadx.plugins.input.dex.sections.annotations.EncodedValueParser.parseEncodedArray(EncodedValueParser.java:95)
	at jadx.plugins.input.dex.sections.SectionReader.getCallSite(SectionReader.java:209)
	at jadx.plugins.input.dex.insns.DexInsnData.getIndexAsCallSite(DexInsnData.java:141)
	at jadx.core.utils.input.InsnDataUtils.getCallSite(InsnDataUtils.java:27)
	at jadx.core.dex.visitors.usage.UsageInfoVisitor.processInsn(UsageInfoVisitor.java:174)
	at jadx.core.dex.visitors.usage.UsageInfoVisitor.lambda$processInstructions$0(UsageInfoVisitor.java:130)
	at jadx.plugins.input.dex.sections.DexCodeReader.visitInstructions(DexCodeReader.java:86)
	at jadx.core.dex.visitors.usage.UsageInfoVisitor.processInstructions(UsageInfoVisitor.java:128)
	at jadx.core.dex.visitors.usage.UsageInfoVisitor.processMethod(UsageInfoVisitor.java:113)
	at jadx.core.dex.visitors.usage.UsageInfoVisitor.processClass(UsageInfoVisitor.java:101)
	at jadx.core.dex.visitors.usage.UsageInfoVisitor.buildUsageData(UsageInfoVisitor.java:81)
	at jadx.core.dex.visitors.usage.UsageInfoVisitor.init(UsageInfoVisitor.java:65)
	at jadx.core.dex.nodes.RootNode.runPreDecompileStage(RootNode.java:356)
	at jadx.api.JadxDecompiler.load(JadxDecompiler.java:136)
	at jadx.cli.JadxCLI.runSave(JadxCLI.java:71)
	at jadx.cli.JadxCLI.execute(JadxCLI.java:44)
	at jadx.cli.JadxCLI.execute(JadxCLI.java:33)
	at jadx.cli.JadxCLI.main(JadxCLI.java:26)
ERROR - Dependency scan failed at insn: 0x0006: SGET r100 in method: com.shadow.kotlin.collections.CollectionsKt.toCollection(java.lang.Iterable, java.util.AbstractCollection):void, file: /workspace/xh/fixp_148608.dex
java.lang.IllegalArgumentException: newPosition < 0: (-1582449364 < 0)
	at java.base/java.nio.Buffer.createPositionException(Buffer.java:351)
	at java.base/java.nio.Buffer.position(Buffer.java:326)
	at java.base/java.nio.ByteBuffer.position(ByteBuffer.java:1561)
	at jadx.plugins.input.dex.sections.SectionReader.absPos(SectionReader.java:82)
	at jadx.plugins.input.dex.sections.SectionReader.getString(SectionReader.java:175)
	at jadx.plugins.input.dex.sections.SectionReader.fillFieldData(SectionReader.java:195)
	at jadx.plugins.input.dex.sections.SectionReader.getFieldRef(SectionReader.java:183)
	at jadx.plugins.input.dex.insns.DexInsnData.getIndexAsField(DexInsnData.java:131)
	at jadx.core.dex.visitors.usage.UsageInfoVisitor.processInsn(UsageInfoVisitor.java:150)
	at jadx.core.dex.visitors.usage.UsageInfoVisitor.lambda$processInstructions$0(UsageInfoVisitor.java:130)
	at jadx.plugins.input.dex.sections.DexCodeReader.visitInstructions(DexCodeReader.java:86)
	at jadx.core.dex.visitors.usage.UsageInfoVisitor.processInstructions(UsageInfoVisitor.java:128)
	at jadx.core.dex.visitors.usage.UsageInfoVisitor.processMethod(UsageInfoVisitor.java:113)
	at jadx.core.dex.visitors.usage.UsageInfoVisitor.processClass(UsageInfoVisitor.java:101)
	at jadx.core.dex.visitors.usage.UsageInfoVisitor.buildUsageData(UsageInfoVisitor.java:81)
	at jadx.core.dex.visitors.usage.UsageInfoVisitor.init(UsageInfoVisitor.java:65)
	at jadx.core.dex.nodes.RootNode.runPreDecompileStage(RootNode.java:356)
	at jadx.api.JadxDecompiler.load(JadxDecompiler.java:136)
	at jadx.cli.JadxCLI.runSave(JadxCLI.java:71)
	at jadx.cli.JadxCLI.execute(JadxCLI.java:44)
	at jadx.cli.JadxCLI.execute(JadxCLI.java:33)
	at jadx.cli.JadxCLI.main(JadxCLI.java:26)
ERROR - Dependency scan failed at insn: 0x0002: IGET r0, r14 in method: com.shadow.kotlin.collections.CollectionsKt___CollectionsKt$asSequence$$inlined$Sequence$1.<init>(java.util.List):void, file: /workspace/xh/fixp_148608.dex
java.lang.IllegalArgumentException: newPosition < 0: (-1127663332 < 0)
	at java.base/java.nio.Buffer.createPositionException(Buffer.java:351)
	at java.base/java.nio.Buffer.position(Buffer.java:326)
	at java.base/java.nio.ByteBuffer.position(ByteBuffer.java:1561)
	at jadx.plugins.input.dex.sections.SectionReader.absPos(SectionReader.java:82)
	at jadx.plugins.input.dex.sections.SectionReader.getString(SectionReader.java:175)
	at jadx.plugins.input.dex.sections.SectionReader.fillFieldData(SectionReader.java:195)
	at jadx.plugins.input.dex.sections.SectionReader.getFieldRef(SectionReader.java:183)
	at jadx.plugins.input.dex.insns.DexInsnData.getIndexAsField(DexInsnData.java:131)
	at jadx.core.dex.visitors.usage.UsageInfoVisitor.processInsn(UsageInfoVisitor.java:150)
	at jadx.core.dex.visitors.usage.UsageInfoVisitor.lambda$processInstructions$0(UsageInfoVisitor.java:130)
	at jadx.plugins.input.dex.sections.DexCodeReader.visitInstructions(DexCodeReader.java:86)
	at jadx.core.dex.visitors.usage.UsageInfoVisitor.processInstructions(UsageInfoVisitor.java:128)
	at jadx.core.dex.visitors.usage.UsageInfoVisitor.processMethod(UsageInfoVisitor.java:113)
	at jadx.core.dex.visitors.usage.UsageInfoVisitor.processClass(UsageInfoVisitor.java:101)
	at jadx.core.dex.visitors.usage.UsageInfoVisitor.buildUsageData(UsageInfoVisitor.java:81)
	at jadx.core.dex.visitors.usage.UsageInfoVisitor.init(UsageInfoVisitor.java:65)
	at jadx.core.dex.nodes.RootNode.runPreDecompileStage(RootNode.java:356)
	at jadx.api.JadxDecompiler.load(JadxDecompiler.java:136)
	at jadx.cli.JadxCLI.runSave(JadxCLI.java:71)
	at jadx.cli.JadxCLI.execute(JadxCLI.java:44)
	at jadx.cli.JadxCLI.execute(JadxCLI.java:33)
	at jadx.cli.JadxCLI.main(JadxCLI.java:26)
ERROR - Dependency scan failed at insn: 0x0000: IPUT r3, r10 in method: com.shadow.kotlin.collections.EmptyIterator.<clinit>():void, file: /workspace/xh/fixp_148608.dex
java.lang.IllegalArgumentException: newPosition > limit: (13106888 > 3323492)
	at java.base/java.nio.Buffer.createPositionException(Buffer.java:351)
	at java.base/java.nio.Buffer.position(Buffer.java:326)
	at java.base/java.nio.ByteBuffer.position(ByteBuffer.java:1561)
	at jadx.plugins.input.dex.sections.SectionReader.absPos(SectionReader.java:82)
	at jadx.plugins.input.dex.sections.SectionReader.getString(SectionReader.java:175)
	at jadx.plugins.input.dex.sections.SectionReader.getType(SectionReader.java:165)
	at jadx.plugins.input.dex.sections.SectionReader.fillFieldData(SectionReader.java:194)
	at jadx.plugins.input.dex.sections.SectionReader.getFieldRef(SectionReader.java:183)
	at jadx.plugins.input.dex.insns.DexInsnData.getIndexAsField(DexInsnData.java:131)
	at jadx.core.dex.visitors.usage.UsageInfoVisitor.processInsn(UsageInfoVisitor.java:150)
	at jadx.core.dex.visitors.usage.UsageInfoVisitor.lambda$processInstructions$0(UsageInfoVisitor.java:130)
	at jadx.plugins.input.dex.sections.DexCodeReader.visitInstructions(DexCodeReader.java:86)
	at jadx.core.dex.visitors.usage.UsageInfoVisitor.processInstructions(UsageInfoVisitor.java:128)
	at jadx.core.dex.visitors.usage.UsageInfoVisitor.processMethod(UsageInfoVisitor.java:113)
	at jadx.core.dex.visitors.usage.UsageInfoVisitor.processClass(UsageInfoVisitor.java:101)
	at jadx.core.dex.visitors.usage.UsageInfoVisitor.buildUsageData(UsageInfoVisitor.java:81)
	at jadx.core.dex.visitors.usage.UsageInfoVisitor.init(UsageInfoVisitor.java:65)
	at jadx.core.dex.nodes.RootNode.runPreDecompileStage(RootNode.java:356)
	at jadx.api.JadxDecompiler.load(JadxDecompiler.java:136)
	at jadx.cli.JadxCLI.runSave(JadxCLI.java:71)
	at jadx.cli.JadxCLI.execute(JadxCLI.java:44)
	at jadx.cli.JadxCLI.execute(JadxCLI.java:33)
	at jadx.cli.JadxCLI.main(JadxCLI.java:26)
ERROR - Dependency scan failed at insn: 0x0034: SGET r211 in method: com.shadow.kotlin.collections.EmptyIterator.PppCU():void, file: /workspace/xh/fixp_148608.dex
java.lang.IllegalArgumentException: newPosition < 0: (-1165087661 < 0)
	at java.base/java.nio.Buffer.createPositionException(Buffer.java:351)
	at java.base/java.nio.Buffer.position(Buffer.java:326)
	at java.base/java.nio.ByteBuffer.position(ByteBuffer.java:1561)
	at jadx.plugins.input.dex.sections.SectionReader.absPos(SectionReader.java:82)
	at jadx.plugins.input.dex.sections.SectionReader.getString(SectionReader.java:177)
	at jadx.plugins.input.dex.sections.SectionReader.fillFieldData(SectionReader.java:195)
	at jadx.plugins.input.dex.sections.SectionReader.getFieldRef(SectionReader.java:183)
	at jadx.plugins.input.dex.insns.DexInsnData.getIndexAsField(DexInsnData.java:131)
	at jadx.core.dex.visitors.usage.UsageInfoVisitor.processInsn(UsageInfoVisitor.java:150)
	at jadx.core.dex.visitors.usage.UsageInfoVisitor.lambda$processInstructions$0(UsageInfoVisitor.java:130)
	at jadx.plugins.input.dex.sections.DexCodeReader.visitInstructions(DexCodeReader.java:86)
	at jadx.core.dex.visitors.usage.UsageInfoVisitor.processInstructions(UsageInfoVisitor.java:128)
	at jadx.core.dex.visitors.usage.UsageInfoVisitor.processMethod(UsageInfoVisitor.java:113)
	at jadx.core.dex.visitors.usage.UsageInfoVisitor.processClass(UsageInfoVisitor.java:101)
	at jadx.core.dex.visitors.usage.UsageInfoVisitor.buildUsageData(UsageInfoVisitor.java:81)
	at jadx.core.dex.visitors.usage.UsageInfoVisitor.init(UsageInfoVisitor.java:65)
	at jadx.core.dex.nodes.RootNode.runPreDecompileStage(RootNode.java:356)
	at jadx.api.JadxDecompiler.load(JadxDecompiler.java:136)
	at jadx.cli.JadxCLI.runSave(JadxCLI.java:71)
	at jadx.cli.JadxCLI.execute(JadxCLI.java:44)
	at jadx.cli.JadxCLI.execute(JadxCLI.java:33)
	at jadx.cli.JadxCLI.main(JadxCLI.java:26)
ERROR - Dependency scan failed at insn: 0x003A: INSTANCE_OF r9, r1 in method: com.shadow.kotlin.collections.EmptyIterator.PppCU():void, file: /workspace/xh/fixp_148608.dex
java.lang.IllegalArgumentException: newPosition < 0: (-1245901568 < 0)
	at java.base/java.nio.Buffer.createPositionException(Buffer.java:351)
	at java.base/java.nio.Buffer.position(Buffer.java:326)
	at java.base/java.nio.ByteBuffer.position(ByteBuffer.java:1561)
	at jadx.plugins.input.dex.sections.SectionReader.absPos(SectionReader.java:82)
	at jadx.plugins.input.dex.sections.SectionReader.getString(SectionReader.java:175)
	at jadx.plugins.input.dex.sections.SectionReader.getType(SectionReader.java:165)
	at jadx.plugins.input.dex.insns.DexInsnData.getIndexAsType(DexInsnData.java:126)
	at jadx.core.dex.visitors.usage.UsageInfoVisitor.processInsn(UsageInfoVisitor.java:144)
	at jadx.core.dex.visitors.usage.UsageInfoVisitor.lambda$processInstructions$0(UsageInfoVisitor.java:130)
	at jadx.plugins.input.dex.sections.DexCodeReader.visitInstructions(DexCodeReader.java:86)
	at jadx.core.dex.visitors.usage.UsageInfoVisitor.processInstructions(UsageInfoVisitor.java:128)
	at jadx.core.dex.visitors.usage.UsageInfoVisitor.processMethod(UsageInfoVisitor.java:113)
	at jadx.core.dex.visitors.usage.UsageInfoVisitor.processClass(UsageInfoVisitor.java:101)
	at jadx.core.dex.visitors.usage.UsageInfoVisitor.buildUsageData(UsageInfoVisitor.java:81)
	at jadx.core.dex.visitors.usage.UsageInfoVisitor.init(UsageInfoVisitor.java:65)
	at jadx.core.dex.nodes.RootNode.runPreDecompileStage(RootNode.java:356)
	at jadx.api.JadxDecompiler.load(JadxDecompiler.java:136)
	at jadx.cli.JadxCLI.runSave(JadxCLI.java:71)
	at jadx.cli.JadxCLI.execute(JadxCLI.java:44)
	at jadx.cli.JadxCLI.execute(JadxCLI.java:33)
	at jadx.cli.JadxCLI.main(JadxCLI.java:26)
ERROR - Dependency scan failed at insn: 0x0004: SPUT r189 in method: com.shadow.kotlin.collections.EmptyIterator.next():java.lang.Object, file: /workspace/xh/fixp_148608.dex
java.lang.IllegalArgumentException: newPosition > limit: (1494026688 > 3323492)
	at java.base/java.nio.Buffer.createPositionException(Buffer.java:351)
	at java.base/java.nio.Buffer.position(Buffer.java:326)
	at java.base/java.nio.ByteBuffer.position(ByteBuffer.java:1561)
	at jadx.plugins.input.dex.sections.SectionReader.absPos(SectionReader.java:82)
	at jadx.plugins.input.dex.sections.SectionReader.getString(SectionReader.java:175)
	at jadx.plugins.input.dex.sections.SectionReader.getType(SectionReader.java:165)
	at jadx.plugins.input.dex.sections.SectionReader.fillFieldData(SectionReader.java:194)
	at jadx.plugins.input.dex.sections.SectionReader.getFieldRef(SectionReader.java:183)
	at jadx.plugins.input.dex.insns.DexInsnData.getIndexAsField(DexInsnData.java:131)
	at jadx.core.dex.visitors.usage.UsageInfoVisitor.processInsn(UsageInfoVisitor.java:150)
	at jadx.core.dex.visitors.usage.UsageInfoVisitor.lambda$processInstructions$0(UsageInfoVisitor.java:130)
	at jadx.plugins.input.dex.sections.DexCodeReader.visitInstructions(DexCodeReader.java:86)
	at jadx.core.dex.visitors.usage.UsageInfoVisitor.processInstructions(UsageInfoVisitor.java:128)
	at jadx.core.dex.visitors.usage.UsageInfoVisitor.processMethod(UsageInfoVisitor.java:113)
	at jadx.core.dex.visitors.usage.UsageInfoVisitor.processClass(UsageInfoVisitor.java:101)
	at jadx.core.dex.visitors.usage.UsageInfoVisitor.buildUsageData(UsageInfoVisitor.java:81)
	at jadx.core.dex.visitors.usage.UsageInfoVisitor.init(UsageInfoVisitor.java:65)
	at jadx.core.dex.nodes.RootNode.runPreDecompileStage(RootNode.java:356)
	at jadx.api.JadxDecompiler.load(JadxDecompiler.java:136)
	at jadx.cli.JadxCLI.runSave(JadxCLI.java:71)
	at jadx.cli.JadxCLI.execute(JadxCLI.java:44)
	at jadx.cli.JadxCLI.execute(JadxCLI.java:33)
	at jadx.cli.JadxCLI.main(JadxCLI.java:26)
ERROR - Dependency scan failed at insn: 0x0000: IPUT r14, r6 in method: com.shadow.kotlin.collections.EmptyIterator.previous():java.lang.Object, file: /workspace/xh/fixp_148608.dex
java.lang.IllegalArgumentException: newPosition < 0: (-725243328 < 0)
	at java.base/java.nio.Buffer.createPositionException(Buffer.java:351)
	at java.base/java.nio.Buffer.position(Buffer.java:326)
	at java.base/java.nio.ByteBuffer.position(ByteBuffer.java:1561)
	at jadx.plugins.input.dex.sections.SectionReader.absPos(SectionReader.java:82)
	at jadx.plugins.input.dex.sections.SectionReader.getString(SectionReader.java:175)
	at jadx.plugins.input.dex.sections.SectionReader.getType(SectionReader.java:165)
	at jadx.plugins.input.dex.sections.SectionReader.fillFieldData(SectionReader.java:194)
	at jadx.plugins.input.dex.sections.SectionReader.getFieldRef(SectionReader.java:183)
	at jadx.plugins.input.dex.insns.DexInsnData.getIndexAsField(DexInsnData.java:131)
	at jadx.core.dex.visitors.usage.UsageInfoVisitor.processInsn(UsageInfoVisitor.java:150)
	at jadx.core.dex.visitors.usage.UsageInfoVisitor.lambda$processInstructions$0(UsageInfoVisitor.java:130)
	at jadx.plugins.input.dex.sections.DexCodeReader.visitInstructions(DexCodeReader.java:86)
	at jadx.core.dex.visitors.usage.UsageInfoVisitor.processInstructions(UsageInfoVisitor.java:128)
	at jadx.core.dex.visitors.usage.UsageInfoVisitor.processMethod(UsageInfoVisitor.java:113)
	at jadx.core.dex.visitors.usage.UsageInfoVisitor.processClass(UsageInfoVisitor.java:101)
	at jadx.core.dex.visitors.usage.UsageInfoVisitor.buildUsageData(UsageInfoVisitor.java:81)
	at jadx.core.dex.visitors.usage.UsageInfoVisitor.init(UsageInfoVisitor.java:65)
	at jadx.core.dex.nodes.RootNode.runPreDecompileStage(RootNode.java:356)
	at jadx.api.JadxDecompiler.load(JadxDecompiler.java:136)
	at jadx.cli.JadxCLI.runSave(JadxCLI.java:71)
	at jadx.cli.JadxCLI.execute(JadxCLI.java:44)
	at jadx.cli.JadxCLI.execute(JadxCLI.java:33)
	at jadx.cli.JadxCLI.main(JadxCLI.java:26)
ERROR - Dependency scan failed at insn: 0x0002: CONST_CLASS r239 in method: com.shadow.kotlin.collections.EmptyIterator.remove():void, file: /workspace/xh/fixp_148608.dex
java.lang.IllegalArgumentException: newPosition > limit: (634226156 > 3323492)
	at java.base/java.nio.Buffer.createPositionException(Buffer.java:351)
	at java.base/java.nio.Buffer.position(Buffer.java:326)
	at java.base/java.nio.ByteBuffer.position(ByteBuffer.java:1561)
	at jadx.plugins.input.dex.sections.SectionReader.absPos(SectionReader.java:82)
	at jadx.plugins.input.dex.sections.SectionReader.getString(SectionReader.java:175)
	at jadx.plugins.input.dex.sections.SectionReader.getType(SectionReader.java:165)
	at jadx.plugins.input.dex.insns.DexInsnData.getIndexAsType(DexInsnData.java:126)
	at jadx.core.dex.visitors.usage.UsageInfoVisitor.processInsn(UsageInfoVisitor.java:144)
	at jadx.core.dex.visitors.usage.UsageInfoVisitor.lambda$processInstructions$0(UsageInfoVisitor.java:130)
	at jadx.plugins.input.dex.sections.DexCodeReader.visitInstructions(DexCodeReader.java:86)
	at jadx.core.dex.visitors.usage.UsageInfoVisitor.processInstructions(UsageInfoVisitor.java:128)
	at jadx.core.dex.visitors.usage.UsageInfoVisitor.processMethod(UsageInfoVisitor.java:113)
	at jadx.core.dex.visitors.usage.UsageInfoVisitor.processClass(UsageInfoVisitor.java:101)
	at jadx.core.dex.visitors.usage.UsageInfoVisitor.buildUsageData(UsageInfoVisitor.java:81)
	at jadx.core.dex.visitors.usage.UsageInfoVisitor.init(UsageInfoVisitor.java:65)
	at jadx.core.dex.nodes.RootNode.runPreDecompileStage(RootNode.java:356)
	at jadx.api.JadxDecompiler.load(JadxDecompiler.java:136)
	at jadx.cli.JadxCLI.runSave(JadxCLI.java:71)
	at jadx.cli.JadxCLI.execute(JadxCLI.java:44)
	at jadx.cli.JadxCLI.execute(JadxCLI.java:33)
	at jadx.cli.JadxCLI.main(JadxCLI.java:26)
ERROR - Dependency scan failed at insn: 0x0006: INVOKE_VIRTUAL_RANGE r41909, r41910, r41911, r41912, r41913, r41914, r41915, r41916, r41917, r41918, r41919, r41920, r41921, r41922, r41923, r41924, r41925, r41926, r41927, r41928, r41929, r41930, r41931, r41932, r41933, r41934 in method: com.shadow.kotlin.collections.EmptyList.afueAu():void, file: /workspace/xh/fixp_148608.dex
java.lang.IllegalArgumentException: newPosition < 0: (-609756264 < 0)
	at java.base/java.nio.Buffer.createPositionException(Buffer.java:351)
	at java.base/java.nio.Buffer.position(Buffer.java:326)
	at java.base/java.nio.ByteBuffer.position(ByteBuffer.java:1561)
	at jadx.plugins.input.dex.sections.SectionReader.absPos(SectionReader.java:82)
	at jadx.plugins.input.dex.sections.SectionReader.readTypeListAt(SectionReader.java:141)
	at jadx.plugins.input.dex.sections.SectionReader.loadMethodRef(SectionReader.java:269)
	at jadx.plugins.input.dex.sections.DexMethodRef.load(DexMethodRef.java:28)
	at jadx.core.dex.info.MethodInfo.fromRef(MethodInfo.java:47)
	at jadx.core.dex.visitors.usage.UsageInfoVisitor.processInsn(UsageInfoVisitor.java:165)
	at jadx.core.dex.visitors.usage.UsageInfoVisitor.lambda$processInstructions$0(UsageInfoVisitor.java:130)
	at jadx.plugins.input.dex.sections.DexCodeReader.visitInstructions(DexCodeReader.java:86)
	at jadx.core.dex.visitors.usage.UsageInfoVisitor.processInstructions(UsageInfoVisitor.java:128)
	at jadx.core.dex.visitors.usage.UsageInfoVisitor.processMethod(UsageInfoVisitor.java:113)
	at jadx.core.dex.visitors.usage.UsageInfoVisitor.processClass(UsageInfoVisitor.java:101)
	at jadx.core.dex.visitors.usage.UsageInfoVisitor.buildUsageData(UsageInfoVisitor.java:81)
	at jadx.core.dex.visitors.usage.UsageInfoVisitor.init(UsageInfoVisitor.java:65)
	at jadx.core.dex.nodes.RootNode.runPreDecompileStage(RootNode.java:356)
	at jadx.api.JadxDecompiler.load(JadxDecompiler.java:136)
	at jadx.cli.JadxCLI.runSave(JadxCLI.java:71)
	at jadx.cli.JadxCLI.execute(JadxCLI.java:44)
	at jadx.cli.JadxCLI.execute(JadxCLI.java:33)
	at jadx.cli.JadxCLI.main(JadxCLI.java:26)
ERROR - Dependency scan failed at insn: 0x000E: INVOKE_INTERFACE r0, r10, r6, r14, r10, r41914, r41915, r41916, r41917, r41918, r41919, r41920, r41921 in method: com.shadow.kotlin.collections.EmptyList.afueAu():void, file: /workspace/xh/fixp_148608.dex
java.lang.IllegalArgumentException: newPosition > limit: (1467180142 > 3323492)
	at java.base/java.nio.Buffer.createPositionException(Buffer.java:351)
	at java.base/java.nio.Buffer.position(Buffer.java:326)
	at java.base/java.nio.ByteBuffer.position(ByteBuffer.java:1561)
	at jadx.plugins.input.dex.sections.SectionReader.absPos(SectionReader.java:82)
	at jadx.plugins.input.dex.sections.SectionReader.readTypeListAt(SectionReader.java:141)
	at jadx.plugins.input.dex.sections.SectionReader.loadMethodRef(SectionReader.java:269)
	at jadx.plugins.input.dex.sections.DexMethodRef.load(DexMethodRef.java:28)
	at jadx.core.dex.info.MethodInfo.fromRef(MethodInfo.java:47)
	at jadx.core.dex.visitors.usage.UsageInfoVisitor.processInsn(UsageInfoVisitor.java:165)
	at jadx.core.dex.visitors.usage.UsageInfoVisitor.lambda$processInstructions$0(UsageInfoVisitor.java:130)
	at jadx.plugins.input.dex.sections.DexCodeReader.visitInstructions(DexCodeReader.java:86)
	at jadx.core.dex.visitors.usage.UsageInfoVisitor.processInstructions(UsageInfoVisitor.java:128)
	at jadx.core.dex.visitors.usage.UsageInfoVisitor.processMethod(UsageInfoVisitor.java:113)
	at jadx.core.dex.visitors.usage.UsageInfoVisitor.processClass(UsageInfoVisitor.java:101)
	at jadx.core.dex.visitors.usage.UsageInfoVisitor.buildUsageData(UsageInfoVisitor.java:81)
	at jadx.core.dex.visitors.usage.UsageInfoVisitor.init(UsageInfoVisitor.java:65)
	at jadx.core.dex.nodes.RootNode.runPreDecompileStage(RootNode.java:356)
	at jadx.api.JadxDecompiler.load(JadxDecompiler.java:136)
	at jadx.cli.JadxCLI.runSave(JadxCLI.java:71)
	at jadx.cli.JadxCLI.execute(JadxCLI.java:44)
	at jadx.cli.JadxCLI.execute(JadxCLI.java:33)
	at jadx.cli.JadxCLI.main(JadxCLI.java:26)
ERROR - Dependency scan failed at insn: 0x001D: INVOKE_SUPER r1, r11, r7, r13, r0, r41914, r41915, r41916, r41917, r41918, r41919, r41920 in method: com.shadow.kotlin.collections.EmptyList.afueAu():void, file: /workspace/xh/fixp_148608.dex
java.lang.IllegalArgumentException: newPosition > limit: (544501614 > 3323492)
	at java.base/java.nio.Buffer.createPositionException(Buffer.java:351)
	at java.base/java.nio.Buffer.position(Buffer.java:326)
	at java.base/java.nio.ByteBuffer.position(ByteBuffer.java:1561)
	at jadx.plugins.input.dex.sections.SectionReader.absPos(SectionReader.java:82)
	at jadx.plugins.input.dex.sections.SectionReader.readTypeListAt(SectionReader.java:141)
	at jadx.plugins.input.dex.sections.SectionReader.loadMethodRef(SectionReader.java:269)
	at jadx.plugins.input.dex.sections.DexMethodRef.load(DexMethodRef.java:28)
	at jadx.core.dex.info.MethodInfo.fromRef(MethodInfo.java:47)
	at jadx.core.dex.visitors.usage.UsageInfoVisitor.processInsn(UsageInfoVisitor.java:165)
	at jadx.core.dex.visitors.usage.UsageInfoVisitor.lambda$processInstructions$0(UsageInfoVisitor.java:130)
	at jadx.plugins.input.dex.sections.DexCodeReader.visitInstructions(DexCodeReader.java:86)
	at jadx.core.dex.visitors.usage.UsageInfoVisitor.processInstructions(UsageInfoVisitor.java:128)
	at jadx.core.dex.visitors.usage.UsageInfoVisitor.processMethod(UsageInfoVisitor.java:113)
	at jadx.core.dex.visitors.usage.UsageInfoVisitor.processClass(UsageInfoVisitor.java:101)
	at jadx.core.dex.visitors.usage.UsageInfoVisitor.buildUsageData(UsageInfoVisitor.java:81)
	at jadx.core.dex.visitors.usage.UsageInfoVisitor.init(UsageInfoVisitor.java:65)
	at jadx.core.dex.nodes.RootNode.runPreDecompileStage(RootNode.java:356)
	at jadx.api.JadxDecompiler.load(JadxDecompiler.java:136)
	at jadx.cli.JadxCLI.runSave(JadxCLI.java:71)
	at jadx.cli.JadxCLI.execute(JadxCLI.java:44)
	at jadx.cli.JadxCLI.execute(JadxCLI.java:33)
	at jadx.cli.JadxCLI.main(JadxCLI.java:26)
ERROR - Dependency scan failed at insn: 0x002D: INVOKE_VIRTUAL r14, r8, r10, r5, r7, r41914, r41915, r41916, r41917, r41918, r41919, r41920, r41921, r41922, r41923 in method: com.shadow.kotlin.collections.EmptyList.afueAu():void, file: /workspace/xh/fixp_148608.dex
java.lang.IllegalArgumentException: newPosition > limit: (1920234350 > 3323492)
	at java.base/java.nio.Buffer.createPositionException(Buffer.java:351)
	at java.base/java.nio.Buffer.position(Buffer.java:326)
	at java.base/java.nio.ByteBuffer.position(ByteBuffer.java:1561)
	at jadx.plugins.input.dex.sections.SectionReader.absPos(SectionReader.java:82)
	at jadx.plugins.input.dex.sections.SectionReader.readTypeListAt(SectionReader.java:141)
	at jadx.plugins.input.dex.sections.SectionReader.loadMethodRef(SectionReader.java:269)
	at jadx.plugins.input.dex.sections.DexMethodRef.load(DexMethodRef.java:28)
	at jadx.core.dex.info.MethodInfo.fromRef(MethodInfo.java:47)
	at jadx.core.dex.visitors.usage.UsageInfoVisitor.processInsn(UsageInfoVisitor.java:165)
	at jadx.core.dex.visitors.usage.UsageInfoVisitor.lambda$processInstructions$0(UsageInfoVisitor.java:130)
	at jadx.plugins.input.dex.sections.DexCodeReader.visitInstructions(DexCodeReader.java:86)
	at jadx.core.dex.visitors.usage.UsageInfoVisitor.processInstructions(UsageInfoVisitor.java:128)
	at jadx.core.dex.visitors.usage.UsageInfoVisitor.processMethod(UsageInfoVisitor.java:113)
	at jadx.core.dex.visitors.usage.UsageInfoVisitor.processClass(UsageInfoVisitor.java:101)
	at jadx.core.dex.visitors.usage.UsageInfoVisitor.buildUsageData(UsageInfoVisitor.java:81)
	at jadx.core.dex.visitors.usage.UsageInfoVisitor.init(UsageInfoVisitor.java:65)
	at jadx.core.dex.nodes.RootNode.runPreDecompileStage(RootNode.java:356)
	at jadx.api.JadxDecompiler.load(JadxDecompiler.java:136)
	at jadx.cli.JadxCLI.runSave(JadxCLI.java:71)
	at jadx.cli.JadxCLI.execute(JadxCLI.java:44)
	at jadx.cli.JadxCLI.execute(JadxCLI.java:33)
	at jadx.cli.JadxCLI.main(JadxCLI.java:26)
ERROR - Dependency scan failed at insn: 0x0030: INVOKE_POLYMORPHIC_RANGE r28063, r28064, r28065, r28066, r28067, r28068, r28069, r28070, r28071, r28072, r28073, r28074, r28075, r28076, r28077, r28078, r28079, r28080, r28081, r28082, r28083, r28084, r28085, r28086, r28087, r28088, r28089, r28090, r28091, r28092, r28093, r28094, r28095 in method: com.shadow.kotlin.collections.EmptyList.afueAu():void, file: /workspace/xh/fixp_148608.dex
java.lang.IllegalArgumentException: newPosition > limit: (15585824 > 3323492)
	at java.base/java.nio.Buffer.createPositionException(Buffer.java:351)
	at java.base/java.nio.Buffer.position(Buffer.java:326)
	at java.base/java.nio.ByteBuffer.position(ByteBuffer.java:1561)
	at jadx.plugins.input.dex.sections.SectionReader.absPos(SectionReader.java:82)
	at jadx.plugins.input.dex.sections.SectionReader.getString(SectionReader.java:175)
	at jadx.plugins.input.dex.sections.SectionReader.getType(SectionReader.java:165)
	at jadx.plugins.input.dex.sections.SectionReader.readTypeList(SectionReader.java:152)
	at jadx.plugins.input.dex.sections.SectionReader.readTypeListAt(SectionReader.java:141)
	at jadx.plugins.input.dex.sections.SectionReader.loadMethodRef(SectionReader.java:269)
	at jadx.plugins.input.dex.sections.DexMethodRef.load(DexMethodRef.java:28)
	at jadx.core.dex.info.MethodInfo.fromRef(MethodInfo.java:47)
	at jadx.core.dex.visitors.usage.UsageInfoVisitor.processInsn(UsageInfoVisitor.java:165)
	at jadx.core.dex.visitors.usage.UsageInfoVisitor.lambda$processInstructions$0(UsageInfoVisitor.java:130)
	at jadx.plugins.input.dex.sections.DexCodeReader.visitInstructions(DexCodeReader.java:86)
	at jadx.core.dex.visitors.usage.UsageInfoVisitor.processInstructions(UsageInfoVisitor.java:128)
	at jadx.core.dex.visitors.usage.UsageInfoVisitor.processMethod(UsageInfoVisitor.java:113)
	at jadx.core.dex.visitors.usage.UsageInfoVisitor.processClass(UsageInfoVisitor.java:101)
	at jadx.core.dex.visitors.usage.UsageInfoVisitor.buildUsageData(UsageInfoVisitor.java:81)
	at jadx.core.dex.visitors.usage.UsageInfoVisitor.init(UsageInfoVisitor.java:65)
	at jadx.core.dex.nodes.RootNode.runPreDecompileStage(RootNode.java:356)
	at jadx.api.JadxDecompiler.load(JadxDecompiler.java:136)
	at jadx.cli.JadxCLI.runSave(JadxCLI.java:71)
	at jadx.cli.JadxCLI.execute(JadxCLI.java:44)
	at jadx.cli.JadxCLI.execute(JadxCLI.java:33)
	at jadx.cli.JadxCLI.main(JadxCLI.java:26)
ERROR - Dependency scan failed at insn: 0x0038: INVOKE_VIRTUAL_RANGE r61518, r61519, r61520, r61521, r61522, r61523, r61524, r61525, r61526, r61527, r61528, r61529, r61530, r61531, r61532, r61533, r61534, r61535, r61536, r61537, r61538, r61539, r61540, r61541, r61542, r61543, r61544, r61545, r61546, r61547, r61548, r61549, r61550, r61551, r61552, r61553, r61554, r61555, r61556, r61557, r61558, r61559, r61560, r61561, r61562, r61563, r61564, r61565, r61566, r61567, r61568, r61569, r61570, r61571, r61572, r61573, r61574, r61575, r61576, r61577, r61578, r61579, r61580, r61581, r61582, r61583, r61584, r61585, r61586, r61587, r61588, r61589, r61590, r61591, r61592, r61593, r61594, r61595, r61596, r61597, r61598, r61599, r61600, r61601, r61602, r61603, r61604, r61605, r61606, r61607, r61608, r61609, r61610, r61611, r61612, r61613, r61614, r61615, r61616, r61617, r61618, r61619, r61620, r61621, r61622, r61623, r61624, r61625, r61626, r61627, r61628, r61629, r61630, r61631, r61632, r61633, r61634, r61635, r61636, r61637, r61638, r61639, r61640, r61641, r61642, r61643, r61644, r61645, r61646, r61647, r61648, r61649, r61650, r61651, r61652, r61653, r61654, r61655, r61656, r61657, r61658, r61659, r61660, r61661, r61662, r61663, r61664, r61665, r61666, r61667, r61668, r61669, r61670, r61671, r61672, r61673, r61674, r61675, r61676, r61677, r61678, r61679, r61680, r61681, r61682, r61683, r61684, r61685, r61686, r61687, r61688, r61689, r61690, r61691, r61692, r61693, r61694, r61695, r61696, r61697, r61698, r61699, r61700, r61701, r61702, r61703, r61704, r61705, r61706, r61707, r61708, r61709, r61710, r61711, r61712, r61713, r61714, r61715, r61716, r61717, r61718, r61719, r61720, r61721, r61722, r61723, r61724, r61725, r61726, r61727, r61728, r61729, r61730, r61731, r61732, r61733, r61734, r61735, r61736, r61737, r61738 in method: com.shadow.kotlin.collections.EmptyList.afueAu():void, file: /workspace/xh/fixp_148608.dex
java.lang.IllegalArgumentException: newPosition < 0: (-609494105 < 0)
	at java.base/java.nio.Buffer.createPositionException(Buffer.java:351)
	at java.base/java.nio.Buffer.position(Buffer.java:326)
	at java.base/java.nio.ByteBuffer.position(ByteBuffer.java:1561)
	at jadx.plugins.input.dex.sections.SectionReader.absPos(SectionReader.java:82)
	at jadx.plugins.input.dex.sections.SectionReader.readTypeListAt(SectionReader.java:141)
	at jadx.plugins.input.dex.sections.SectionReader.loadMethodRef(SectionReader.java:269)
	at jadx.plugins.input.dex.sections.DexMethodRef.load(DexMethodRef.java:28)
	at jadx.core.dex.info.MethodInfo.fromRef(MethodInfo.java:47)
	at jadx.core.dex.visitors.usage.UsageInfoVisitor.processInsn(UsageInfoVisitor.java:165)
	at jadx.core.dex.visitors.usage.UsageInfoVisitor.lambda$processInstructions$0(UsageInfoVisitor.java:130)
	at jadx.plugins.input.dex.sections.DexCodeReader.visitInstructions(DexCodeReader.java:86)
	at jadx.core.dex.visitors.usage.UsageInfoVisitor.processInstructions(UsageInfoVisitor.java:128)
	at jadx.core.dex.visitors.usage.UsageInfoVisitor.processMethod(UsageInfoVisitor.java:113)
	at jadx.core.dex.visitors.usage.UsageInfoVisitor.processClass(UsageInfoVisitor.java:101)
	at jadx.core.dex.visitors.usage.UsageInfoVisitor.buildUsageData(UsageInfoVisitor.java:81)
	at jadx.core.dex.visitors.usage.UsageInfoVisitor.init(UsageInfoVisitor.java:65)
	at jadx.core.dex.nodes.RootNode.runPreDecompileStage(RootNode.java:356)
	at jadx.api.JadxDecompiler.load(JadxDecompiler.java:136)
	at jadx.cli.JadxCLI.runSave(JadxCLI.java:71)
	at jadx.cli.JadxCLI.execute(JadxCLI.java:44)
	at jadx.cli.JadxCLI.execute(JadxCLI.java:33)
	at jadx.cli.JadxCLI.main(JadxCLI.java:26)
ERROR - Dependency scan failed at insn: 0x003B: IGET r15, r5 in method: com.shadow.kotlin.collections.EmptyList.afueAu():void, file: /workspace/xh/fixp_148608.dex
java.lang.IllegalArgumentException: newPosition < 0: (-1316636104 < 0)
	at java.base/java.nio.Buffer.createPositionException(Buffer.java:351)
	at java.base/java.nio.Buffer.position(Buffer.java:326)
	at java.base/java.nio.ByteBuffer.position(ByteBuffer.java:1561)
	at jadx.plugins.input.dex.sections.SectionReader.absPos(SectionReader.java:82)
	at jadx.plugins.input.dex.sections.SectionReader.getString(SectionReader.java:175)
	at jadx.plugins.input.dex.sections.SectionReader.getType(SectionReader.java:165)
	at jadx.plugins.input.dex.sections.SectionReader.fillFieldData(SectionReader.java:194)
	at jadx.plugins.input.dex.sections.SectionReader.getFieldRef(SectionReader.java:183)
	at jadx.plugins.input.dex.insns.DexInsnData.getIndexAsField(DexInsnData.java:131)
	at jadx.core.dex.visitors.usage.UsageInfoVisitor.processInsn(UsageInfoVisitor.java:150)
	at jadx.core.dex.visitors.usage.UsageInfoVisitor.lambda$processInstructions$0(UsageInfoVisitor.java:130)
	at jadx.plugins.input.dex.sections.DexCodeReader.visitInstructions(DexCodeReader.java:86)
	at jadx.core.dex.visitors.usage.UsageInfoVisitor.processInstructions(UsageInfoVisitor.java:128)
	at jadx.core.dex.visitors.usage.UsageInfoVisitor.processMethod(UsageInfoVisitor.java:113)
	at jadx.core.dex.visitors.usage.UsageInfoVisitor.processClass(UsageInfoVisitor.java:101)
	at jadx.core.dex.visitors.usage.UsageInfoVisitor.buildUsageData(UsageInfoVisitor.java:81)
	at jadx.core.dex.visitors.usage.UsageInfoVisitor.init(UsageInfoVisitor.java:65)
	at jadx.core.dex.nodes.RootNode.runPreDecompileStage(RootNode.java:356)
	at jadx.api.JadxDecompiler.load(JadxDecompiler.java:136)
	at jadx.cli.JadxCLI.runSave(JadxCLI.java:71)
	at jadx.cli.JadxCLI.execute(JadxCLI.java:44)
	at jadx.cli.JadxCLI.execute(JadxCLI.java:33)
	at jadx.cli.JadxCLI.main(JadxCLI.java:26)
ERROR - Dependency scan failed at insn: 0x0040: SPUT r54 in method: com.shadow.kotlin.collections.EmptyList.afueAu():void, file: /workspace/xh/fixp_148608.dex
java.lang.IllegalArgumentException: newPosition > limit: (329255128 > 3323492)
	at java.base/java.nio.Buffer.createPositionException(Buffer.java:351)
	at java.base/java.nio.Buffer.position(Buffer.java:326)
	at java.base/java.nio.ByteBuffer.position(ByteBuffer.java:1561)
	at jadx.plugins.input.dex.sections.SectionReader.absPos(SectionReader.java:82)
	at jadx.plugins.input.dex.sections.SectionReader.getString(SectionReader.java:175)
	at jadx.plugins.input.dex.sections.SectionReader.getType(SectionReader.java:165)
	at jadx.plugins.input.dex.sections.SectionReader.fillFieldData(SectionReader.java:194)
	at jadx.plugins.input.dex.sections.SectionReader.getFieldRef(SectionReader.java:183)
	at jadx.plugins.input.dex.insns.DexInsnData.getIndexAsField(DexInsnData.java:131)
	at jadx.core.dex.visitors.usage.UsageInfoVisitor.processInsn(UsageInfoVisitor.java:150)
	at jadx.core.dex.visitors.usage.UsageInfoVisitor.lambda$processInstructions$0(UsageInfoVisitor.java:130)
	at jadx.plugins.input.dex.sections.DexCodeReader.visitInstructions(DexCodeReader.java:86)
	at jadx.core.dex.visitors.usage.UsageInfoVisitor.processInstructions(UsageInfoVisitor.java:128)
	at jadx.core.dex.visitors.usage.UsageInfoVisitor.processMethod(UsageInfoVisitor.java:113)
	at jadx.core.dex.visitors.usage.UsageInfoVisitor.processClass(UsageInfoVisitor.java:101)
	at jadx.core.dex.visitors.usage.UsageInfoVisitor.buildUsageData(UsageInfoVisitor.java:81)
	at jadx.core.dex.visitors.usage.UsageInfoVisitor.init(UsageInfoVisitor.java:65)
	at jadx.core.dex.nodes.RootNode.runPreDecompileStage(RootNode.java:356)
	at jadx.api.JadxDecompiler.load(JadxDecompiler.java:136)
	at jadx.cli.JadxCLI.runSave(JadxCLI.java:71)
	at jadx.cli.JadxCLI.execute(JadxCLI.java:44)
	at jadx.cli.JadxCLI.execute(JadxCLI.java:33)
	at jadx.cli.JadxCLI.main(JadxCLI.java:26)
ERROR - Dependency scan failed at insn: 0x0000: SGET r154 in method: com.shadow.kotlin.collections.EmptyList.readResolve():java.lang.Object, file: /workspace/xh/fixp_148608.dex
java.lang.IllegalArgumentException: newPosition < 0: (-1316636104 < 0)
	at java.base/java.nio.Buffer.createPositionException(Buffer.java:351)
	at java.base/java.nio.Buffer.position(Buffer.java:326)
	at java.base/java.nio.ByteBuffer.position(ByteBuffer.java:1561)
	at jadx.plugins.input.dex.sections.SectionReader.absPos(SectionReader.java:82)
	at jadx.plugins.input.dex.sections.SectionReader.getString(SectionReader.java:175)
	at jadx.plugins.input.dex.sections.SectionReader.getType(SectionReader.java:165)
	at jadx.plugins.input.dex.sections.SectionReader.fillFieldData(SectionReader.java:194)
	at jadx.plugins.input.dex.sections.SectionReader.getFieldRef(SectionReader.java:183)
	at jadx.plugins.input.dex.insns.DexInsnData.getIndexAsField(DexInsnData.java:131)
	at jadx.core.dex.visitors.usage.UsageInfoVisitor.processInsn(UsageInfoVisitor.java:150)
	at jadx.core.dex.visitors.usage.UsageInfoVisitor.lambda$processInstructions$0(UsageInfoVisitor.java:130)
	at jadx.plugins.input.dex.sections.DexCodeReader.visitInstructions(DexCodeReader.java:86)
	at jadx.core.dex.visitors.usage.UsageInfoVisitor.processInstructions(UsageInfoVisitor.java:128)
	at jadx.core.dex.visitors.usage.UsageInfoVisitor.processMethod(UsageInfoVisitor.java:113)
	at jadx.core.dex.visitors.usage.UsageInfoVisitor.processClass(UsageInfoVisitor.java:101)
	at jadx.core.dex.visitors.usage.UsageInfoVisitor.buildUsageData(UsageInfoVisitor.java:81)
	at jadx.core.dex.visitors.usage.UsageInfoVisitor.init(UsageInfoVisitor.java:65)
	at jadx.core.dex.nodes.RootNode.runPreDecompileStage(RootNode.java:356)
	at jadx.api.JadxDecompiler.load(JadxDecompiler.java:136)
	at jadx.cli.JadxCLI.runSave(JadxCLI.java:71)
	at jadx.cli.JadxCLI.execute(JadxCLI.java:44)
	at jadx.cli.JadxCLI.execute(JadxCLI.java:33)
	at jadx.cli.JadxCLI.main(JadxCLI.java:26)
ERROR - Dependency scan failed at insn: 0x0000: INVOKE_CUSTOM r8, r0, r8, r2 in method: com.shadow.kotlin.collections.EmptyList.add(int, java.lang.Object):void, file: /workspace/xh/fixp_148608.dex
java.lang.IllegalArgumentException: newPosition < 0: (-580831792 < 0)
	at java.base/java.nio.Buffer.createPositionException(Buffer.java:351)
	at java.base/java.nio.Buffer.position(Buffer.java:326)
	at java.base/java.nio.ByteBuffer.position(ByteBuffer.java:1561)
	at jadx.plugins.input.dex.sections.SectionReader.absPos(SectionReader.java:82)
	at jadx.plugins.input.dex.sections.SectionReader.fillFieldData(SectionReader.java:190)
	at jadx.plugins.input.dex.sections.SectionReader.getFieldRef(SectionReader.java:183)
	at jadx.plugins.input.dex.sections.annotations.EncodedValueParser.parseValue(EncodedValueParser.java:69)
	at jadx.plugins.input.dex.sections.annotations.EncodedValueParser.parseEncodedArray(EncodedValueParser.java:95)
	at jadx.plugins.input.dex.sections.SectionReader.getCallSite(SectionReader.java:209)
	at jadx.plugins.input.dex.insns.DexInsnData.getIndexAsCallSite(DexInsnData.java:141)
	at jadx.core.utils.input.InsnDataUtils.getCallSite(InsnDataUtils.java:27)
	at jadx.core.dex.visitors.usage.UsageInfoVisitor.processInsn(UsageInfoVisitor.java:174)
	at jadx.core.dex.visitors.usage.UsageInfoVisitor.lambda$processInstructions$0(UsageInfoVisitor.java:130)
	at jadx.plugins.input.dex.sections.DexCodeReader.visitInstructions(DexCodeReader.java:86)
	at jadx.core.dex.visitors.usage.UsageInfoVisitor.processInstructions(UsageInfoVisitor.java:128)
	at jadx.core.dex.visitors.usage.UsageInfoVisitor.processMethod(UsageInfoVisitor.java:113)
	at jadx.core.dex.visitors.usage.UsageInfoVisitor.processClass(UsageInfoVisitor.java:101)
	at jadx.core.dex.visitors.usage.UsageInfoVisitor.buildUsageData(UsageInfoVisitor.java:81)
	at jadx.core.dex.visitors.usage.UsageInfoVisitor.init(UsageInfoVisitor.java:65)
	at jadx.core.dex.nodes.RootNode.runPreDecompileStage(RootNode.java:356)
	at jadx.api.JadxDecompiler.load(JadxDecompiler.java:136)
	at jadx.cli.JadxCLI.runSave(JadxCLI.java:71)
	at jadx.cli.JadxCLI.execute(JadxCLI.java:44)
	at jadx.cli.JadxCLI.execute(JadxCLI.java:33)
	at jadx.cli.JadxCLI.main(JadxCLI.java:26)
ERROR - Dependency scan failed at insn: 0x0004: IGET r13, r13 in method: com.shadow.kotlin.collections.EmptyList.add(java.lang.Object):boolean, file: /workspace/xh/fixp_148608.dex
java.lang.IllegalArgumentException: newPosition < 0: (-1920611904 < 0)
	at java.base/java.nio.Buffer.createPositionException(Buffer.java:351)
	at java.base/java.nio.Buffer.position(Buffer.java:326)
	at java.base/java.nio.ByteBuffer.position(ByteBuffer.java:1561)
	at jadx.plugins.input.dex.sections.SectionReader.absPos(SectionReader.java:82)
	at jadx.plugins.input.dex.sections.SectionReader.getString(SectionReader.java:175)
	at jadx.plugins.input.dex.sections.SectionReader.fillFieldData(SectionReader.java:195)
	at jadx.plugins.input.dex.sections.SectionReader.getFieldRef(SectionReader.java:183)
	at jadx.plugins.input.dex.insns.DexInsnData.getIndexAsField(DexInsnData.java:131)
	at jadx.core.dex.visitors.usage.UsageInfoVisitor.processInsn(UsageInfoVisitor.java:150)
	at jadx.core.dex.visitors.usage.UsageInfoVisitor.lambda$processInstructions$0(UsageInfoVisitor.java:130)
	at jadx.plugins.input.dex.sections.DexCodeReader.visitInstructions(DexCodeReader.java:86)
	at jadx.core.dex.visitors.usage.UsageInfoVisitor.processInstructions(UsageInfoVisitor.java:128)
	at jadx.core.dex.visitors.usage.UsageInfoVisitor.processMethod(UsageInfoVisitor.java:113)
	at jadx.core.dex.visitors.usage.UsageInfoVisitor.processClass(UsageInfoVisitor.java:101)
	at jadx.core.dex.visitors.usage.UsageInfoVisitor.buildUsageData(UsageInfoVisitor.java:81)
	at jadx.core.dex.visitors.usage.UsageInfoVisitor.init(UsageInfoVisitor.java:65)
	at jadx.core.dex.nodes.RootNode.runPreDecompileStage(RootNode.java:356)
	at jadx.api.JadxDecompiler.load(JadxDecompiler.java:136)
	at jadx.cli.JadxCLI.runSave(JadxCLI.java:71)
	at jadx.cli.JadxCLI.execute(JadxCLI.java:44)
	at jadx.cli.JadxCLI.execute(JadxCLI.java:33)
	at jadx.cli.JadxCLI.main(JadxCLI.java:26)
ERROR - Dependency scan failed at insn: 0x0001: INVOKE_VIRTUAL_RANGE r8910, r8911, r8912, r8913, r8914, r8915, r8916, r8917, r8918, r8919, r8920, r8921, r8922, r8923, r8924, r8925, r8926, r8927, r8928, r8929, r8930, r8931, r8932, r8933, r8934, r8935, r8936, r8937, r8938, r8939, r8940, r8941, r8942, r8943, r8944, r8945, r8946, r8947, r8948, r8949, r8950, r8951, r8952, r8953, r8954, r8955, r8956, r8957, r8958, r8959, r8960, r8961, r8962, r8963, r8964, r8965, r8966, r8967, r8968, r8969, r8970, r8971, r8972, r8973, r8974, r8975, r8976, r8977, r8978, r8979, r8980, r8981, r8982, r8983, r8984, r8985, r8986, r8987, r8988, r8989, r8990, r8991, r8992, r8993, r8994, r8995, r8996, r8997, r8998, r8999, r9000, r9001, r9002, r9003, r9004, r9005, r9006, r9007, r9008, r9009, r9010, r9011, r9012, r9013, r9014, r9015, r9016, r9017, r9018, r9019, r9020, r9021, r9022, r9023, r9024, r9025, r9026, r9027, r9028, r9029, r9030, r9031, r9032, r9033, r9034, r9035, r9036, r9037 in method: com.shadow.kotlin.collections.EmptyList.add(java.lang.Void):boolean, file: /workspace/xh/fixp_148608.dex
java.lang.IllegalArgumentException: newPosition > limit: (1868787301 > 3323492)
	at java.base/java.nio.Buffer.createPositionException(Buffer.java:351)
	at java.base/java.nio.Buffer.position(Buffer.java:326)
	at java.base/java.nio.ByteBuffer.position(ByteBuffer.java:1561)
	at jadx.plugins.input.dex.sections.SectionReader.absPos(SectionReader.java:82)
	at jadx.plugins.input.dex.sections.SectionReader.readTypeListAt(SectionReader.java:141)
	at jadx.plugins.input.dex.sections.SectionReader.loadMethodRef(SectionReader.java:269)
	at jadx.plugins.input.dex.sections.DexMethodRef.load(DexMethodRef.java:28)
	at jadx.core.dex.info.MethodInfo.fromRef(MethodInfo.java:47)
	at jadx.core.dex.visitors.usage.UsageInfoVisitor.processInsn(UsageInfoVisitor.java:165)
	at jadx.core.dex.visitors.usage.UsageInfoVisitor.lambda$processInstructions$0(UsageInfoVisitor.java:130)
	at jadx.plugins.input.dex.sections.DexCodeReader.visitInstructions(DexCodeReader.java:86)
	at jadx.core.dex.visitors.usage.UsageInfoVisitor.processInstructions(UsageInfoVisitor.java:128)
	at jadx.core.dex.visitors.usage.UsageInfoVisitor.processMethod(UsageInfoVisitor.java:113)
	at jadx.core.dex.visitors.usage.UsageInfoVisitor.processClass(UsageInfoVisitor.java:101)
	at jadx.core.dex.visitors.usage.UsageInfoVisitor.buildUsageData(UsageInfoVisitor.java:81)
	at jadx.core.dex.visitors.usage.UsageInfoVisitor.init(UsageInfoVisitor.java:65)
	at jadx.core.dex.nodes.RootNode.runPreDecompileStage(RootNode.java:356)
	at jadx.api.JadxDecompiler.load(JadxDecompiler.java:136)
	at jadx.cli.JadxCLI.runSave(JadxCLI.java:71)
	at jadx.cli.JadxCLI.execute(JadxCLI.java:44)
	at jadx.cli.JadxCLI.execute(JadxCLI.java:33)
	at jadx.cli.JadxCLI.main(JadxCLI.java:26)
ERROR - Dependency scan failed at insn: 0x0005: SGET r47 in method: com.shadow.kotlin.collections.EmptyList.add(java.lang.Void):boolean, file: /workspace/xh/fixp_148608.dex
java.lang.IllegalArgumentException: newPosition > limit: (281660948 > 3323492)
	at java.base/java.nio.Buffer.createPositionException(Buffer.java:351)
	at java.base/java.nio.Buffer.position(Buffer.java:326)
	at java.base/java.nio.ByteBuffer.position(ByteBuffer.java:1561)
	at jadx.plugins.input.dex.sections.SectionReader.absPos(SectionReader.java:82)
	at jadx.plugins.input.dex.sections.SectionReader.getString(SectionReader.java:175)
	at jadx.plugins.input.dex.sections.SectionReader.getType(SectionReader.java:165)
	at jadx.plugins.input.dex.sections.SectionReader.getFieldRef(SectionReader.java:184)
	at jadx.plugins.input.dex.insns.DexInsnData.getIndexAsField(DexInsnData.java:131)
	at jadx.core.dex.visitors.usage.UsageInfoVisitor.processInsn(UsageInfoVisitor.java:150)
	at jadx.core.dex.visitors.usage.UsageInfoVisitor.lambda$processInstructions$0(UsageInfoVisitor.java:130)
	at jadx.plugins.input.dex.sections.DexCodeReader.visitInstructions(DexCodeReader.java:86)
	at jadx.core.dex.visitors.usage.UsageInfoVisitor.processInstructions(UsageInfoVisitor.java:128)
	at jadx.core.dex.visitors.usage.UsageInfoVisitor.processMethod(UsageInfoVisitor.java:113)
	at jadx.core.dex.visitors.usage.UsageInfoVisitor.processClass(UsageInfoVisitor.java:101)
	at jadx.core.dex.visitors.usage.UsageInfoVisitor.buildUsageData(UsageInfoVisitor.java:81)
	at jadx.core.dex.visitors.usage.UsageInfoVisitor.init(UsageInfoVisitor.java:65)
	at jadx.core.dex.nodes.RootNode.runPreDecompileStage(RootNode.java:356)
	at jadx.api.JadxDecompiler.load(JadxDecompiler.java:136)
	at jadx.cli.JadxCLI.runSave(JadxCLI.java:71)
	at jadx.cli.JadxCLI.execute(JadxCLI.java:44)
	at jadx.cli.JadxCLI.execute(JadxCLI.java:33)
	at jadx.cli.JadxCLI.main(JadxCLI.java:26)
ERROR - Dependency scan failed at insn: 0x0001: IGET r12, r3 in method: com.shadow.kotlin.collections.EmptyList.addAll(int, java.util.Collection):boolean, file: /workspace/xh/fixp_148608.dex
java.lang.IllegalArgumentException: newPosition > limit: (8632592 > 3323492)
	at java.base/java.nio.Buffer.createPositionException(Buffer.java:351)
	at java.base/java.nio.Buffer.position(Buffer.java:326)
	at java.base/java.nio.ByteBuffer.position(ByteBuffer.java:1561)
	at jadx.plugins.input.dex.sections.SectionReader.absPos(SectionReader.java:82)
	at jadx.plugins.input.dex.sections.SectionReader.getString(SectionReader.java:175)
	at jadx.plugins.input.dex.sections.SectionReader.getType(SectionReader.java:165)
	at jadx.plugins.input.dex.sections.SectionReader.fillFieldData(SectionReader.java:194)
	at jadx.plugins.input.dex.sections.SectionReader.getFieldRef(SectionReader.java:183)
	at jadx.plugins.input.dex.insns.DexInsnData.getIndexAsField(DexInsnData.java:131)
	at jadx.core.dex.visitors.usage.UsageInfoVisitor.processInsn(UsageInfoVisitor.java:150)
	at jadx.core.dex.visitors.usage.UsageInfoVisitor.lambda$processInstructions$0(UsageInfoVisitor.java:130)
	at jadx.plugins.input.dex.sections.DexCodeReader.visitInstructions(DexCodeReader.java:86)
	at jadx.core.dex.visitors.usage.UsageInfoVisitor.processInstructions(UsageInfoVisitor.java:128)
	at jadx.core.dex.visitors.usage.UsageInfoVisitor.processMethod(UsageInfoVisitor.java:113)
	at jadx.core.dex.visitors.usage.UsageInfoVisitor.processClass(UsageInfoVisitor.java:101)
	at jadx.core.dex.visitors.usage.UsageInfoVisitor.buildUsageData(UsageInfoVisitor.java:81)
	at jadx.core.dex.visitors.usage.UsageInfoVisitor.init(UsageInfoVisitor.java:65)
	at jadx.core.dex.nodes.RootNode.runPreDecompileStage(RootNode.java:356)
	at jadx.api.JadxDecompiler.load(JadxDecompiler.java:136)
	at jadx.cli.JadxCLI.runSave(JadxCLI.java:71)
	at jadx.cli.JadxCLI.execute(JadxCLI.java:44)
	at jadx.cli.JadxCLI.execute(JadxCLI.java:33)
	at jadx.cli.JadxCLI.main(JadxCLI.java:26)
ERROR - Dependency scan failed at insn: 0x0003: INVOKE_SUPER_RANGE r24641, r24642, r24643, r24644, r24645, r24646, r24647, r24648, r24649, r24650, r24651, r24652, r24653, r24654, r24655, r24656, r24657, r24658, r24659 in method: com.shadow.kotlin.collections.EmptyList.addAll(int, java.util.Collection):boolean, file: /workspace/xh/fixp_148608.dex
java.lang.IllegalArgumentException: newPosition > limit: (1096177528 > 3323492)
	at java.base/java.nio.Buffer.createPositionException(Buffer.java:351)
	at java.base/java.nio.Buffer.position(Buffer.java:326)
	at java.base/java.nio.ByteBuffer.position(ByteBuffer.java:1561)
	at jadx.plugins.input.dex.sections.SectionReader.absPos(SectionReader.java:82)
	at jadx.plugins.input.dex.sections.SectionReader.readTypeListAt(SectionReader.java:141)
	at jadx.plugins.input.dex.sections.SectionReader.loadMethodRef(SectionReader.java:269)
	at jadx.plugins.input.dex.sections.DexMethodRef.load(DexMethodRef.java:28)
	at jadx.core.dex.info.MethodInfo.fromRef(MethodInfo.java:47)
	at jadx.core.dex.visitors.usage.UsageInfoVisitor.processInsn(UsageInfoVisitor.java:165)
	at jadx.core.dex.visitors.usage.UsageInfoVisitor.lambda$processInstructions$0(UsageInfoVisitor.java:130)
	at jadx.plugins.input.dex.sections.DexCodeReader.visitInstructions(DexCodeReader.java:86)
	at jadx.core.dex.visitors.usage.UsageInfoVisitor.processInstructions(UsageInfoVisitor.java:128)
	at jadx.core.dex.visitors.usage.UsageInfoVisitor.processMethod(UsageInfoVisitor.java:113)
	at jadx.core.dex.visitors.usage.UsageInfoVisitor.processClass(UsageInfoVisitor.java:101)
	at jadx.core.dex.visitors.usage.UsageInfoVisitor.buildUsageData(UsageInfoVisitor.java:81)
	at jadx.core.dex.visitors.usage.UsageInfoVisitor.init(UsageInfoVisitor.java:65)
	at jadx.core.dex.nodes.RootNode.runPreDecompileStage(RootNode.java:356)
	at jadx.api.JadxDecompiler.load(JadxDecompiler.java:136)
	at jadx.cli.JadxCLI.runSave(JadxCLI.java:71)
	at jadx.cli.JadxCLI.execute(JadxCLI.java:44)
	at jadx.cli.JadxCLI.execute(JadxCLI.java:33)
	at jadx.cli.JadxCLI.main(JadxCLI.java:26)
ERROR - Dependency scan failed in method: com.shadow.kotlin.collections.EmptyList.containsAll(java.util.Collection):boolean, file: /workspace/xh/fixp_148608.dex
java.lang.ArrayIndexOutOfBoundsException: Index 5 out of bounds for length 5
	at jadx.plugins.input.dex.insns.DexInsnData.toString(DexInsnData.java:251)
	at java.base/java.lang.String.valueOf(String.java:4530)
	at jadx.core.dex.visitors.usage.UsageInfoVisitor.lambda$processInstructions$0(UsageInfoVisitor.java:132)
	at jadx.plugins.input.dex.sections.DexCodeReader.visitInstructions(DexCodeReader.java:86)
	at jadx.core.dex.visitors.usage.UsageInfoVisitor.processInstructions(UsageInfoVisitor.java:128)
	at jadx.core.dex.visitors.usage.UsageInfoVisitor.processMethod(UsageInfoVisitor.java:113)
	at jadx.core.dex.visitors.usage.UsageInfoVisitor.processClass(UsageInfoVisitor.java:101)
	at jadx.core.dex.visitors.usage.UsageInfoVisitor.buildUsageData(UsageInfoVisitor.java:81)
	at jadx.core.dex.visitors.usage.UsageInfoVisitor.init(UsageInfoVisitor.java:65)
	at jadx.core.dex.nodes.RootNode.runPreDecompileStage(RootNode.java:356)
	at jadx.api.JadxDecompiler.load(JadxDecompiler.java:136)
	at jadx.cli.JadxCLI.runSave(JadxCLI.java:71)
	at jadx.cli.JadxCLI.execute(JadxCLI.java:44)
	at jadx.cli.JadxCLI.execute(JadxCLI.java:33)
	at jadx.cli.JadxCLI.main(JadxCLI.java:26)
ERROR - Dependency scan failed at insn: 0x0003: IPUT r4, r0 in method: com.shadow.kotlin.collections.EmptyList.equals(java.lang.Object):boolean, file: /workspace/xh/fixp_148608.dex
java.lang.IllegalArgumentException: newPosition > limit: (8603424 > 3323492)
	at java.base/java.nio.Buffer.createPositionException(Buffer.java:351)
	at java.base/java.nio.Buffer.position(Buffer.java:326)
	at java.base/java.nio.ByteBuffer.position(ByteBuffer.java:1561)
	at jadx.plugins.input.dex.sections.SectionReader.absPos(SectionReader.java:82)
	at jadx.plugins.input.dex.sections.SectionReader.getString(SectionReader.java:175)
	at jadx.plugins.input.dex.sections.SectionReader.getType(SectionReader.java:165)
	at jadx.plugins.input.dex.sections.SectionReader.fillFieldData(SectionReader.java:194)
	at jadx.plugins.input.dex.sections.SectionReader.getFieldRef(SectionReader.java:183)
	at jadx.plugins.input.dex.insns.DexInsnData.getIndexAsField(DexInsnData.java:131)
	at jadx.core.dex.visitors.usage.UsageInfoVisitor.processInsn(UsageInfoVisitor.java:150)
	at jadx.core.dex.visitors.usage.UsageInfoVisitor.lambda$processInstructions$0(UsageInfoVisitor.java:130)
	at jadx.plugins.input.dex.sections.DexCodeReader.visitInstructions(DexCodeReader.java:86)
	at jadx.core.dex.visitors.usage.UsageInfoVisitor.processInstructions(UsageInfoVisitor.java:128)
	at jadx.core.dex.visitors.usage.UsageInfoVisitor.processMethod(UsageInfoVisitor.java:113)
	at jadx.core.dex.visitors.usage.UsageInfoVisitor.processClass(UsageInfoVisitor.java:101)
	at jadx.core.dex.visitors.usage.UsageInfoVisitor.buildUsageData(UsageInfoVisitor.java:81)
	at jadx.core.dex.visitors.usage.UsageInfoVisitor.init(UsageInfoVisitor.java:65)
	at jadx.core.dex.nodes.RootNode.runPreDecompileStage(RootNode.java:356)
	at jadx.api.JadxDecompiler.load(JadxDecompiler.java:136)
	at jadx.cli.JadxCLI.runSave(JadxCLI.java:71)
	at jadx.cli.JadxCLI.execute(JadxCLI.java:44)
	at jadx.cli.JadxCLI.execute(JadxCLI.java:33)
	at jadx.cli.JadxCLI.main(JadxCLI.java:26)
ERROR - Dependency scan failed at insn: 0x0007: IPUT r4, r7 in method: com.shadow.kotlin.collections.EmptyList.equals(java.lang.Object):boolean, file: /workspace/xh/fixp_148608.dex
java.lang.IllegalArgumentException: newPosition < 0: (-1514288640 < 0)
	at java.base/java.nio.Buffer.createPositionException(Buffer.java:351)
	at java.base/java.nio.Buffer.position(Buffer.java:326)
	at java.base/java.nio.ByteBuffer.position(ByteBuffer.java:1561)
	at jadx.plugins.input.dex.sections.SectionReader.absPos(SectionReader.java:82)
	at jadx.plugins.input.dex.sections.SectionReader.getString(SectionReader.java:175)
	at jadx.plugins.input.dex.sections.SectionReader.getType(SectionReader.java:165)
	at jadx.plugins.input.dex.sections.SectionReader.fillFieldData(SectionReader.java:194)
	at jadx.plugins.input.dex.sections.SectionReader.getFieldRef(SectionReader.java:183)
	at jadx.plugins.input.dex.insns.DexInsnData.getIndexAsField(DexInsnData.java:131)
	at jadx.core.dex.visitors.usage.UsageInfoVisitor.processInsn(UsageInfoVisitor.java:150)
	at jadx.core.dex.visitors.usage.UsageInfoVisitor.lambda$processInstructions$0(UsageInfoVisitor.java:130)
	at jadx.plugins.input.dex.sections.DexCodeReader.visitInstructions(DexCodeReader.java:86)
	at jadx.core.dex.visitors.usage.UsageInfoVisitor.processInstructions(UsageInfoVisitor.java:128)
	at jadx.core.dex.visitors.usage.UsageInfoVisitor.processMethod(UsageInfoVisitor.java:113)
	at jadx.core.dex.visitors.usage.UsageInfoVisitor.processClass(UsageInfoVisitor.java:101)
	at jadx.core.dex.visitors.usage.UsageInfoVisitor.buildUsageData(UsageInfoVisitor.java:81)
	at jadx.core.dex.visitors.usage.UsageInfoVisitor.init(UsageInfoVisitor.java:65)
	at jadx.core.dex.nodes.RootNode.runPreDecompileStage(RootNode.java:356)
	at jadx.api.JadxDecompiler.load(JadxDecompiler.java:136)
	at jadx.cli.JadxCLI.runSave(JadxCLI.java:71)
	at jadx.cli.JadxCLI.execute(JadxCLI.java:44)
	at jadx.cli.JadxCLI.execute(JadxCLI.java:33)
	at jadx.cli.JadxCLI.main(JadxCLI.java:26)
ERROR - Dependency scan failed at insn: 0x0003: SGET r76 in method: com.shadow.kotlin.collections.EmptyList.get(int):java.lang.Object, file: /workspace/xh/fixp_148608.dex
java.lang.IllegalArgumentException: newPosition > limit: (184290160 > 3323492)
	at java.base/java.nio.Buffer.createPositionException(Buffer.java:351)
	at java.base/java.nio.Buffer.position(Buffer.java:326)
	at java.base/java.nio.ByteBuffer.position(ByteBuffer.java:1561)
	at jadx.plugins.input.dex.sections.SectionReader.absPos(SectionReader.java:82)
	at jadx.plugins.input.dex.sections.SectionReader.getString(SectionReader.java:175)
	at jadx.plugins.input.dex.sections.SectionReader.getType(SectionReader.java:165)
	at jadx.plugins.input.dex.sections.SectionReader.fillFieldData(SectionReader.java:194)
	at jadx.plugins.input.dex.sections.SectionReader.getFieldRef(SectionReader.java:183)
	at jadx.plugins.input.dex.insns.DexInsnData.getIndexAsField(DexInsnData.java:131)
	at jadx.core.dex.visitors.usage.UsageInfoVisitor.processInsn(UsageInfoVisitor.java:150)
	at jadx.core.dex.visitors.usage.UsageInfoVisitor.lambda$processInstructions$0(UsageInfoVisitor.java:130)
	at jadx.plugins.input.dex.sections.DexCodeReader.visitInstructions(DexCodeReader.java:86)
	at jadx.core.dex.visitors.usage.UsageInfoVisitor.processInstructions(UsageInfoVisitor.java:128)
	at jadx.core.dex.visitors.usage.UsageInfoVisitor.processMethod(UsageInfoVisitor.java:113)
	at jadx.core.dex.visitors.usage.UsageInfoVisitor.processClass(UsageInfoVisitor.java:101)
	at jadx.core.dex.visitors.usage.UsageInfoVisitor.buildUsageData(UsageInfoVisitor.java:81)
	at jadx.core.dex.visitors.usage.UsageInfoVisitor.init(UsageInfoVisitor.java:65)
	at jadx.core.dex.nodes.RootNode.runPreDecompileStage(RootNode.java:356)
	at jadx.api.JadxDecompiler.load(JadxDecompiler.java:136)
	at jadx.cli.JadxCLI.runSave(JadxCLI.java:71)
	at jadx.cli.JadxCLI.execute(JadxCLI.java:44)
	at jadx.cli.JadxCLI.execute(JadxCLI.java:33)
	at jadx.cli.JadxCLI.main(JadxCLI.java:26)
ERROR - Dependency scan failed at insn: 0x0000: IPUT r13, r13 in method: com.shadow.kotlin.collections.EmptyList.hashCode():int, file: /workspace/xh/fixp_148608.dex
java.lang.IllegalArgumentException: newPosition < 0: (-1782989400 < 0)
	at java.base/java.nio.Buffer.createPositionException(Buffer.java:351)
	at java.base/java.nio.Buffer.position(Buffer.java:326)
	at java.base/java.nio.ByteBuffer.position(ByteBuffer.java:1561)
	at jadx.plugins.input.dex.sections.SectionReader.absPos(SectionReader.java:82)
	at jadx.plugins.input.dex.sections.SectionReader.getString(SectionReader.java:175)
	at jadx.plugins.input.dex.sections.SectionReader.getType(SectionReader.java:165)
	at jadx.plugins.input.dex.sections.SectionReader.fillFieldData(SectionReader.java:194)
	at jadx.plugins.input.dex.sections.SectionReader.getFieldRef(SectionReader.java:183)
	at jadx.plugins.input.dex.insns.DexInsnData.getIndexAsField(DexInsnData.java:131)
	at jadx.core.dex.visitors.usage.UsageInfoVisitor.processInsn(UsageInfoVisitor.java:150)
	at jadx.core.dex.visitors.usage.UsageInfoVisitor.lambda$processInstructions$0(UsageInfoVisitor.java:130)
	at jadx.plugins.input.dex.sections.DexCodeReader.visitInstructions(DexCodeReader.java:86)
	at jadx.core.dex.visitors.usage.UsageInfoVisitor.processInstructions(UsageInfoVisitor.java:128)
	at jadx.core.dex.visitors.usage.UsageInfoVisitor.processMethod(UsageInfoVisitor.java:113)
	at jadx.core.dex.visitors.usage.UsageInfoVisitor.processClass(UsageInfoVisitor.java:101)
	at jadx.core.dex.visitors.usage.UsageInfoVisitor.buildUsageData(UsageInfoVisitor.java:81)
	at jadx.core.dex.visitors.usage.UsageInfoVisitor.init(UsageInfoVisitor.java:65)
	at jadx.core.dex.nodes.RootNode.runPreDecompileStage(RootNode.java:356)
	at jadx.api.JadxDecompiler.load(JadxDecompiler.java:136)
	at jadx.cli.JadxCLI.runSave(JadxCLI.java:71)
	at jadx.cli.JadxCLI.execute(JadxCLI.java:44)
	at jadx.cli.JadxCLI.execute(JadxCLI.java:33)
	at jadx.cli.JadxCLI.main(JadxCLI.java:26)
ERROR - Dependency scan failed at insn: 0x000B: IGET r7, r8 in method: com.shadow.kotlin.collections.EmptyList.indexOf(java.lang.Object):int, file: /workspace/xh/fixp_148608.dex
java.lang.IllegalArgumentException: newPosition > limit: (514328944 > 3323492)
	at java.base/java.nio.Buffer.createPositionException(Buffer.java:351)
	at java.base/java.nio.Buffer.position(Buffer.java:326)
	at java.base/java.nio.ByteBuffer.position(ByteBuffer.java:1561)
	at jadx.plugins.input.dex.sections.SectionReader.absPos(SectionReader.java:82)
	at jadx.plugins.input.dex.sections.SectionReader.getString(SectionReader.java:175)
	at jadx.plugins.input.dex.sections.SectionReader.getType(SectionReader.java:165)
	at jadx.plugins.input.dex.sections.SectionReader.fillFieldData(SectionReader.java:194)
	at jadx.plugins.input.dex.sections.SectionReader.getFieldRef(SectionReader.java:183)
	at jadx.plugins.input.dex.insns.DexInsnData.getIndexAsField(DexInsnData.java:131)
	at jadx.core.dex.visitors.usage.UsageInfoVisitor.processInsn(UsageInfoVisitor.java:150)
	at jadx.core.dex.visitors.usage.UsageInfoVisitor.lambda$processInstructions$0(UsageInfoVisitor.java:130)
	at jadx.plugins.input.dex.sections.DexCodeReader.visitInstructions(DexCodeReader.java:86)
	at jadx.core.dex.visitors.usage.UsageInfoVisitor.processInstructions(UsageInfoVisitor.java:128)
	at jadx.core.dex.visitors.usage.UsageInfoVisitor.processMethod(UsageInfoVisitor.java:113)
	at jadx.core.dex.visitors.usage.UsageInfoVisitor.processClass(UsageInfoVisitor.java:101)
	at jadx.core.dex.visitors.usage.UsageInfoVisitor.buildUsageData(UsageInfoVisitor.java:81)
	at jadx.core.dex.visitors.usage.UsageInfoVisitor.init(UsageInfoVisitor.java:65)
	at jadx.core.dex.nodes.RootNode.runPreDecompileStage(RootNode.java:356)
	at jadx.api.JadxDecompiler.load(JadxDecompiler.java:136)
	at jadx.cli.JadxCLI.runSave(JadxCLI.java:71)
	at jadx.cli.JadxCLI.execute(JadxCLI.java:44)
	at jadx.cli.JadxCLI.execute(JadxCLI.java:33)
	at jadx.cli.JadxCLI.main(JadxCLI.java:26)
ERROR - Dependency scan failed at insn: 0x0003: INVOKE_CUSTOM_RANGE r22982, r22983, r22984, r22985, r22986, r22987, r22988, r22989, r22990, r22991, r22992, r22993, r22994, r22995, r22996, r22997, r22998, r22999, r23000, r23001, r23002, r23003, r23004, r23005, r23006, r23007, r23008, r23009, r23010, r23011, r23012, r23013, r23014, r23015, r23016, r23017, r23018, r23019, r23020, r23021, r23022, r23023, r23024, r23025, r23026, r23027, r23028, r23029, r23030, r23031, r23032, r23033, r23034, r23035, r23036, r23037, r23038, r23039, r23040, r23041, r23042, r23043, r23044, r23045, r23046, r23047, r23048, r23049, r23050, r23051, r23052, r23053, r23054, r23055, r23056, r23057, r23058, r23059, r23060, r23061, r23062, r23063, r23064, r23065, r23066, r23067, r23068, r23069, r23070, r23071, r23072, r23073, r23074, r23075, r23076, r23077, r23078, r23079, r23080, r23081, r23082, r23083, r23084, r23085, r23086, r23087, r23088, r23089, r23090, r23091, r23092, r23093, r23094, r23095, r23096, r23097, r23098, r23099, r23100, r23101, r23102, r23103, r23104, r23105, r23106, r23107, r23108, r23109, r23110, r23111, r23112, r23113, r23114, r23115, r23116, r23117, r23118, r23119, r23120, r23121, r23122, r23123, r23124, r23125, r23126, r23127, r23128, r23129, r23130, r23131, r23132, r23133 in method: com.shadow.kotlin.collections.EmptyList.lastIndexOf(java.lang.Object):int, file: /workspace/xh/fixp_148608.dex
jadx.plugins.input.dex.DexException: Unknown encoded value type: 0xa
	at jadx.plugins.input.dex.sections.annotations.EncodedValueParser.parseValue(EncodedValueParser.java:87)
	at jadx.plugins.input.dex.sections.annotations.EncodedValueParser.parseEncodedArray(EncodedValueParser.java:95)
	at jadx.plugins.input.dex.sections.annotations.EncodedValueParser.parseValue(EncodedValueParser.java:72)
	at jadx.plugins.input.dex.sections.annotations.EncodedValueParser.parseEncodedArray(EncodedValueParser.java:95)
	at jadx.plugins.input.dex.sections.annotations.EncodedValueParser.parseValue(EncodedValueParser.java:72)
	at jadx.plugins.input.dex.sections.annotations.EncodedValueParser.parseEncodedArray(EncodedValueParser.java:95)
	at jadx.plugins.input.dex.sections.annotations.EncodedValueParser.parseValue(EncodedValueParser.java:72)
	at jadx.plugins.input.dex.sections.annotations.EncodedValueParser.parseEncodedArray(EncodedValueParser.java:95)
	at jadx.plugins.input.dex.sections.SectionReader.getCallSite(SectionReader.java:209)
	at jadx.plugins.input.dex.insns.DexInsnData.getIndexAsCallSite(DexInsnData.java:141)
	at jadx.core.utils.input.InsnDataUtils.getCallSite(InsnDataUtils.java:27)
	at jadx.core.dex.visitors.usage.UsageInfoVisitor.processInsn(UsageInfoVisitor.java:174)
	at jadx.core.dex.visitors.usage.UsageInfoVisitor.lambda$processInstructions$0(UsageInfoVisitor.java:130)
	at jadx.plugins.input.dex.sections.DexCodeReader.visitInstructions(DexCodeReader.java:86)
	at jadx.core.dex.visitors.usage.UsageInfoVisitor.processInstructions(UsageInfoVisitor.java:128)
	at jadx.core.dex.visitors.usage.UsageInfoVisitor.processMethod(UsageInfoVisitor.java:113)
	at jadx.core.dex.visitors.usage.UsageInfoVisitor.processClass(UsageInfoVisitor.java:101)
	at jadx.core.dex.visitors.usage.UsageInfoVisitor.buildUsageData(UsageInfoVisitor.java:81)
	at jadx.core.dex.visitors.usage.UsageInfoVisitor.init(UsageInfoVisitor.java:65)
	at jadx.core.dex.nodes.RootNode.runPreDecompileStage(RootNode.java:356)
	at jadx.api.JadxDecompiler.load(JadxDecompiler.java:136)
	at jadx.cli.JadxCLI.runSave(JadxCLI.java:71)
	at jadx.cli.JadxCLI.execute(JadxCLI.java:44)
	at jadx.cli.JadxCLI.execute(JadxCLI.java:33)
	at jadx.cli.JadxCLI.main(JadxCLI.java:26)
ERROR - Dependency scan failed at insn: 0x0006: IPUT r9, r11 in method: com.shadow.kotlin.collections.EmptyList.lastIndexOf(java.lang.Object):int, file: /workspace/xh/fixp_148608.dex
java.lang.IllegalArgumentException: newPosition < 0: (-1112162820 < 0)
	at java.base/java.nio.Buffer.createPositionException(Buffer.java:351)
	at java.base/java.nio.Buffer.position(Buffer.java:326)
	at java.base/java.nio.ByteBuffer.position(ByteBuffer.java:1561)
	at jadx.plugins.input.dex.sections.SectionReader.absPos(SectionReader.java:82)
	at jadx.plugins.input.dex.sections.SectionReader.getString(SectionReader.java:175)
	at jadx.plugins.input.dex.sections.SectionReader.fillFieldData(SectionReader.java:195)
	at jadx.plugins.input.dex.sections.SectionReader.getFieldRef(SectionReader.java:183)
	at jadx.plugins.input.dex.insns.DexInsnData.getIndexAsField(DexInsnData.java:131)
	at jadx.core.dex.visitors.usage.UsageInfoVisitor.processInsn(UsageInfoVisitor.java:150)
	at jadx.core.dex.visitors.usage.UsageInfoVisitor.lambda$processInstructions$0(UsageInfoVisitor.java:130)
	at jadx.plugins.input.dex.sections.DexCodeReader.visitInstructions(DexCodeReader.java:86)
	at jadx.core.dex.visitors.usage.UsageInfoVisitor.processInstructions(UsageInfoVisitor.java:128)
	at jadx.core.dex.visitors.usage.UsageInfoVisitor.processMethod(UsageInfoVisitor.java:113)
	at jadx.core.dex.visitors.usage.UsageInfoVisitor.processClass(UsageInfoVisitor.java:101)
	at jadx.core.dex.visitors.usage.UsageInfoVisitor.buildUsageData(UsageInfoVisitor.java:81)
	at jadx.core.dex.visitors.usage.UsageInfoVisitor.init(UsageInfoVisitor.java:65)
	at jadx.core.dex.nodes.RootNode.runPreDecompileStage(RootNode.java:356)
	at jadx.api.JadxDecompiler.load(JadxDecompiler.java:136)
	at jadx.cli.JadxCLI.runSave(JadxCLI.java:71)
	at jadx.cli.JadxCLI.execute(JadxCLI.java:44)
	at jadx.cli.JadxCLI.execute(JadxCLI.java:33)
	at jadx.cli.JadxCLI.main(JadxCLI.java:26)
ERROR - Dependency scan failed at insn: 0x0000: IGET r0, r9 in method: com.shadow.kotlin.collections.EmptyList.lastIndexOf(java.lang.Void):int, file: /workspace/xh/fixp_148608.dex
java.lang.IllegalArgumentException: newPosition < 0: (-936116072 < 0)
	at java.base/java.nio.Buffer.createPositionException(Buffer.java:351)
	at java.base/java.nio.Buffer.position(Buffer.java:326)
	at java.base/java.nio.ByteBuffer.position(ByteBuffer.java:1561)
	at jadx.plugins.input.dex.sections.SectionReader.absPos(SectionReader.java:82)
	at jadx.plugins.input.dex.sections.SectionReader.getString(SectionReader.java:175)
	at jadx.plugins.input.dex.sections.SectionReader.getType(SectionReader.java:165)
	at jadx.plugins.input.dex.sections.SectionReader.fillFieldData(SectionReader.java:194)
	at jadx.plugins.input.dex.sections.SectionReader.getFieldRef(SectionReader.java:183)
	at jadx.plugins.input.dex.insns.DexInsnData.getIndexAsField(DexInsnData.java:131)
	at jadx.core.dex.visitors.usage.UsageInfoVisitor.processInsn(UsageInfoVisitor.java:150)
	at jadx.core.dex.visitors.usage.UsageInfoVisitor.lambda$processInstructions$0(UsageInfoVisitor.java:130)
	at jadx.plugins.input.dex.sections.DexCodeReader.visitInstructions(DexCodeReader.java:86)
	at jadx.core.dex.visitors.usage.UsageInfoVisitor.processInstructions(UsageInfoVisitor.java:128)
	at jadx.core.dex.visitors.usage.UsageInfoVisitor.processMethod(UsageInfoVisitor.java:113)
	at jadx.core.dex.visitors.usage.UsageInfoVisitor.processClass(UsageInfoVisitor.java:101)
	at jadx.core.dex.visitors.usage.UsageInfoVisitor.buildUsageData(UsageInfoVisitor.java:81)
	at jadx.core.dex.visitors.usage.UsageInfoVisitor.init(UsageInfoVisitor.java:65)
	at jadx.core.dex.nodes.RootNode.runPreDecompileStage(RootNode.java:356)
	at jadx.api.JadxDecompiler.load(JadxDecompiler.java:136)
	at jadx.cli.JadxCLI.runSave(JadxCLI.java:71)
	at jadx.cli.JadxCLI.execute(JadxCLI.java:44)
	at jadx.cli.JadxCLI.execute(JadxCLI.java:33)
	at jadx.cli.JadxCLI.main(JadxCLI.java:26)
ERROR - Dependency scan failed at insn: 0x0005: FILLED_NEW_ARRAY r4 in method: com.shadow.kotlin.collections.EmptyList.listIterator(int):java.util.ListIterator, file: /workspace/xh/fixp_148608.dex
java.lang.IllegalArgumentException: newPosition > limit: (2102200680 > 3323492)
	at java.base/java.nio.Buffer.createPositionException(Buffer.java:351)
	at java.base/java.nio.Buffer.position(Buffer.java:326)
	at java.base/java.nio.ByteBuffer.position(ByteBuffer.java:1561)
	at jadx.plugins.input.dex.sections.SectionReader.absPos(SectionReader.java:82)
	at jadx.plugins.input.dex.sections.SectionReader.getString(SectionReader.java:177)
	at jadx.plugins.input.dex.sections.SectionReader.getType(SectionReader.java:165)
	at jadx.plugins.input.dex.insns.DexInsnData.getIndexAsType(DexInsnData.java:126)
	at jadx.core.dex.visitors.usage.UsageInfoVisitor.processInsn(UsageInfoVisitor.java:144)
	at jadx.core.dex.visitors.usage.UsageInfoVisitor.lambda$processInstructions$0(UsageInfoVisitor.java:130)
	at jadx.plugins.input.dex.sections.DexCodeReader.visitInstructions(DexCodeReader.java:86)
	at jadx.core.dex.visitors.usage.UsageInfoVisitor.processInstructions(UsageInfoVisitor.java:128)
	at jadx.core.dex.visitors.usage.UsageInfoVisitor.processMethod(UsageInfoVisitor.java:113)
	at jadx.core.dex.visitors.usage.UsageInfoVisitor.processClass(UsageInfoVisitor.java:101)
	at jadx.core.dex.visitors.usage.UsageInfoVisitor.buildUsageData(UsageInfoVisitor.java:81)
	at jadx.core.dex.visitors.usage.UsageInfoVisitor.init(UsageInfoVisitor.java:65)
	at jadx.core.dex.nodes.RootNode.runPreDecompileStage(RootNode.java:356)
	at jadx.api.JadxDecompiler.load(JadxDecompiler.java:136)
	at jadx.cli.JadxCLI.runSave(JadxCLI.java:71)
	at jadx.cli.JadxCLI.execute(JadxCLI.java:44)
	at jadx.cli.JadxCLI.execute(JadxCLI.java:33)
	at jadx.cli.JadxCLI.main(JadxCLI.java:26)
ERROR - Dependency scan failed at insn: 0x0000: INVOKE_VIRTUAL r10, r7, r11, r1 in method: com.shadow.kotlin.collections.EmptyList.remove(int):java.lang.Object, file: /workspace/xh/fixp_148608.dex
java.lang.IllegalArgumentException: newPosition < 0: (-610870373 < 0)
	at java.base/java.nio.Buffer.createPositionException(Buffer.java:351)
	at java.base/java.nio.Buffer.position(Buffer.java:326)
	at java.base/java.nio.ByteBuffer.position(ByteBuffer.java:1561)
	at jadx.plugins.input.dex.sections.SectionReader.absPos(SectionReader.java:82)
	at jadx.plugins.input.dex.sections.SectionReader.readTypeListAt(SectionReader.java:141)
	at jadx.plugins.input.dex.sections.SectionReader.loadMethodRef(SectionReader.java:269)
	at jadx.plugins.input.dex.sections.DexMethodRef.load(DexMethodRef.java:28)
	at jadx.core.dex.info.MethodInfo.fromRef(MethodInfo.java:47)
	at jadx.core.dex.visitors.usage.UsageInfoVisitor.processInsn(UsageInfoVisitor.java:165)
	at jadx.core.dex.visitors.usage.UsageInfoVisitor.lambda$processInstructions$0(UsageInfoVisitor.java:130)
	at jadx.plugins.input.dex.sections.DexCodeReader.visitInstructions(DexCodeReader.java:86)
	at jadx.core.dex.visitors.usage.UsageInfoVisitor.processInstructions(UsageInfoVisitor.java:128)
	at jadx.core.dex.visitors.usage.UsageInfoVisitor.processMethod(UsageInfoVisitor.java:113)
	at jadx.core.dex.visitors.usage.UsageInfoVisitor.processClass(UsageInfoVisitor.java:101)
	at jadx.core.dex.visitors.usage.UsageInfoVisitor.buildUsageData(UsageInfoVisitor.java:81)
	at jadx.core.dex.visitors.usage.UsageInfoVisitor.init(UsageInfoVisitor.java:65)
	at jadx.core.dex.nodes.RootNode.runPreDecompileStage(RootNode.java:356)
	at jadx.api.JadxDecompiler.load(JadxDecompiler.java:136)
	at jadx.cli.JadxCLI.runSave(JadxCLI.java:71)
	at jadx.cli.JadxCLI.execute(JadxCLI.java:44)
	at jadx.cli.JadxCLI.execute(JadxCLI.java:33)
	at jadx.cli.JadxCLI.main(JadxCLI.java:26)
ERROR - Dependency scan failed at insn: 0x0004: SPUT r154 in method: com.shadow.kotlin.collections.EmptyList.remove(int):java.lang.Object, file: /workspace/xh/fixp_148608.dex
java.lang.IllegalArgumentException: newPosition > limit: (402768448 > 3323492)
	at java.base/java.nio.Buffer.createPositionException(Buffer.java:351)
	at java.base/java.nio.Buffer.position(Buffer.java:326)
	at java.base/java.nio.ByteBuffer.position(ByteBuffer.java:1561)
	at jadx.plugins.input.dex.sections.SectionReader.absPos(SectionReader.java:82)
	at jadx.plugins.input.dex.sections.SectionReader.getString(SectionReader.java:175)
	at jadx.plugins.input.dex.sections.SectionReader.fillFieldData(SectionReader.java:195)
	at jadx.plugins.input.dex.sections.SectionReader.getFieldRef(SectionReader.java:183)
	at jadx.plugins.input.dex.insns.DexInsnData.getIndexAsField(DexInsnData.java:131)
	at jadx.core.dex.visitors.usage.UsageInfoVisitor.processInsn(UsageInfoVisitor.java:150)
	at jadx.core.dex.visitors.usage.UsageInfoVisitor.lambda$processInstructions$0(UsageInfoVisitor.java:130)
	at jadx.plugins.input.dex.sections.DexCodeReader.visitInstructions(DexCodeReader.java:86)
	at jadx.core.dex.visitors.usage.UsageInfoVisitor.processInstructions(UsageInfoVisitor.java:128)
	at jadx.core.dex.visitors.usage.UsageInfoVisitor.processMethod(UsageInfoVisitor.java:113)
	at jadx.core.dex.visitors.usage.UsageInfoVisitor.processClass(UsageInfoVisitor.java:101)
	at jadx.core.dex.visitors.usage.UsageInfoVisitor.buildUsageData(UsageInfoVisitor.java:81)
	at jadx.core.dex.visitors.usage.UsageInfoVisitor.init(UsageInfoVisitor.java:65)
	at jadx.core.dex.nodes.RootNode.runPreDecompileStage(RootNode.java:356)
	at jadx.api.JadxDecompiler.load(JadxDecompiler.java:136)
	at jadx.cli.JadxCLI.runSave(JadxCLI.java:71)
	at jadx.cli.JadxCLI.execute(JadxCLI.java:44)
	at jadx.cli.JadxCLI.execute(JadxCLI.java:33)
	at jadx.cli.JadxCLI.main(JadxCLI.java:26)
ERROR - Dependency scan failed at insn: 0x0002: IPUT r1, r15 in method: com.shadow.kotlin.collections.EmptyList.remove(int):java.lang.Void, file: /workspace/xh/fixp_148608.dex
java.lang.IllegalArgumentException: newPosition < 0: (-1113212428 < 0)
	at java.base/java.nio.Buffer.createPositionException(Buffer.java:351)
	at java.base/java.nio.Buffer.position(Buffer.java:326)
	at java.base/java.nio.ByteBuffer.position(ByteBuffer.java:1561)
	at jadx.plugins.input.dex.sections.SectionReader.absPos(SectionReader.java:82)
	at jadx.plugins.input.dex.sections.SectionReader.getString(SectionReader.java:175)
	at jadx.plugins.input.dex.sections.SectionReader.getType(SectionReader.java:165)
	at jadx.plugins.input.dex.sections.SectionReader.fillFieldData(SectionReader.java:194)
	at jadx.plugins.input.dex.sections.SectionReader.getFieldRef(SectionReader.java:183)
	at jadx.plugins.input.dex.insns.DexInsnData.getIndexAsField(DexInsnData.java:131)
	at jadx.core.dex.visitors.usage.UsageInfoVisitor.processInsn(UsageInfoVisitor.java:150)
	at jadx.core.dex.visitors.usage.UsageInfoVisitor.lambda$processInstructions$0(UsageInfoVisitor.java:130)
	at jadx.plugins.input.dex.sections.DexCodeReader.visitInstructions(DexCodeReader.java:86)
	at jadx.core.dex.visitors.usage.UsageInfoVisitor.processInstructions(UsageInfoVisitor.java:128)
	at jadx.core.dex.visitors.usage.UsageInfoVisitor.processMethod(UsageInfoVisitor.java:113)
	at jadx.core.dex.visitors.usage.UsageInfoVisitor.processClass(UsageInfoVisitor.java:101)
	at jadx.core.dex.visitors.usage.UsageInfoVisitor.buildUsageData(UsageInfoVisitor.java:81)
	at jadx.core.dex.visitors.usage.UsageInfoVisitor.init(UsageInfoVisitor.java:65)
	at jadx.core.dex.nodes.RootNode.runPreDecompileStage(RootNode.java:356)
	at jadx.api.JadxDecompiler.load(JadxDecompiler.java:136)
	at jadx.cli.JadxCLI.runSave(JadxCLI.java:71)
	at jadx.cli.JadxCLI.execute(JadxCLI.java:44)
	at jadx.cli.JadxCLI.execute(JadxCLI.java:33)
	at jadx.cli.JadxCLI.main(JadxCLI.java:26)
ERROR - Dependency scan failed at insn: 0x0001: IPUT r15, r0 in method: com.shadow.kotlin.collections.EmptyList.removeAll(java.util.Collection):boolean, file: /workspace/xh/fixp_148608.dex
java.lang.IllegalArgumentException: newPosition < 0: (-1178744684 < 0)
	at java.base/java.nio.Buffer.createPositionException(Buffer.java:351)
	at java.base/java.nio.Buffer.position(Buffer.java:326)
	at java.base/java.nio.ByteBuffer.position(ByteBuffer.java:1561)
	at jadx.plugins.input.dex.sections.SectionReader.absPos(SectionReader.java:82)
	at jadx.plugins.input.dex.sections.SectionReader.getString(SectionReader.java:175)
	at jadx.plugins.input.dex.sections.SectionReader.fillFieldData(SectionReader.java:195)
	at jadx.plugins.input.dex.sections.SectionReader.getFieldRef(SectionReader.java:183)
	at jadx.plugins.input.dex.insns.DexInsnData.getIndexAsField(DexInsnData.java:131)
	at jadx.core.dex.visitors.usage.UsageInfoVisitor.processInsn(UsageInfoVisitor.java:150)
	at jadx.core.dex.visitors.usage.UsageInfoVisitor.lambda$processInstructions$0(UsageInfoVisitor.java:130)
	at jadx.plugins.input.dex.sections.DexCodeReader.visitInstructions(DexCodeReader.java:86)
	at jadx.core.dex.visitors.usage.UsageInfoVisitor.processInstructions(UsageInfoVisitor.java:128)
	at jadx.core.dex.visitors.usage.UsageInfoVisitor.processMethod(UsageInfoVisitor.java:113)
	at jadx.core.dex.visitors.usage.UsageInfoVisitor.processClass(UsageInfoVisitor.java:101)
	at jadx.core.dex.visitors.usage.UsageInfoVisitor.buildUsageData(UsageInfoVisitor.java:81)
	at jadx.core.dex.visitors.usage.UsageInfoVisitor.init(UsageInfoVisitor.java:65)
	at jadx.core.dex.nodes.RootNode.runPreDecompileStage(RootNode.java:356)
	at jadx.api.JadxDecompiler.load(JadxDecompiler.java:136)
	at jadx.cli.JadxCLI.runSave(JadxCLI.java:71)
	at jadx.cli.JadxCLI.execute(JadxCLI.java:44)
	at jadx.cli.JadxCLI.execute(JadxCLI.java:33)
	at jadx.cli.JadxCLI.main(JadxCLI.java:26)
ERROR - Dependency scan failed at insn: 0x0005: SGET r83 in method: com.shadow.kotlin.collections.EmptyList.retainAll(java.util.Collection):boolean, file: /workspace/xh/fixp_148608.dex
java.lang.IllegalArgumentException: newPosition > limit: (1851747592 > 3323492)
	at java.base/java.nio.Buffer.createPositionException(Buffer.java:351)
	at java.base/java.nio.Buffer.position(Buffer.java:326)
	at java.base/java.nio.ByteBuffer.position(ByteBuffer.java:1561)
	at jadx.plugins.input.dex.sections.SectionReader.absPos(SectionReader.java:82)
	at jadx.plugins.input.dex.sections.SectionReader.getString(SectionReader.java:175)
	at jadx.plugins.input.dex.sections.SectionReader.fillFieldData(SectionReader.java:195)
	at jadx.plugins.input.dex.sections.SectionReader.getFieldRef(SectionReader.java:183)
	at jadx.plugins.input.dex.insns.DexInsnData.getIndexAsField(DexInsnData.java:131)
	at jadx.core.dex.visitors.usage.UsageInfoVisitor.processInsn(UsageInfoVisitor.java:150)
	at jadx.core.dex.visitors.usage.UsageInfoVisitor.lambda$processInstructions$0(UsageInfoVisitor.java:130)
	at jadx.plugins.input.dex.sections.DexCodeReader.visitInstructions(DexCodeReader.java:86)
	at jadx.core.dex.visitors.usage.UsageInfoVisitor.processInstructions(UsageInfoVisitor.java:128)
	at jadx.core.dex.visitors.usage.UsageInfoVisitor.processMethod(UsageInfoVisitor.java:113)
	at jadx.core.dex.visitors.usage.UsageInfoVisitor.processClass(UsageInfoVisitor.java:101)
	at jadx.core.dex.visitors.usage.UsageInfoVisitor.buildUsageData(UsageInfoVisitor.java:81)
	at jadx.core.dex.visitors.usage.UsageInfoVisitor.init(UsageInfoVisitor.java:65)
	at jadx.core.dex.nodes.RootNode.runPreDecompileStage(RootNode.java:356)
	at jadx.api.JadxDecompiler.load(JadxDecompiler.java:136)
	at jadx.cli.JadxCLI.runSave(JadxCLI.java:71)
	at jadx.cli.JadxCLI.execute(JadxCLI.java:44)
	at jadx.cli.JadxCLI.execute(JadxCLI.java:33)
	at jadx.cli.JadxCLI.main(JadxCLI.java:26)
ERROR - Dependency scan failed in method: com.shadow.kotlin.collections.EmptyList.set(int, java.lang.Object):java.lang.Object, file: /workspace/xh/fixp_148608.dex
java.lang.ArrayIndexOutOfBoundsException: Index 5 out of bounds for length 5
	at jadx.plugins.input.dex.insns.DexInsnData.toString(DexInsnData.java:251)
	at java.base/java.lang.String.valueOf(String.java:4530)
	at jadx.core.dex.visitors.usage.UsageInfoVisitor.lambda$processInstructions$0(UsageInfoVisitor.java:132)
	at jadx.plugins.input.dex.sections.DexCodeReader.visitInstructions(DexCodeReader.java:86)
	at jadx.core.dex.visitors.usage.UsageInfoVisitor.processInstructions(UsageInfoVisitor.java:128)
	at jadx.core.dex.visitors.usage.UsageInfoVisitor.processMethod(UsageInfoVisitor.java:113)
	at jadx.core.dex.visitors.usage.UsageInfoVisitor.processClass(UsageInfoVisitor.java:101)
	at jadx.core.dex.visitors.usage.UsageInfoVisitor.buildUsageData(UsageInfoVisitor.java:81)
	at jadx.core.dex.visitors.usage.UsageInfoVisitor.init(UsageInfoVisitor.java:65)
	at jadx.core.dex.nodes.RootNode.runPreDecompileStage(RootNode.java:356)
	at jadx.api.JadxDecompiler.load(JadxDecompiler.java:136)
	at jadx.cli.JadxCLI.runSave(JadxCLI.java:71)
	at jadx.cli.JadxCLI.execute(JadxCLI.java:44)
	at jadx.cli.JadxCLI.execute(JadxCLI.java:33)
	at jadx.cli.JadxCLI.main(JadxCLI.java:26)
ERROR - Dependency scan failed at insn: 0x0000: INVOKE_SUPER_RANGE r33929, r33930, r33931, r33932, r33933, r33934, r33935, r33936, r33937, r33938, r33939, r33940, r33941, r33942, r33943, r33944, r33945, r33946, r33947, r33948, r33949, r33950, r33951, r33952, r33953, r33954, r33955, r33956, r33957, r33958, r33959, r33960, r33961, r33962, r33963, r33964, r33965, r33966, r33967, r33968, r33969, r33970, r33971, r33972, r33973, r33974, r33975, r33976, r33977, r33978, r33979, r33980, r33981, r33982, r33983, r33984, r33985, r33986, r33987, r33988, r33989, r33990, r33991, r33992, r33993, r33994, r33995, r33996, r33997, r33998, r33999, r34000, r34001, r34002, r34003, r34004, r34005, r34006, r34007, r34008, r34009, r34010, r34011, r34012, r34013, r34014, r34015, r34016, r34017, r34018, r34019, r34020, r34021, r34022, r34023, r34024, r34025, r34026, r34027, r34028, r34029, r34030, r34031, r34032, r34033, r34034, r34035, r34036, r34037, r34038, r34039, r34040, r34041, r34042, r34043, r34044, r34045, r34046, r34047, r34048, r34049, r34050, r34051, r34052, r34053, r34054, r34055, r34056, r34057, r34058, r34059, r34060, r34061, r34062, r34063, r34064, r34065, r34066, r34067, r34068, r34069, r34070, r34071, r34072, r34073, r34074, r34075, r34076, r34077, r34078, r34079, r34080, r34081, r34082, r34083, r34084, r34085, r34086, r34087, r34088, r34089, r34090, r34091, r34092, r34093, r34094, r34095, r34096, r34097, r34098, r34099, r34100, r34101, r34102, r34103, r34104, r34105, r34106, r34107, r34108, r34109, r34110, r34111, r34112, r34113, r34114, r34115, r34116, r34117, r34118, r34119, r34120, r34121, r34122, r34123, r34124, r34125, r34126, r34127, r34128, r34129, r34130, r34131, r34132, r34133, r34134, r34135, r34136, r34137, r34138, r34139, r34140, r34141 in method: com.shadow.kotlin.collections.EmptyList.set(int, java.lang.Void):java.lang.Void, file: /workspace/xh/fixp_148608.dex
java.lang.IllegalArgumentException: newPosition > limit: (1953721961 > 3323492)
	at java.base/java.nio.Buffer.createPositionException(Buffer.java:351)
	at java.base/java.nio.Buffer.position(Buffer.java:326)
	at java.base/java.nio.ByteBuffer.position(ByteBuffer.java:1561)
	at jadx.plugins.input.dex.sections.SectionReader.absPos(SectionReader.java:82)
	at jadx.plugins.input.dex.sections.SectionReader.readTypeListAt(SectionReader.java:141)
	at jadx.plugins.input.dex.sections.SectionReader.loadMethodRef(SectionReader.java:269)
	at jadx.plugins.input.dex.sections.DexMethodRef.load(DexMethodRef.java:28)
	at jadx.core.dex.info.MethodInfo.fromRef(MethodInfo.java:47)
	at jadx.core.dex.visitors.usage.UsageInfoVisitor.processInsn(UsageInfoVisitor.java:165)
	at jadx.core.dex.visitors.usage.UsageInfoVisitor.lambda$processInstructions$0(UsageInfoVisitor.java:130)
	at jadx.plugins.input.dex.sections.DexCodeReader.visitInstructions(DexCodeReader.java:86)
	at jadx.core.dex.visitors.usage.UsageInfoVisitor.processInstructions(UsageInfoVisitor.java:128)
	at jadx.core.dex.visitors.usage.UsageInfoVisitor.processMethod(UsageInfoVisitor.java:113)
	at jadx.core.dex.visitors.usage.UsageInfoVisitor.processClass(UsageInfoVisitor.java:101)
	at jadx.core.dex.visitors.usage.UsageInfoVisitor.buildUsageData(UsageInfoVisitor.java:81)
	at jadx.core.dex.visitors.usage.UsageInfoVisitor.init(UsageInfoVisitor.java:65)
	at jadx.core.dex.nodes.RootNode.runPreDecompileStage(RootNode.java:356)
	at jadx.api.JadxDecompiler.load(JadxDecompiler.java:136)
	at jadx.cli.JadxCLI.runSave(JadxCLI.java:71)
	at jadx.cli.JadxCLI.execute(JadxCLI.java:44)
	at jadx.cli.JadxCLI.execute(JadxCLI.java:33)
	at jadx.cli.JadxCLI.main(JadxCLI.java:26)
ERROR - Dependency scan failed at insn: 0x0001: INSTANCE_OF r7, r15 in method: com.shadow.kotlin.collections.EmptyList.subList(int, int):java.util.List, file: /workspace/xh/fixp_148608.dex
java.lang.IllegalArgumentException: newPosition > limit: (8776336 > 3323492)
	at java.base/java.nio.Buffer.createPositionException(Buffer.java:351)
	at java.base/java.nio.Buffer.position(Buffer.java:326)
	at java.base/java.nio.ByteBuffer.position(ByteBuffer.java:1561)
	at jadx.plugins.input.dex.sections.SectionReader.absPos(SectionReader.java:82)
	at jadx.plugins.input.dex.sections.SectionReader.getString(SectionReader.java:175)
	at jadx.plugins.input.dex.sections.SectionReader.getType(SectionReader.java:165)
	at jadx.plugins.input.dex.insns.DexInsnData.getIndexAsType(DexInsnData.java:126)
	at jadx.core.dex.visitors.usage.UsageInfoVisitor.processInsn(UsageInfoVisitor.java:144)
	at jadx.core.dex.visitors.usage.UsageInfoVisitor.lambda$processInstructions$0(UsageInfoVisitor.java:130)
	at jadx.plugins.input.dex.sections.DexCodeReader.visitInstructions(DexCodeReader.java:86)
	at jadx.core.dex.visitors.usage.UsageInfoVisitor.processInstructions(UsageInfoVisitor.java:128)
	at jadx.core.dex.visitors.usage.UsageInfoVisitor.processMethod(UsageInfoVisitor.java:113)
	at jadx.core.dex.visitors.usage.UsageInfoVisitor.processClass(UsageInfoVisitor.java:101)
	at jadx.core.dex.visitors.usage.UsageInfoVisitor.buildUsageData(UsageInfoVisitor.java:81)
	at jadx.core.dex.visitors.usage.UsageInfoVisitor.init(UsageInfoVisitor.java:65)
	at jadx.core.dex.nodes.RootNode.runPreDecompileStage(RootNode.java:356)
	at jadx.api.JadxDecompiler.load(JadxDecompiler.java:136)
	at jadx.cli.JadxCLI.runSave(JadxCLI.java:71)
	at jadx.cli.JadxCLI.execute(JadxCLI.java:44)
	at jadx.cli.JadxCLI.execute(JadxCLI.java:33)
	at jadx.cli.JadxCLI.main(JadxCLI.java:26)
ERROR - Dependency scan failed at insn: 0x0015: IGET r0, r11 in method: com.shadow.kotlin.collections.EmptyList.subList(int, int):java.util.List, file: /workspace/xh/fixp_148608.dex
java.lang.IllegalArgumentException: newPosition < 0: (-1190871552 < 0)
	at java.base/java.nio.Buffer.createPositionException(Buffer.java:351)
	at java.base/java.nio.Buffer.position(Buffer.java:326)
	at java.base/java.nio.ByteBuffer.position(ByteBuffer.java:1561)
	at jadx.plugins.input.dex.sections.SectionReader.absPos(SectionReader.java:82)
	at jadx.plugins.input.dex.sections.SectionReader.getString(SectionReader.java:175)
	at jadx.plugins.input.dex.sections.SectionReader.getType(SectionReader.java:165)
	at jadx.plugins.input.dex.sections.SectionReader.fillFieldData(SectionReader.java:194)
	at jadx.plugins.input.dex.sections.SectionReader.getFieldRef(SectionReader.java:183)
	at jadx.plugins.input.dex.insns.DexInsnData.getIndexAsField(DexInsnData.java:131)
	at jadx.core.dex.visitors.usage.UsageInfoVisitor.processInsn(UsageInfoVisitor.java:150)
	at jadx.core.dex.visitors.usage.UsageInfoVisitor.lambda$processInstructions$0(UsageInfoVisitor.java:130)
	at jadx.plugins.input.dex.sections.DexCodeReader.visitInstructions(DexCodeReader.java:86)
	at jadx.core.dex.visitors.usage.UsageInfoVisitor.processInstructions(UsageInfoVisitor.java:128)
	at jadx.core.dex.visitors.usage.UsageInfoVisitor.processMethod(UsageInfoVisitor.java:113)
	at jadx.core.dex.visitors.usage.UsageInfoVisitor.processClass(UsageInfoVisitor.java:101)
	at jadx.core.dex.visitors.usage.UsageInfoVisitor.buildUsageData(UsageInfoVisitor.java:81)
	at jadx.core.dex.visitors.usage.UsageInfoVisitor.init(UsageInfoVisitor.java:65)
	at jadx.core.dex.nodes.RootNode.runPreDecompileStage(RootNode.java:356)
	at jadx.api.JadxDecompiler.load(JadxDecompiler.java:136)
	at jadx.cli.JadxCLI.runSave(JadxCLI.java:71)
	at jadx.cli.JadxCLI.execute(JadxCLI.java:44)
	at jadx.cli.JadxCLI.execute(JadxCLI.java:33)
	at jadx.cli.JadxCLI.main(JadxCLI.java:26)
ERROR - Dependency scan failed at insn: 0x001E: IGET r8, r10 in method: com.shadow.kotlin.collections.EmptyList.subList(int, int):java.util.List, file: /workspace/xh/fixp_148608.dex
java.lang.IllegalArgumentException: newPosition > limit: (1032446408 > 3323492)
	at java.base/java.nio.Buffer.createPositionException(Buffer.java:351)
	at java.base/java.nio.Buffer.position(Buffer.java:326)
	at java.base/java.nio.ByteBuffer.position(ByteBuffer.java:1561)
	at jadx.plugins.input.dex.sections.SectionReader.absPos(SectionReader.java:82)
	at jadx.plugins.input.dex.sections.SectionReader.getString(SectionReader.java:175)
	at jadx.plugins.input.dex.sections.SectionReader.fillFieldData(SectionReader.java:195)
	at jadx.plugins.input.dex.sections.SectionReader.getFieldRef(SectionReader.java:183)
	at jadx.plugins.input.dex.insns.DexInsnData.getIndexAsField(DexInsnData.java:131)
	at jadx.core.dex.visitors.usage.UsageInfoVisitor.processInsn(UsageInfoVisitor.java:150)
	at jadx.core.dex.visitors.usage.UsageInfoVisitor.lambda$processInstructions$0(UsageInfoVisitor.java:130)
	at jadx.plugins.input.dex.sections.DexCodeReader.visitInstructions(DexCodeReader.java:86)
	at jadx.core.dex.visitors.usage.UsageInfoVisitor.processInstructions(UsageInfoVisitor.java:128)
	at jadx.core.dex.visitors.usage.UsageInfoVisitor.processMethod(UsageInfoVisitor.java:113)
	at jadx.core.dex.visitors.usage.UsageInfoVisitor.processClass(UsageInfoVisitor.java:101)
	at jadx.core.dex.visitors.usage.UsageInfoVisitor.buildUsageData(UsageInfoVisitor.java:81)
	at jadx.core.dex.visitors.usage.UsageInfoVisitor.init(UsageInfoVisitor.java:65)
	at jadx.core.dex.nodes.RootNode.runPreDecompileStage(RootNode.java:356)
	at jadx.api.JadxDecompiler.load(JadxDecompiler.java:136)
	at jadx.cli.JadxCLI.runSave(JadxCLI.java:71)
	at jadx.cli.JadxCLI.execute(JadxCLI.java:44)
	at jadx.cli.JadxCLI.execute(JadxCLI.java:33)
	at jadx.cli.JadxCLI.main(JadxCLI.java:26)
ERROR - Dependency scan failed in method: com.shadow.kotlin.collections.EmptyList.toArray(T[]):T[], file: /workspace/xh/fixp_148608.dex
java.lang.ArrayIndexOutOfBoundsException: Index 5 out of bounds for length 5
	at jadx.plugins.input.dex.insns.DexInsnData.toString(DexInsnData.java:251)
	at java.base/java.lang.String.valueOf(String.java:4530)
	at jadx.core.dex.visitors.usage.UsageInfoVisitor.lambda$processInstructions$0(UsageInfoVisitor.java:132)
	at jadx.plugins.input.dex.sections.DexCodeReader.visitInstructions(DexCodeReader.java:86)
	at jadx.core.dex.visitors.usage.UsageInfoVisitor.processInstructions(UsageInfoVisitor.java:128)
	at jadx.core.dex.visitors.usage.UsageInfoVisitor.processMethod(UsageInfoVisitor.java:113)
	at jadx.core.dex.visitors.usage.UsageInfoVisitor.processClass(UsageInfoVisitor.java:101)
	at jadx.core.dex.visitors.usage.UsageInfoVisitor.buildUsageData(UsageInfoVisitor.java:81)
	at jadx.core.dex.visitors.usage.UsageInfoVisitor.init(UsageInfoVisitor.java:65)
	at jadx.core.dex.nodes.RootNode.runPreDecompileStage(RootNode.java:356)
	at jadx.api.JadxDecompiler.load(JadxDecompiler.java:136)
	at jadx.cli.JadxCLI.runSave(JadxCLI.java:71)
	at jadx.cli.JadxCLI.execute(JadxCLI.java:44)
	at jadx.cli.JadxCLI.execute(JadxCLI.java:33)
	at jadx.cli.JadxCLI.main(JadxCLI.java:26)
ERROR - Dependency scan failed at insn: 0x0001: SPUT r140 in method: com.shadow.kotlin.collections.EmptyList.toString():java.lang.String, file: /workspace/xh/fixp_148608.dex
java.lang.IllegalArgumentException: newPosition < 0: (-1187962332 < 0)
	at java.base/java.nio.Buffer.createPositionException(Buffer.java:351)
	at java.base/java.nio.Buffer.position(Buffer.java:326)
	at java.base/java.nio.ByteBuffer.position(ByteBuffer.java:1561)
	at jadx.plugins.input.dex.sections.SectionReader.absPos(SectionReader.java:82)
	at jadx.plugins.input.dex.sections.SectionReader.getString(SectionReader.java:175)
	at jadx.plugins.input.dex.sections.SectionReader.fillFieldData(SectionReader.java:195)
	at jadx.plugins.input.dex.sections.SectionReader.getFieldRef(SectionReader.java:183)
	at jadx.plugins.input.dex.insns.DexInsnData.getIndexAsField(DexInsnData.java:131)
	at jadx.core.dex.visitors.usage.UsageInfoVisitor.processInsn(UsageInfoVisitor.java:150)
	at jadx.core.dex.visitors.usage.UsageInfoVisitor.lambda$processInstructions$0(UsageInfoVisitor.java:130)
	at jadx.plugins.input.dex.sections.DexCodeReader.visitInstructions(DexCodeReader.java:86)
	at jadx.core.dex.visitors.usage.UsageInfoVisitor.processInstructions(UsageInfoVisitor.java:128)
	at jadx.core.dex.visitors.usage.UsageInfoVisitor.processMethod(UsageInfoVisitor.java:113)
	at jadx.core.dex.visitors.usage.UsageInfoVisitor.processClass(UsageInfoVisitor.java:101)
	at jadx.core.dex.visitors.usage.UsageInfoVisitor.buildUsageData(UsageInfoVisitor.java:81)
	at jadx.core.dex.visitors.usage.UsageInfoVisitor.init(UsageInfoVisitor.java:65)
	at jadx.core.dex.nodes.RootNode.runPreDecompileStage(RootNode.java:356)
	at jadx.api.JadxDecompiler.load(JadxDecompiler.java:136)
	at jadx.cli.JadxCLI.runSave(JadxCLI.java:71)
	at jadx.cli.JadxCLI.execute(JadxCLI.java:44)
	at jadx.cli.JadxCLI.execute(JadxCLI.java:33)
	at jadx.cli.JadxCLI.main(JadxCLI.java:26)
ERROR - Dependency scan failed at insn: 0x0001: IPUT r11, r11 in method: com.shadow.kotlin.collections.EmptyMap.<clinit>():void, file: /workspace/xh/fixp_148608.dex
java.lang.IllegalArgumentException: newPosition < 0: (-1245868640 < 0)
	at java.base/java.nio.Buffer.createPositionException(Buffer.java:351)
	at java.base/java.nio.Buffer.position(Buffer.java:326)
	at java.base/java.nio.ByteBuffer.position(ByteBuffer.java:1561)
	at jadx.plugins.input.dex.sections.SectionReader.absPos(SectionReader.java:82)
	at jadx.plugins.input.dex.sections.SectionReader.getString(SectionReader.java:175)
	at jadx.plugins.input.dex.sections.SectionReader.getType(SectionReader.java:165)
	at jadx.plugins.input.dex.sections.SectionReader.fillFieldData(SectionReader.java:194)
	at jadx.plugins.input.dex.sections.SectionReader.getFieldRef(SectionReader.java:183)
	at jadx.plugins.input.dex.insns.DexInsnData.getIndexAsField(DexInsnData.java:131)
	at jadx.core.dex.visitors.usage.UsageInfoVisitor.processInsn(UsageInfoVisitor.java:150)
	at jadx.core.dex.visitors.usage.UsageInfoVisitor.lambda$processInstructions$0(UsageInfoVisitor.java:130)
	at jadx.plugins.input.dex.sections.DexCodeReader.visitInstructions(DexCodeReader.java:86)
	at jadx.core.dex.visitors.usage.UsageInfoVisitor.processInstructions(UsageInfoVisitor.java:128)
	at jadx.core.dex.visitors.usage.UsageInfoVisitor.processMethod(UsageInfoVisitor.java:113)
	at jadx.core.dex.visitors.usage.UsageInfoVisitor.processClass(UsageInfoVisitor.java:101)
	at jadx.core.dex.visitors.usage.UsageInfoVisitor.buildUsageData(UsageInfoVisitor.java:81)
	at jadx.core.dex.visitors.usage.UsageInfoVisitor.init(UsageInfoVisitor.java:65)
	at jadx.core.dex.nodes.RootNode.runPreDecompileStage(RootNode.java:356)
	at jadx.api.JadxDecompiler.load(JadxDecompiler.java:136)
	at jadx.cli.JadxCLI.runSave(JadxCLI.java:71)
	at jadx.cli.JadxCLI.execute(JadxCLI.java:44)
	at jadx.cli.JadxCLI.execute(JadxCLI.java:33)
	at jadx.cli.JadxCLI.main(JadxCLI.java:26)
ERROR - Dependency scan failed at insn: 0x0003: INVOKE_VIRTUAL_RANGE r58549, r58550, r58551, r58552, r58553, r58554, r58555, r58556, r58557, r58558, r58559, r58560, r58561, r58562, r58563, r58564, r58565, r58566, r58567, r58568, r58569, r58570, r58571, r58572, r58573, r58574, r58575, r58576, r58577, r58578, r58579, r58580, r58581, r58582, r58583, r58584, r58585, r58586, r58587, r58588, r58589, r58590, r58591, r58592, r58593, r58594, r58595, r58596, r58597, r58598, r58599, r58600, r58601, r58602, r58603, r58604, r58605, r58606, r58607, r58608, r58609, r58610, r58611, r58612, r58613, r58614, r58615, r58616, r58617, r58618, r58619, r58620, r58621, r58622, r58623, r58624, r58625, r58626, r58627, r58628, r58629, r58630, r58631, r58632, r58633, r58634, r58635, r58636, r58637, r58638, r58639, r58640, r58641, r58642, r58643, r58644, r58645, r58646, r58647, r58648, r58649, r58650, r58651, r58652, r58653, r58654, r58655, r58656, r58657, r58658, r58659, r58660, r58661, r58662, r58663, r58664, r58665, r58666, r58667, r58668, r58669, r58670, r58671, r58672, r58673, r58674, r58675, r58676, r58677, r58678, r58679, r58680, r58681, r58682, r58683, r58684, r58685, r58686, r58687, r58688, r58689, r58690, r58691, r58692, r58693, r58694, r58695, r58696, r58697, r58698, r58699, r58700, r58701, r58702, r58703, r58704, r58705, r58706 in method: com.shadow.kotlin.collections.EmptyMap.<clinit>():void, file: /workspace/xh/fixp_148608.dex
java.lang.IllegalArgumentException: newPosition < 0: (-1579441701 < 0)
	at java.base/java.nio.Buffer.createPositionException(Buffer.java:351)
	at java.base/java.nio.Buffer.position(Buffer.java:326)
	at java.base/java.nio.ByteBuffer.position(ByteBuffer.java:1561)
	at jadx.plugins.input.dex.sections.SectionReader.absPos(SectionReader.java:82)
	at jadx.plugins.input.dex.sections.SectionReader.readTypeListAt(SectionReader.java:141)
	at jadx.plugins.input.dex.sections.SectionReader.loadMethodRef(SectionReader.java:269)
	at jadx.plugins.input.dex.sections.DexMethodRef.load(DexMethodRef.java:28)
	at jadx.core.dex.info.MethodInfo.fromRef(MethodInfo.java:47)
	at jadx.core.dex.visitors.usage.UsageInfoVisitor.processInsn(UsageInfoVisitor.java:165)
	at jadx.core.dex.visitors.usage.UsageInfoVisitor.lambda$processInstructions$0(UsageInfoVisitor.java:130)
	at jadx.plugins.input.dex.sections.DexCodeReader.visitInstructions(DexCodeReader.java:86)
	at jadx.core.dex.visitors.usage.UsageInfoVisitor.processInstructions(UsageInfoVisitor.java:128)
	at jadx.core.dex.visitors.usage.UsageInfoVisitor.processMethod(UsageInfoVisitor.java:113)
	at jadx.core.dex.visitors.usage.UsageInfoVisitor.processClass(UsageInfoVisitor.java:101)
	at jadx.core.dex.visitors.usage.UsageInfoVisitor.buildUsageData(UsageInfoVisitor.java:81)
	at jadx.core.dex.visitors.usage.UsageInfoVisitor.init(UsageInfoVisitor.java:65)
	at jadx.core.dex.nodes.RootNode.runPreDecompileStage(RootNode.java:356)
	at jadx.api.JadxDecompiler.load(JadxDecompiler.java:136)
	at jadx.cli.JadxCLI.runSave(JadxCLI.java:71)
	at jadx.cli.JadxCLI.execute(JadxCLI.java:44)
	at jadx.cli.JadxCLI.execute(JadxCLI.java:33)
	at jadx.cli.JadxCLI.main(JadxCLI.java:26)
ERROR - Dependency scan failed in method: com.shadow.kotlin.collections.EmptyMap.IBOhJDN():void, file: /workspace/xh/fixp_148608.dex
java.lang.ArrayIndexOutOfBoundsException: Index 5 out of bounds for length 5
	at jadx.plugins.input.dex.insns.DexInsnData.toString(DexInsnData.java:251)
	at java.base/java.lang.String.valueOf(String.java:4530)
	at jadx.core.dex.visitors.usage.UsageInfoVisitor.lambda$processInstructions$0(UsageInfoVisitor.java:132)
	at jadx.plugins.input.dex.sections.DexCodeReader.visitInstructions(DexCodeReader.java:86)
	at jadx.core.dex.visitors.usage.UsageInfoVisitor.processInstructions(UsageInfoVisitor.java:128)
	at jadx.core.dex.visitors.usage.UsageInfoVisitor.processMethod(UsageInfoVisitor.java:113)
	at jadx.core.dex.visitors.usage.UsageInfoVisitor.processClass(UsageInfoVisitor.java:101)
	at jadx.core.dex.visitors.usage.UsageInfoVisitor.buildUsageData(UsageInfoVisitor.java:81)
	at jadx.core.dex.visitors.usage.UsageInfoVisitor.init(UsageInfoVisitor.java:65)
	at jadx.core.dex.nodes.RootNode.runPreDecompileStage(RootNode.java:356)
	at jadx.api.JadxDecompiler.load(JadxDecompiler.java:136)
	at jadx.cli.JadxCLI.runSave(JadxCLI.java:71)
	at jadx.cli.JadxCLI.execute(JadxCLI.java:44)
	at jadx.cli.JadxCLI.execute(JadxCLI.java:33)
	at jadx.cli.JadxCLI.main(JadxCLI.java:26)
ERROR - Dependency scan failed at insn: 0x0000: SGET r21 in method: com.shadow.kotlin.collections.EmptyMap.readResolve():java.lang.Object, file: /workspace/xh/fixp_148608.dex
java.lang.IllegalArgumentException: newPosition < 0: (-1782989400 < 0)
	at java.base/java.nio.Buffer.createPositionException(Buffer.java:351)
	at java.base/java.nio.Buffer.position(Buffer.java:326)
	at java.base/java.nio.ByteBuffer.position(ByteBuffer.java:1561)
	at jadx.plugins.input.dex.sections.SectionReader.absPos(SectionReader.java:82)
	at jadx.plugins.input.dex.sections.SectionReader.getString(SectionReader.java:175)
	at jadx.plugins.input.dex.sections.SectionReader.getType(SectionReader.java:165)
	at jadx.plugins.input.dex.sections.SectionReader.fillFieldData(SectionReader.java:194)
	at jadx.plugins.input.dex.sections.SectionReader.getFieldRef(SectionReader.java:183)
	at jadx.plugins.input.dex.insns.DexInsnData.getIndexAsField(DexInsnData.java:131)
	at jadx.core.dex.visitors.usage.UsageInfoVisitor.processInsn(UsageInfoVisitor.java:150)
	at jadx.core.dex.visitors.usage.UsageInfoVisitor.lambda$processInstructions$0(UsageInfoVisitor.java:130)
	at jadx.plugins.input.dex.sections.DexCodeReader.visitInstructions(DexCodeReader.java:86)
	at jadx.core.dex.visitors.usage.UsageInfoVisitor.processInstructions(UsageInfoVisitor.java:128)
	at jadx.core.dex.visitors.usage.UsageInfoVisitor.processMethod(UsageInfoVisitor.java:113)
	at jadx.core.dex.visitors.usage.UsageInfoVisitor.processClass(UsageInfoVisitor.java:101)
	at jadx.core.dex.visitors.usage.UsageInfoVisitor.buildUsageData(UsageInfoVisitor.java:81)
	at jadx.core.dex.visitors.usage.UsageInfoVisitor.init(UsageInfoVisitor.java:65)
	at jadx.core.dex.nodes.RootNode.runPreDecompileStage(RootNode.java:356)
	at jadx.api.JadxDecompiler.load(JadxDecompiler.java:136)
	at jadx.cli.JadxCLI.runSave(JadxCLI.java:71)
	at jadx.cli.JadxCLI.execute(JadxCLI.java:44)
	at jadx.cli.JadxCLI.execute(JadxCLI.java:33)
	at jadx.cli.JadxCLI.main(JadxCLI.java:26)
ERROR - Dependency scan failed at insn: 0x0005: INVOKE_SUPER r13, r4 in method: com.shadow.kotlin.collections.EmptyMap.containsValue(java.lang.Object):boolean, file: /workspace/xh/fixp_148608.dex
java.lang.IllegalArgumentException: newPosition > limit: (1869182049 > 3323492)
	at java.base/java.nio.Buffer.createPositionException(Buffer.java:351)
	at java.base/java.nio.Buffer.position(Buffer.java:326)
	at java.base/java.nio.ByteBuffer.position(ByteBuffer.java:1561)
	at jadx.plugins.input.dex.sections.SectionReader.absPos(SectionReader.java:82)
	at jadx.plugins.input.dex.sections.SectionReader.readTypeListAt(SectionReader.java:141)
	at jadx.plugins.input.dex.sections.SectionReader.loadMethodRef(SectionReader.java:269)
	at jadx.plugins.input.dex.sections.DexMethodRef.load(DexMethodRef.java:28)
	at jadx.core.dex.info.MethodInfo.fromRef(MethodInfo.java:47)
	at jadx.core.dex.visitors.usage.UsageInfoVisitor.processInsn(UsageInfoVisitor.java:165)
	at jadx.core.dex.visitors.usage.UsageInfoVisitor.lambda$processInstructions$0(UsageInfoVisitor.java:130)
	at jadx.plugins.input.dex.sections.DexCodeReader.visitInstructions(DexCodeReader.java:86)
	at jadx.core.dex.visitors.usage.UsageInfoVisitor.processInstructions(UsageInfoVisitor.java:128)
	at jadx.core.dex.visitors.usage.UsageInfoVisitor.processMethod(UsageInfoVisitor.java:113)
	at jadx.core.dex.visitors.usage.UsageInfoVisitor.processClass(UsageInfoVisitor.java:101)
	at jadx.core.dex.visitors.usage.UsageInfoVisitor.buildUsageData(UsageInfoVisitor.java:81)
	at jadx.core.dex.visitors.usage.UsageInfoVisitor.init(UsageInfoVisitor.java:65)
	at jadx.core.dex.nodes.RootNode.runPreDecompileStage(RootNode.java:356)
	at jadx.api.JadxDecompiler.load(JadxDecompiler.java:136)
	at jadx.cli.JadxCLI.runSave(JadxCLI.java:71)
	at jadx.cli.JadxCLI.execute(JadxCLI.java:44)
	at jadx.cli.JadxCLI.execute(JadxCLI.java:33)
	at jadx.cli.JadxCLI.main(JadxCLI.java:26)
ERROR - Dependency scan failed at insn: 0x0007: IPUT r4, r0 in method: com.shadow.kotlin.collections.EmptyMap.equals(java.lang.Object):boolean, file: /workspace/xh/fixp_148608.dex
java.lang.IllegalArgumentException: newPosition < 0: (-1128407508 < 0)
	at java.base/java.nio.Buffer.createPositionException(Buffer.java:351)
	at java.base/java.nio.Buffer.position(Buffer.java:326)
	at java.base/java.nio.ByteBuffer.position(ByteBuffer.java:1561)
	at jadx.plugins.input.dex.sections.SectionReader.absPos(SectionReader.java:82)
	at jadx.plugins.input.dex.sections.SectionReader.getString(SectionReader.java:175)
	at jadx.plugins.input.dex.sections.SectionReader.fillFieldData(SectionReader.java:195)
	at jadx.plugins.input.dex.sections.SectionReader.getFieldRef(SectionReader.java:183)
	at jadx.plugins.input.dex.insns.DexInsnData.getIndexAsField(DexInsnData.java:131)
	at jadx.core.dex.visitors.usage.UsageInfoVisitor.processInsn(UsageInfoVisitor.java:150)
	at jadx.core.dex.visitors.usage.UsageInfoVisitor.lambda$processInstructions$0(UsageInfoVisitor.java:130)
	at jadx.plugins.input.dex.sections.DexCodeReader.visitInstructions(DexCodeReader.java:86)
	at jadx.core.dex.visitors.usage.UsageInfoVisitor.processInstructions(UsageInfoVisitor.java:128)
	at jadx.core.dex.visitors.usage.UsageInfoVisitor.processMethod(UsageInfoVisitor.java:113)
	at jadx.core.dex.visitors.usage.UsageInfoVisitor.processClass(UsageInfoVisitor.java:101)
	at jadx.core.dex.visitors.usage.UsageInfoVisitor.buildUsageData(UsageInfoVisitor.java:81)
	at jadx.core.dex.visitors.usage.UsageInfoVisitor.init(UsageInfoVisitor.java:65)
	at jadx.core.dex.nodes.RootNode.runPreDecompileStage(RootNode.java:356)
	at jadx.api.JadxDecompiler.load(JadxDecompiler.java:136)
	at jadx.cli.JadxCLI.runSave(JadxCLI.java:71)
	at jadx.cli.JadxCLI.execute(JadxCLI.java:44)
	at jadx.cli.JadxCLI.execute(JadxCLI.java:33)
	at jadx.cli.JadxCLI.main(JadxCLI.java:26)
ERROR - Dependency scan failed at insn: 0x0002: IPUT r4, r2 in method: com.shadow.kotlin.collections.EmptyMap.keySet():java.util.Set<java.lang.Object>, file: /workspace/xh/fixp_148608.dex
java.lang.IllegalArgumentException: newPosition < 0: (-917927416 < 0)
	at java.base/java.nio.Buffer.createPositionException(Buffer.java:351)
	at java.base/java.nio.Buffer.position(Buffer.java:326)
	at java.base/java.nio.ByteBuffer.position(ByteBuffer.java:1561)
	at jadx.plugins.input.dex.sections.SectionReader.absPos(SectionReader.java:82)
	at jadx.plugins.input.dex.sections.SectionReader.getString(SectionReader.java:175)
	at jadx.plugins.input.dex.sections.SectionReader.getType(SectionReader.java:165)
	at jadx.plugins.input.dex.sections.SectionReader.fillFieldData(SectionReader.java:194)
	at jadx.plugins.input.dex.sections.SectionReader.getFieldRef(SectionReader.java:183)
	at jadx.plugins.input.dex.insns.DexInsnData.getIndexAsField(DexInsnData.java:131)
	at jadx.core.dex.visitors.usage.UsageInfoVisitor.processInsn(UsageInfoVisitor.java:150)
	at jadx.core.dex.visitors.usage.UsageInfoVisitor.lambda$processInstructions$0(UsageInfoVisitor.java:130)
	at jadx.plugins.input.dex.sections.DexCodeReader.visitInstructions(DexCodeReader.java:86)
	at jadx.core.dex.visitors.usage.UsageInfoVisitor.processInstructions(UsageInfoVisitor.java:128)
	at jadx.core.dex.visitors.usage.UsageInfoVisitor.processMethod(UsageInfoVisitor.java:113)
	at jadx.core.dex.visitors.usage.UsageInfoVisitor.processClass(UsageInfoVisitor.java:101)
	at jadx.core.dex.visitors.usage.UsageInfoVisitor.buildUsageData(UsageInfoVisitor.java:81)
	at jadx.core.dex.visitors.usage.UsageInfoVisitor.init(UsageInfoVisitor.java:65)
	at jadx.core.dex.nodes.RootNode.runPreDecompileStage(RootNode.java:356)
	at jadx.api.JadxDecompiler.load(JadxDecompiler.java:136)
	at jadx.cli.JadxCLI.runSave(JadxCLI.java:71)
	at jadx.cli.JadxCLI.execute(JadxCLI.java:44)
	at jadx.cli.JadxCLI.execute(JadxCLI.java:33)
	at jadx.cli.JadxCLI.main(JadxCLI.java:26)
ERROR - Dependency scan failed at insn: 0x0006: SGET r135 in method: com.shadow.kotlin.collections.EmptyMap.put(java.lang.Object, java.lang.Void):java.lang.Void, file: /workspace/xh/fixp_148608.dex
java.lang.IllegalArgumentException: newPosition < 0: (-1177278352 < 0)
	at java.base/java.nio.Buffer.createPositionException(Buffer.java:351)
	at java.base/java.nio.Buffer.position(Buffer.java:326)
	at java.base/java.nio.ByteBuffer.position(ByteBuffer.java:1561)
	at jadx.plugins.input.dex.sections.SectionReader.absPos(SectionReader.java:82)
	at jadx.plugins.input.dex.sections.SectionReader.getString(SectionReader.java:175)
	at jadx.plugins.input.dex.sections.SectionReader.fillFieldData(SectionReader.java:195)
	at jadx.plugins.input.dex.sections.SectionReader.getFieldRef(SectionReader.java:183)
	at jadx.plugins.input.dex.insns.DexInsnData.getIndexAsField(DexInsnData.java:131)
	at jadx.core.dex.visitors.usage.UsageInfoVisitor.processInsn(UsageInfoVisitor.java:150)
	at jadx.core.dex.visitors.usage.UsageInfoVisitor.lambda$processInstructions$0(UsageInfoVisitor.java:130)
	at jadx.plugins.input.dex.sections.DexCodeReader.visitInstructions(DexCodeReader.java:86)
	at jadx.core.dex.visitors.usage.UsageInfoVisitor.processInstructions(UsageInfoVisitor.java:128)
	at jadx.core.dex.visitors.usage.UsageInfoVisitor.processMethod(UsageInfoVisitor.java:113)
	at jadx.core.dex.visitors.usage.UsageInfoVisitor.processClass(UsageInfoVisitor.java:101)
	at jadx.core.dex.visitors.usage.UsageInfoVisitor.buildUsageData(UsageInfoVisitor.java:81)
	at jadx.core.dex.visitors.usage.UsageInfoVisitor.init(UsageInfoVisitor.java:65)
	at jadx.core.dex.nodes.RootNode.runPreDecompileStage(RootNode.java:356)
	at jadx.api.JadxDecompiler.load(JadxDecompiler.java:136)
	at jadx.cli.JadxCLI.runSave(JadxCLI.java:71)
	at jadx.cli.JadxCLI.execute(JadxCLI.java:44)
	at jadx.cli.JadxCLI.execute(JadxCLI.java:33)
	at jadx.cli.JadxCLI.main(JadxCLI.java:26)
ERROR - Dependency scan failed at insn: 0x0001: CONST_CLASS r253 in method: com.shadow.kotlin.collections.EmptyMap.putAll(java.util.Map):void, file: /workspace/xh/fixp_148608.dex
java.lang.IllegalArgumentException: newPosition < 0: (-1517175388 < 0)
	at java.base/java.nio.Buffer.createPositionException(Buffer.java:351)
	at java.base/java.nio.Buffer.position(Buffer.java:326)
	at java.base/java.nio.ByteBuffer.position(ByteBuffer.java:1561)
	at jadx.plugins.input.dex.sections.SectionReader.absPos(SectionReader.java:82)
	at jadx.plugins.input.dex.sections.SectionReader.getString(SectionReader.java:175)
	at jadx.plugins.input.dex.sections.SectionReader.getType(SectionReader.java:165)
	at jadx.plugins.input.dex.insns.DexInsnData.getIndexAsType(DexInsnData.java:126)
	at jadx.core.dex.visitors.usage.UsageInfoVisitor.processInsn(UsageInfoVisitor.java:144)
	at jadx.core.dex.visitors.usage.UsageInfoVisitor.lambda$processInstructions$0(UsageInfoVisitor.java:130)
	at jadx.plugins.input.dex.sections.DexCodeReader.visitInstructions(DexCodeReader.java:86)
	at jadx.core.dex.visitors.usage.UsageInfoVisitor.processInstructions(UsageInfoVisitor.java:128)
	at jadx.core.dex.visitors.usage.UsageInfoVisitor.processMethod(UsageInfoVisitor.java:113)
	at jadx.core.dex.visitors.usage.UsageInfoVisitor.processClass(UsageInfoVisitor.java:101)
	at jadx.core.dex.visitors.usage.UsageInfoVisitor.buildUsageData(UsageInfoVisitor.java:81)
	at jadx.core.dex.visitors.usage.UsageInfoVisitor.init(UsageInfoVisitor.java:65)
	at jadx.core.dex.nodes.RootNode.runPreDecompileStage(RootNode.java:356)
	at jadx.api.JadxDecompiler.load(JadxDecompiler.java:136)
	at jadx.cli.JadxCLI.runSave(JadxCLI.java:71)
	at jadx.cli.JadxCLI.execute(JadxCLI.java:44)
	at jadx.cli.JadxCLI.execute(JadxCLI.java:33)
	at jadx.cli.JadxCLI.main(JadxCLI.java:26)
ERROR - Dependency scan failed at insn: 0x0000: SGET r206 in method: com.shadow.kotlin.collections.EmptyMap.remove(java.lang.Object):java.lang.Object, file: /workspace/xh/fixp_148608.dex
java.lang.IllegalArgumentException: newPosition < 0: (-170053048 < 0)
	at java.base/java.nio.Buffer.createPositionException(Buffer.java:351)
	at java.base/java.nio.Buffer.position(Buffer.java:326)
	at java.base/java.nio.ByteBuffer.position(ByteBuffer.java:1561)
	at jadx.plugins.input.dex.sections.SectionReader.absPos(SectionReader.java:82)
	at jadx.plugins.input.dex.sections.SectionReader.getString(SectionReader.java:175)
	at jadx.plugins.input.dex.sections.SectionReader.fillFieldData(SectionReader.java:195)
	at jadx.plugins.input.dex.sections.SectionReader.getFieldRef(SectionReader.java:183)
	at jadx.plugins.input.dex.insns.DexInsnData.getIndexAsField(DexInsnData.java:131)
	at jadx.core.dex.visitors.usage.UsageInfoVisitor.processInsn(UsageInfoVisitor.java:150)
	at jadx.core.dex.visitors.usage.UsageInfoVisitor.lambda$processInstructions$0(UsageInfoVisitor.java:130)
	at jadx.plugins.input.dex.sections.DexCodeReader.visitInstructions(DexCodeReader.java:86)
	at jadx.core.dex.visitors.usage.UsageInfoVisitor.processInstructions(UsageInfoVisitor.java:128)
	at jadx.core.dex.visitors.usage.UsageInfoVisitor.processMethod(UsageInfoVisitor.java:113)
	at jadx.core.dex.visitors.usage.UsageInfoVisitor.processClass(UsageInfoVisitor.java:101)
	at jadx.core.dex.visitors.usage.UsageInfoVisitor.buildUsageData(UsageInfoVisitor.java:81)
	at jadx.core.dex.visitors.usage.UsageInfoVisitor.init(UsageInfoVisitor.java:65)
	at jadx.core.dex.nodes.RootNode.runPreDecompileStage(RootNode.java:356)
	at jadx.api.JadxDecompiler.load(JadxDecompiler.java:136)
	at jadx.cli.JadxCLI.runSave(JadxCLI.java:71)
	at jadx.cli.JadxCLI.execute(JadxCLI.java:44)
	at jadx.cli.JadxCLI.execute(JadxCLI.java:33)
	at jadx.cli.JadxCLI.main(JadxCLI.java:26)
ERROR - Dependency scan failed at insn: 0x0003: SPUT r219 in method: com.shadow.kotlin.collections.EmptyMap.remove(java.lang.Object):java.lang.Object, file: /workspace/xh/fixp_148608.dex
java.lang.IllegalArgumentException: newPosition < 0: (-1516918336 < 0)
	at java.base/java.nio.Buffer.createPositionException(Buffer.java:351)
	at java.base/java.nio.Buffer.position(Buffer.java:326)
	at java.base/java.nio.ByteBuffer.position(ByteBuffer.java:1561)
	at jadx.plugins.input.dex.sections.SectionReader.absPos(SectionReader.java:82)
	at jadx.plugins.input.dex.sections.SectionReader.getString(SectionReader.java:175)
	at jadx.plugins.input.dex.sections.SectionReader.getType(SectionReader.java:165)
	at jadx.plugins.input.dex.sections.SectionReader.fillFieldData(SectionReader.java:194)
	at jadx.plugins.input.dex.sections.SectionReader.getFieldRef(SectionReader.java:183)
	at jadx.plugins.input.dex.insns.DexInsnData.getIndexAsField(DexInsnData.java:131)
	at jadx.core.dex.visitors.usage.UsageInfoVisitor.processInsn(UsageInfoVisitor.java:150)
	at jadx.core.dex.visitors.usage.UsageInfoVisitor.lambda$processInstructions$0(UsageInfoVisitor.java:130)
	at jadx.plugins.input.dex.sections.DexCodeReader.visitInstructions(DexCodeReader.java:86)
	at jadx.core.dex.visitors.usage.UsageInfoVisitor.processInstructions(UsageInfoVisitor.java:128)
	at jadx.core.dex.visitors.usage.UsageInfoVisitor.processMethod(UsageInfoVisitor.java:113)
	at jadx.core.dex.visitors.usage.UsageInfoVisitor.processClass(UsageInfoVisitor.java:101)
	at jadx.core.dex.visitors.usage.UsageInfoVisitor.buildUsageData(UsageInfoVisitor.java:81)
	at jadx.core.dex.visitors.usage.UsageInfoVisitor.init(UsageInfoVisitor.java:65)
	at jadx.core.dex.nodes.RootNode.runPreDecompileStage(RootNode.java:356)
	at jadx.api.JadxDecompiler.load(JadxDecompiler.java:136)
	at jadx.cli.JadxCLI.runSave(JadxCLI.java:71)
	at jadx.cli.JadxCLI.execute(JadxCLI.java:44)
	at jadx.cli.JadxCLI.execute(JadxCLI.java:33)
	at jadx.cli.JadxCLI.main(JadxCLI.java:26)
ERROR - Dependency scan failed at insn: 0x0001: IGET r14, r11 in method: com.shadow.kotlin.collections.EmptyMap.size():int, file: /workspace/xh/fixp_148608.dex
java.lang.IllegalArgumentException: newPosition > limit: (8779632 > 3323492)
	at java.base/java.nio.Buffer.createPositionException(Buffer.java:351)
	at java.base/java.nio.Buffer.position(Buffer.java:326)
	at java.base/java.nio.ByteBuffer.position(ByteBuffer.java:1561)
	at jadx.plugins.input.dex.sections.SectionReader.absPos(SectionReader.java:82)
	at jadx.plugins.input.dex.sections.SectionReader.getString(SectionReader.java:175)
	at jadx.plugins.input.dex.sections.SectionReader.getType(SectionReader.java:165)
	at jadx.plugins.input.dex.sections.SectionReader.fillFieldData(SectionReader.java:194)
	at jadx.plugins.input.dex.sections.SectionReader.getFieldRef(SectionReader.java:183)
	at jadx.plugins.input.dex.insns.DexInsnData.getIndexAsField(DexInsnData.java:131)
	at jadx.core.dex.visitors.usage.UsageInfoVisitor.processInsn(UsageInfoVisitor.java:150)
	at jadx.core.dex.visitors.usage.UsageInfoVisitor.lambda$processInstructions$0(UsageInfoVisitor.java:130)
	at jadx.plugins.input.dex.sections.DexCodeReader.visitInstructions(DexCodeReader.java:86)
	at jadx.core.dex.visitors.usage.UsageInfoVisitor.processInstructions(UsageInfoVisitor.java:128)
	at jadx.core.dex.visitors.usage.UsageInfoVisitor.processMethod(UsageInfoVisitor.java:113)
	at jadx.core.dex.visitors.usage.UsageInfoVisitor.processClass(UsageInfoVisitor.java:101)
	at jadx.core.dex.visitors.usage.UsageInfoVisitor.buildUsageData(UsageInfoVisitor.java:81)
	at jadx.core.dex.visitors.usage.UsageInfoVisitor.init(UsageInfoVisitor.java:65)
	at jadx.core.dex.nodes.RootNode.runPreDecompileStage(RootNode.java:356)
	at jadx.api.JadxDecompiler.load(JadxDecompiler.java:136)
	at jadx.cli.JadxCLI.runSave(JadxCLI.java:71)
	at jadx.cli.JadxCLI.execute(JadxCLI.java:44)
	at jadx.cli.JadxCLI.execute(JadxCLI.java:33)
	at jadx.cli.JadxCLI.main(JadxCLI.java:26)
ERROR - Dependency scan failed at insn: 0x0000: IGET r6, r15 in method: com.shadow.kotlin.collections.EmptyMap.values():java.util.Collection, file: /workspace/xh/fixp_148608.dex
java.lang.IllegalArgumentException: newPosition > limit: (486542784 > 3323492)
	at java.base/java.nio.Buffer.createPositionException(Buffer.java:351)
	at java.base/java.nio.Buffer.position(Buffer.java:326)
	at java.base/java.nio.ByteBuffer.position(ByteBuffer.java:1561)
	at jadx.plugins.input.dex.sections.SectionReader.absPos(SectionReader.java:82)
	at jadx.plugins.input.dex.sections.SectionReader.getString(SectionReader.java:175)
	at jadx.plugins.input.dex.sections.SectionReader.getType(SectionReader.java:165)
	at jadx.plugins.input.dex.sections.SectionReader.fillFieldData(SectionReader.java:194)
	at jadx.plugins.input.dex.sections.SectionReader.getFieldRef(SectionReader.java:183)
	at jadx.plugins.input.dex.insns.DexInsnData.getIndexAsField(DexInsnData.java:131)
	at jadx.core.dex.visitors.usage.UsageInfoVisitor.processInsn(UsageInfoVisitor.java:150)
	at jadx.core.dex.visitors.usage.UsageInfoVisitor.lambda$processInstructions$0(UsageInfoVisitor.java:130)
	at jadx.plugins.input.dex.sections.DexCodeReader.visitInstructions(DexCodeReader.java:86)
	at jadx.core.dex.visitors.usage.UsageInfoVisitor.processInstructions(UsageInfoVisitor.java:128)
	at jadx.core.dex.visitors.usage.UsageInfoVisitor.processMethod(UsageInfoVisitor.java:113)
	at jadx.core.dex.visitors.usage.UsageInfoVisitor.processClass(UsageInfoVisitor.java:101)
	at jadx.core.dex.visitors.usage.UsageInfoVisitor.buildUsageData(UsageInfoVisitor.java:81)
	at jadx.core.dex.visitors.usage.UsageInfoVisitor.init(UsageInfoVisitor.java:65)
	at jadx.core.dex.nodes.RootNode.runPreDecompileStage(RootNode.java:356)
	at jadx.api.JadxDecompiler.load(JadxDecompiler.java:136)
	at jadx.cli.JadxCLI.runSave(JadxCLI.java:71)
	at jadx.cli.JadxCLI.execute(JadxCLI.java:44)
	at jadx.cli.JadxCLI.execute(JadxCLI.java:33)
	at jadx.cli.JadxCLI.main(JadxCLI.java:26)
ERROR - Dependency scan failed at insn: 0x0003: IGET r8, r15 in method: com.shadow.kotlin.collections.EmptySet.<clinit>():void, file: /workspace/xh/fixp_148608.dex
java.lang.IllegalArgumentException: newPosition > limit: (527173768 > 3323492)
	at java.base/java.nio.Buffer.createPositionException(Buffer.java:351)
	at java.base/java.nio.Buffer.position(Buffer.java:326)
	at java.base/java.nio.ByteBuffer.position(ByteBuffer.java:1561)
	at jadx.plugins.input.dex.sections.SectionReader.absPos(SectionReader.java:82)
	at jadx.plugins.input.dex.sections.SectionReader.getString(SectionReader.java:175)
	at jadx.plugins.input.dex.sections.SectionReader.getType(SectionReader.java:165)
	at jadx.plugins.input.dex.sections.SectionReader.fillFieldData(SectionReader.java:194)
	at jadx.plugins.input.dex.sections.SectionReader.getFieldRef(SectionReader.java:183)
	at jadx.plugins.input.dex.insns.DexInsnData.getIndexAsField(DexInsnData.java:131)
	at jadx.core.dex.visitors.usage.UsageInfoVisitor.processInsn(UsageInfoVisitor.java:150)
	at jadx.core.dex.visitors.usage.UsageInfoVisitor.lambda$processInstructions$0(UsageInfoVisitor.java:130)
	at jadx.plugins.input.dex.sections.DexCodeReader.visitInstructions(DexCodeReader.java:86)
	at jadx.core.dex.visitors.usage.UsageInfoVisitor.processInstructions(UsageInfoVisitor.java:128)
	at jadx.core.dex.visitors.usage.UsageInfoVisitor.processMethod(UsageInfoVisitor.java:113)
	at jadx.core.dex.visitors.usage.UsageInfoVisitor.processClass(UsageInfoVisitor.java:101)
	at jadx.core.dex.visitors.usage.UsageInfoVisitor.buildUsageData(UsageInfoVisitor.java:81)
	at jadx.core.dex.visitors.usage.UsageInfoVisitor.init(UsageInfoVisitor.java:65)
	at jadx.core.dex.nodes.RootNode.runPreDecompileStage(RootNode.java:356)
	at jadx.api.JadxDecompiler.load(JadxDecompiler.java:136)
	at jadx.cli.JadxCLI.runSave(JadxCLI.java:71)
	at jadx.cli.JadxCLI.execute(JadxCLI.java:44)
	at jadx.cli.JadxCLI.execute(JadxCLI.java:33)
	at jadx.cli.JadxCLI.main(JadxCLI.java:26)
ERROR - Dependency scan failed at insn: 0x0005: SGET r175 in method: com.shadow.kotlin.collections.EmptySet.GGtMn():void, file: /workspace/xh/fixp_148608.dex
java.lang.IllegalArgumentException: newPosition < 0: (-908996168 < 0)
	at java.base/java.nio.Buffer.createPositionException(Buffer.java:351)
	at java.base/java.nio.Buffer.position(Buffer.java:326)
	at java.base/java.nio.ByteBuffer.position(ByteBuffer.java:1561)
	at jadx.plugins.input.dex.sections.SectionReader.absPos(SectionReader.java:82)
	at jadx.plugins.input.dex.sections.SectionReader.getString(SectionReader.java:175)
	at jadx.plugins.input.dex.sections.SectionReader.fillFieldData(SectionReader.java:195)
	at jadx.plugins.input.dex.sections.SectionReader.getFieldRef(SectionReader.java:183)
	at jadx.plugins.input.dex.insns.DexInsnData.getIndexAsField(DexInsnData.java:131)
	at jadx.core.dex.visitors.usage.UsageInfoVisitor.processInsn(UsageInfoVisitor.java:150)
	at jadx.core.dex.visitors.usage.UsageInfoVisitor.lambda$processInstructions$0(UsageInfoVisitor.java:130)
	at jadx.plugins.input.dex.sections.DexCodeReader.visitInstructions(DexCodeReader.java:86)
	at jadx.core.dex.visitors.usage.UsageInfoVisitor.processInstructions(UsageInfoVisitor.java:128)
	at jadx.core.dex.visitors.usage.UsageInfoVisitor.processMethod(UsageInfoVisitor.java:113)
	at jadx.core.dex.visitors.usage.UsageInfoVisitor.processClass(UsageInfoVisitor.java:101)
	at jadx.core.dex.visitors.usage.UsageInfoVisitor.buildUsageData(UsageInfoVisitor.java:81)
	at jadx.core.dex.visitors.usage.UsageInfoVisitor.init(UsageInfoVisitor.java:65)
	at jadx.core.dex.nodes.RootNode.runPreDecompileStage(RootNode.java:356)
	at jadx.api.JadxDecompiler.load(JadxDecompiler.java:136)
	at jadx.cli.JadxCLI.runSave(JadxCLI.java:71)
	at jadx.cli.JadxCLI.execute(JadxCLI.java:44)
	at jadx.cli.JadxCLI.execute(JadxCLI.java:33)
	at jadx.cli.JadxCLI.main(JadxCLI.java:26)
ERROR - Dependency scan failed at insn: 0x0012: INVOKE_VIRTUAL r13, r2, r11, r1, r2 in method: com.shadow.kotlin.collections.EmptySet.GGtMn():void, file: /workspace/xh/fixp_148608.dex
java.lang.IllegalArgumentException: newPosition < 0: (-610149467 < 0)
	at java.base/java.nio.Buffer.createPositionException(Buffer.java:351)
	at java.base/java.nio.Buffer.position(Buffer.java:326)
	at java.base/java.nio.ByteBuffer.position(ByteBuffer.java:1561)
	at jadx.plugins.input.dex.sections.SectionReader.absPos(SectionReader.java:82)
	at jadx.plugins.input.dex.sections.SectionReader.readTypeListAt(SectionReader.java:141)
	at jadx.plugins.input.dex.sections.SectionReader.loadMethodRef(SectionReader.java:269)
	at jadx.plugins.input.dex.sections.DexMethodRef.load(DexMethodRef.java:28)
	at jadx.core.dex.info.MethodInfo.fromRef(MethodInfo.java:47)
	at jadx.core.dex.visitors.usage.UsageInfoVisitor.processInsn(UsageInfoVisitor.java:165)
	at jadx.core.dex.visitors.usage.UsageInfoVisitor.lambda$processInstructions$0(UsageInfoVisitor.java:130)
	at jadx.plugins.input.dex.sections.DexCodeReader.visitInstructions(DexCodeReader.java:86)
	at jadx.core.dex.visitors.usage.UsageInfoVisitor.processInstructions(UsageInfoVisitor.java:128)
	at jadx.core.dex.visitors.usage.UsageInfoVisitor.processMethod(UsageInfoVisitor.java:113)
	at jadx.core.dex.visitors.usage.UsageInfoVisitor.processClass(UsageInfoVisitor.java:101)
	at jadx.core.dex.visitors.usage.UsageInfoVisitor.buildUsageData(UsageInfoVisitor.java:81)
	at jadx.core.dex.visitors.usage.UsageInfoVisitor.init(UsageInfoVisitor.java:65)
	at jadx.core.dex.nodes.RootNode.runPreDecompileStage(RootNode.java:356)
	at jadx.api.JadxDecompiler.load(JadxDecompiler.java:136)
	at jadx.cli.JadxCLI.runSave(JadxCLI.java:71)
	at jadx.cli.JadxCLI.execute(JadxCLI.java:44)
	at jadx.cli.JadxCLI.execute(JadxCLI.java:33)
	at jadx.cli.JadxCLI.main(JadxCLI.java:26)
ERROR - Dependency scan failed at insn: 0x0015: IPUT r14, r14 in method: com.shadow.kotlin.collections.EmptySet.GGtMn():void, file: /workspace/xh/fixp_148608.dex
java.lang.IllegalArgumentException: newPosition < 0: (-987386328 < 0)
	at java.base/java.nio.Buffer.createPositionException(Buffer.java:351)
	at java.base/java.nio.Buffer.position(Buffer.java:326)
	at java.base/java.nio.ByteBuffer.position(ByteBuffer.java:1561)
	at jadx.plugins.input.dex.sections.SectionReader.absPos(SectionReader.java:82)
	at jadx.plugins.input.dex.sections.SectionReader.getString(SectionReader.java:175)
	at jadx.plugins.input.dex.sections.SectionReader.getType(SectionReader.java:165)
	at jadx.plugins.input.dex.sections.SectionReader.fillFieldData(SectionReader.java:194)
	at jadx.plugins.input.dex.sections.SectionReader.getFieldRef(SectionReader.java:183)
	at jadx.plugins.input.dex.insns.DexInsnData.getIndexAsField(DexInsnData.java:131)
	at jadx.core.dex.visitors.usage.UsageInfoVisitor.processInsn(UsageInfoVisitor.java:150)
	at jadx.core.dex.visitors.usage.UsageInfoVisitor.lambda$processInstructions$0(UsageInfoVisitor.java:130)
	at jadx.plugins.input.dex.sections.DexCodeReader.visitInstructions(DexCodeReader.java:86)
	at jadx.core.dex.visitors.usage.UsageInfoVisitor.processInstructions(UsageInfoVisitor.java:128)
	at jadx.core.dex.visitors.usage.UsageInfoVisitor.processMethod(UsageInfoVisitor.java:113)
	at jadx.core.dex.visitors.usage.UsageInfoVisitor.processClass(UsageInfoVisitor.java:101)
	at jadx.core.dex.visitors.usage.UsageInfoVisitor.buildUsageData(UsageInfoVisitor.java:81)
	at jadx.core.dex.visitors.usage.UsageInfoVisitor.init(UsageInfoVisitor.java:65)
	at jadx.core.dex.nodes.RootNode.runPreDecompileStage(RootNode.java:356)
	at jadx.api.JadxDecompiler.load(JadxDecompiler.java:136)
	at jadx.cli.JadxCLI.runSave(JadxCLI.java:71)
	at jadx.cli.JadxCLI.execute(JadxCLI.java:44)
	at jadx.cli.JadxCLI.execute(JadxCLI.java:33)
	at jadx.cli.JadxCLI.main(JadxCLI.java:26)
ERROR - Dependency scan failed at insn: 0x001F: IPUT r0, r6 in method: com.shadow.kotlin.collections.EmptySet.GGtMn():void, file: /workspace/xh/fixp_148608.dex
java.lang.IllegalArgumentException: newPosition < 0: (-777670124 < 0)
	at java.base/java.nio.Buffer.createPositionException(Buffer.java:351)
	at java.base/java.nio.Buffer.position(Buffer.java:326)
	at java.base/java.nio.ByteBuffer.position(ByteBuffer.java:1561)
	at jadx.plugins.input.dex.sections.SectionReader.absPos(SectionReader.java:82)
	at jadx.plugins.input.dex.sections.SectionReader.getString(SectionReader.java:175)
	at jadx.plugins.input.dex.sections.SectionReader.fillFieldData(SectionReader.java:195)
	at jadx.plugins.input.dex.sections.SectionReader.getFieldRef(SectionReader.java:183)
	at jadx.plugins.input.dex.insns.DexInsnData.getIndexAsField(DexInsnData.java:131)
	at jadx.core.dex.visitors.usage.UsageInfoVisitor.processInsn(UsageInfoVisitor.java:150)
	at jadx.core.dex.visitors.usage.UsageInfoVisitor.lambda$processInstructions$0(UsageInfoVisitor.java:130)
	at jadx.plugins.input.dex.sections.DexCodeReader.visitInstructions(DexCodeReader.java:86)
	at jadx.core.dex.visitors.usage.UsageInfoVisitor.processInstructions(UsageInfoVisitor.java:128)
	at jadx.core.dex.visitors.usage.UsageInfoVisitor.processMethod(UsageInfoVisitor.java:113)
	at jadx.core.dex.visitors.usage.UsageInfoVisitor.processClass(UsageInfoVisitor.java:101)
	at jadx.core.dex.visitors.usage.UsageInfoVisitor.buildUsageData(UsageInfoVisitor.java:81)
	at jadx.core.dex.visitors.usage.UsageInfoVisitor.init(UsageInfoVisitor.java:65)
	at jadx.core.dex.nodes.RootNode.runPreDecompileStage(RootNode.java:356)
	at jadx.api.JadxDecompiler.load(JadxDecompiler.java:136)
	at jadx.cli.JadxCLI.runSave(JadxCLI.java:71)
	at jadx.cli.JadxCLI.execute(JadxCLI.java:44)
	at jadx.cli.JadxCLI.execute(JadxCLI.java:33)
	at jadx.cli.JadxCLI.main(JadxCLI.java:26)
ERROR - Dependency scan failed at insn: 0x0026: IPUT r0, r10 in method: com.shadow.kotlin.collections.EmptySet.GGtMn():void, file: /workspace/xh/fixp_148608.dex
java.lang.ArrayIndexOutOfBoundsException: Index 0 out of bounds for length 0
	at jadx.plugins.input.dex.utils.MUtf8.decode(MUtf8.java:17)
	at jadx.plugins.input.dex.sections.SectionReader.getString(SectionReader.java:178)
	at jadx.plugins.input.dex.sections.SectionReader.getType(SectionReader.java:165)
	at jadx.plugins.input.dex.sections.SectionReader.fillFieldData(SectionReader.java:194)
	at jadx.plugins.input.dex.sections.SectionReader.getFieldRef(SectionReader.java:183)
	at jadx.plugins.input.dex.insns.DexInsnData.getIndexAsField(DexInsnData.java:131)
	at jadx.core.dex.visitors.usage.UsageInfoVisitor.processInsn(UsageInfoVisitor.java:150)
	at jadx.core.dex.visitors.usage.UsageInfoVisitor.lambda$processInstructions$0(UsageInfoVisitor.java:130)
	at jadx.plugins.input.dex.sections.DexCodeReader.visitInstructions(DexCodeReader.java:86)
	at jadx.core.dex.visitors.usage.UsageInfoVisitor.processInstructions(UsageInfoVisitor.java:128)
	at jadx.core.dex.visitors.usage.UsageInfoVisitor.processMethod(UsageInfoVisitor.java:113)
	at jadx.core.dex.visitors.usage.UsageInfoVisitor.processClass(UsageInfoVisitor.java:101)
	at jadx.core.dex.visitors.usage.UsageInfoVisitor.buildUsageData(UsageInfoVisitor.java:81)
	at jadx.core.dex.visitors.usage.UsageInfoVisitor.init(UsageInfoVisitor.java:65)
	at jadx.core.dex.nodes.RootNode.runPreDecompileStage(RootNode.java:356)
	at jadx.api.JadxDecompiler.load(JadxDecompiler.java:136)
	at jadx.cli.JadxCLI.runSave(JadxCLI.java:71)
	at jadx.cli.JadxCLI.execute(JadxCLI.java:44)
	at jadx.cli.JadxCLI.execute(JadxCLI.java:33)
	at jadx.cli.JadxCLI.main(JadxCLI.java:26)
ERROR - Dependency scan failed at insn: 0x0031: SGET r164 in method: com.shadow.kotlin.collections.EmptySet.GGtMn():void, file: /workspace/xh/fixp_148608.dex
java.lang.IllegalArgumentException: newPosition < 0: (-936116072 < 0)
	at java.base/java.nio.Buffer.createPositionException(Buffer.java:351)
	at java.base/java.nio.Buffer.position(Buffer.java:326)
	at java.base/java.nio.ByteBuffer.position(ByteBuffer.java:1561)
	at jadx.plugins.input.dex.sections.SectionReader.absPos(SectionReader.java:82)
	at jadx.plugins.input.dex.sections.SectionReader.getString(SectionReader.java:175)
	at jadx.plugins.input.dex.sections.SectionReader.getType(SectionReader.java:165)
	at jadx.plugins.input.dex.sections.SectionReader.fillFieldData(SectionReader.java:194)
	at jadx.plugins.input.dex.sections.SectionReader.getFieldRef(SectionReader.java:183)
	at jadx.plugins.input.dex.insns.DexInsnData.getIndexAsField(DexInsnData.java:131)
	at jadx.core.dex.visitors.usage.UsageInfoVisitor.processInsn(UsageInfoVisitor.java:150)
	at jadx.core.dex.visitors.usage.UsageInfoVisitor.lambda$processInstructions$0(UsageInfoVisitor.java:130)
	at jadx.plugins.input.dex.sections.DexCodeReader.visitInstructions(DexCodeReader.java:86)
	at jadx.core.dex.visitors.usage.UsageInfoVisitor.processInstructions(UsageInfoVisitor.java:128)
	at jadx.core.dex.visitors.usage.UsageInfoVisitor.processMethod(UsageInfoVisitor.java:113)
	at jadx.core.dex.visitors.usage.UsageInfoVisitor.processClass(UsageInfoVisitor.java:101)
	at jadx.core.dex.visitors.usage.UsageInfoVisitor.buildUsageData(UsageInfoVisitor.java:81)
	at jadx.core.dex.visitors.usage.UsageInfoVisitor.init(UsageInfoVisitor.java:65)
	at jadx.core.dex.nodes.RootNode.runPreDecompileStage(RootNode.java:356)
	at jadx.api.JadxDecompiler.load(JadxDecompiler.java:136)
	at jadx.cli.JadxCLI.runSave(JadxCLI.java:71)
	at jadx.cli.JadxCLI.execute(JadxCLI.java:44)
	at jadx.cli.JadxCLI.execute(JadxCLI.java:33)
	at jadx.cli.JadxCLI.main(JadxCLI.java:26)
ERROR - Dependency scan failed at insn: 0x0034: IPUT r13, r14 in method: com.shadow.kotlin.collections.EmptySet.GGtMn():void, file: /workspace/xh/fixp_148608.dex
java.lang.IllegalArgumentException: newPosition < 0: (-1044314540 < 0)
	at java.base/java.nio.Buffer.createPositionException(Buffer.java:351)
	at java.base/java.nio.Buffer.position(Buffer.java:326)
	at java.base/java.nio.ByteBuffer.position(ByteBuffer.java:1561)
	at jadx.plugins.input.dex.sections.SectionReader.absPos(SectionReader.java:82)
	at jadx.plugins.input.dex.sections.SectionReader.getString(SectionReader.java:175)
	at jadx.plugins.input.dex.sections.SectionReader.fillFieldData(SectionReader.java:195)
	at jadx.plugins.input.dex.sections.SectionReader.getFieldRef(SectionReader.java:183)
	at jadx.plugins.input.dex.insns.DexInsnData.getIndexAsField(DexInsnData.java:131)
	at jadx.core.dex.visitors.usage.UsageInfoVisitor.processInsn(UsageInfoVisitor.java:150)
	at jadx.core.dex.visitors.usage.UsageInfoVisitor.lambda$processInstructions$0(UsageInfoVisitor.java:130)
	at jadx.plugins.input.dex.sections.DexCodeReader.visitInstructions(DexCodeReader.java:86)
	at jadx.core.dex.visitors.usage.UsageInfoVisitor.processInstructions(UsageInfoVisitor.java:128)
	at jadx.core.dex.visitors.usage.UsageInfoVisitor.processMethod(UsageInfoVisitor.java:113)
	at jadx.core.dex.visitors.usage.UsageInfoVisitor.processClass(UsageInfoVisitor.java:101)
	at jadx.core.dex.visitors.usage.UsageInfoVisitor.buildUsageData(UsageInfoVisitor.java:81)
	at jadx.core.dex.visitors.usage.UsageInfoVisitor.init(UsageInfoVisitor.java:65)
	at jadx.core.dex.nodes.RootNode.runPreDecompileStage(RootNode.java:356)
	at jadx.api.JadxDecompiler.load(JadxDecompiler.java:136)
	at jadx.cli.JadxCLI.runSave(JadxCLI.java:71)
	at jadx.cli.JadxCLI.execute(JadxCLI.java:44)
	at jadx.cli.JadxCLI.execute(JadxCLI.java:33)
	at jadx.cli.JadxCLI.main(JadxCLI.java:26)
ERROR - Dependency scan failed at insn: 0x003A: IGET r0, r4 in method: com.shadow.kotlin.collections.EmptySet.GGtMn():void, file: /workspace/xh/fixp_148608.dex
java.lang.IllegalArgumentException: newPosition > limit: (1028467264 > 3323492)
	at java.base/java.nio.Buffer.createPositionException(Buffer.java:351)
	at java.base/java.nio.Buffer.position(Buffer.java:326)
	at java.base/java.nio.ByteBuffer.position(ByteBuffer.java:1561)
	at jadx.plugins.input.dex.sections.SectionReader.absPos(SectionReader.java:82)
	at jadx.plugins.input.dex.sections.SectionReader.getString(SectionReader.java:175)
	at jadx.plugins.input.dex.sections.SectionReader.fillFieldData(SectionReader.java:195)
	at jadx.plugins.input.dex.sections.SectionReader.getFieldRef(SectionReader.java:183)
	at jadx.plugins.input.dex.insns.DexInsnData.getIndexAsField(DexInsnData.java:131)
	at jadx.core.dex.visitors.usage.UsageInfoVisitor.processInsn(UsageInfoVisitor.java:150)
	at jadx.core.dex.visitors.usage.UsageInfoVisitor.lambda$processInstructions$0(UsageInfoVisitor.java:130)
	at jadx.plugins.input.dex.sections.DexCodeReader.visitInstructions(DexCodeReader.java:86)
	at jadx.core.dex.visitors.usage.UsageInfoVisitor.processInstructions(UsageInfoVisitor.java:128)
	at jadx.core.dex.visitors.usage.UsageInfoVisitor.processMethod(UsageInfoVisitor.java:113)
	at jadx.core.dex.visitors.usage.UsageInfoVisitor.processClass(UsageInfoVisitor.java:101)
	at jadx.core.dex.visitors.usage.UsageInfoVisitor.buildUsageData(UsageInfoVisitor.java:81)
	at jadx.core.dex.visitors.usage.UsageInfoVisitor.init(UsageInfoVisitor.java:65)
	at jadx.core.dex.nodes.RootNode.runPreDecompileStage(RootNode.java:356)
	at jadx.api.JadxDecompiler.load(JadxDecompiler.java:136)
	at jadx.cli.JadxCLI.runSave(JadxCLI.java:71)
	at jadx.cli.JadxCLI.execute(JadxCLI.java:44)
	at jadx.cli.JadxCLI.execute(JadxCLI.java:33)
	at jadx.cli.JadxCLI.main(JadxCLI.java:26)
ERROR - Dependency scan failed at insn: 0x003E: INVOKE_VIRTUAL_RANGE r3304, r3305, r3306, r3307, r3308, r3309, r3310, r3311, r3312, r3313, r3314, r3315, r3316, r3317, r3318, r3319, r3320, r3321, r3322, r3323, r3324, r3325, r3326, r3327, r3328, r3329, r3330, r3331, r3332, r3333, r3334, r3335, r3336, r3337, r3338, r3339, r3340, r3341, r3342, r3343, r3344, r3345, r3346, r3347, r3348, r3349, r3350, r3351, r3352, r3353, r3354, r3355, r3356, r3357, r3358, r3359, r3360, r3361, r3362, r3363, r3364, r3365, r3366, r3367, r3368, r3369, r3370, r3371, r3372, r3373, r3374, r3375, r3376, r3377, r3378, r3379, r3380, r3381, r3382, r3383, r3384, r3385, r3386 in method: com.shadow.kotlin.collections.EmptySet.GGtMn():void, file: /workspace/xh/fixp_148608.dex
java.lang.IllegalArgumentException: newPosition < 0: (-609494105 < 0)
	at java.base/java.nio.Buffer.createPositionException(Buffer.java:351)
	at java.base/java.nio.Buffer.position(Buffer.java:326)
	at java.base/java.nio.ByteBuffer.position(ByteBuffer.java:1561)
	at jadx.plugins.input.dex.sections.SectionReader.absPos(SectionReader.java:82)
	at jadx.plugins.input.dex.sections.SectionReader.readTypeListAt(SectionReader.java:141)
	at jadx.plugins.input.dex.sections.SectionReader.loadMethodRef(SectionReader.java:269)
	at jadx.plugins.input.dex.sections.DexMethodRef.load(DexMethodRef.java:28)
	at jadx.core.dex.info.MethodInfo.fromRef(MethodInfo.java:47)
	at jadx.core.dex.visitors.usage.UsageInfoVisitor.processInsn(UsageInfoVisitor.java:165)
	at jadx.core.dex.visitors.usage.UsageInfoVisitor.lambda$processInstructions$0(UsageInfoVisitor.java:130)
	at jadx.plugins.input.dex.sections.DexCodeReader.visitInstructions(DexCodeReader.java:86)
	at jadx.core.dex.visitors.usage.UsageInfoVisitor.processInstructions(UsageInfoVisitor.java:128)
	at jadx.core.dex.visitors.usage.UsageInfoVisitor.processMethod(UsageInfoVisitor.java:113)
	at jadx.core.dex.visitors.usage.UsageInfoVisitor.processClass(UsageInfoVisitor.java:101)
	at jadx.core.dex.visitors.usage.UsageInfoVisitor.buildUsageData(UsageInfoVisitor.java:81)
	at jadx.core.dex.visitors.usage.UsageInfoVisitor.init(UsageInfoVisitor.java:65)
	at jadx.core.dex.nodes.RootNode.runPreDecompileStage(RootNode.java:356)
	at jadx.api.JadxDecompiler.load(JadxDecompiler.java:136)
	at jadx.cli.JadxCLI.runSave(JadxCLI.java:71)
	at jadx.cli.JadxCLI.execute(JadxCLI.java:44)
	at jadx.cli.JadxCLI.execute(JadxCLI.java:33)
	at jadx.cli.JadxCLI.main(JadxCLI.java:26)
ERROR - Dependency scan failed at insn: 0x0001: IPUT r9, r10 in method: com.shadow.kotlin.collections.EmptySet.readResolve():java.lang.Object, file: /workspace/xh/fixp_148608.dex
java.lang.IllegalArgumentException: newPosition < 0: (-777664052 < 0)
	at java.base/java.nio.Buffer.createPositionException(Buffer.java:351)
	at java.base/java.nio.Buffer.position(Buffer.java:326)
	at java.base/java.nio.ByteBuffer.position(ByteBuffer.java:1561)
	at jadx.plugins.input.dex.sections.SectionReader.absPos(SectionReader.java:82)
	at jadx.plugins.input.dex.sections.SectionReader.getString(SectionReader.java:175)
	at jadx.plugins.input.dex.sections.SectionReader.fillFieldData(SectionReader.java:195)
	at jadx.plugins.input.dex.sections.SectionReader.getFieldRef(SectionReader.java:183)
	at jadx.plugins.input.dex.insns.DexInsnData.getIndexAsField(DexInsnData.java:131)
	at jadx.core.dex.visitors.usage.UsageInfoVisitor.processInsn(UsageInfoVisitor.java:150)
	at jadx.core.dex.visitors.usage.UsageInfoVisitor.lambda$processInstructions$0(UsageInfoVisitor.java:130)
	at jadx.plugins.input.dex.sections.DexCodeReader.visitInstructions(DexCodeReader.java:86)
	at jadx.core.dex.visitors.usage.UsageInfoVisitor.processInstructions(UsageInfoVisitor.java:128)
	at jadx.core.dex.visitors.usage.UsageInfoVisitor.processMethod(UsageInfoVisitor.java:113)
	at jadx.core.dex.visitors.usage.UsageInfoVisitor.processClass(UsageInfoVisitor.java:101)
	at jadx.core.dex.visitors.usage.UsageInfoVisitor.buildUsageData(UsageInfoVisitor.java:81)
	at jadx.core.dex.visitors.usage.UsageInfoVisitor.init(UsageInfoVisitor.java:65)
	at jadx.core.dex.nodes.RootNode.runPreDecompileStage(RootNode.java:356)
	at jadx.api.JadxDecompiler.load(JadxDecompiler.java:136)
	at jadx.cli.JadxCLI.runSave(JadxCLI.java:71)
	at jadx.cli.JadxCLI.execute(JadxCLI.java:44)
	at jadx.cli.JadxCLI.execute(JadxCLI.java:33)
	at jadx.cli.JadxCLI.main(JadxCLI.java:26)
ERROR - Dependency scan failed at insn: 0x0007: INVOKE_CUSTOM_RANGE r38256, r38257, r38258, r38259, r38260, r38261, r38262, r38263, r38264, r38265, r38266, r38267, r38268, r38269, r38270, r38271, r38272, r38273, r38274, r38275 in method: com.shadow.kotlin.collections.EmptySet.containsAll(java.util.Collection):boolean, file: /workspace/xh/fixp_148608.dex
java.lang.IllegalArgumentException: newPosition < 0: (-843425616 < 0)
	at java.base/java.nio.Buffer.createPositionException(Buffer.java:351)
	at java.base/java.nio.Buffer.position(Buffer.java:326)
	at java.base/java.nio.ByteBuffer.position(ByteBuffer.java:1561)
	at jadx.plugins.input.dex.sections.SectionReader.absPos(SectionReader.java:82)
	at jadx.plugins.input.dex.sections.SectionReader.fillFieldData(SectionReader.java:190)
	at jadx.plugins.input.dex.sections.SectionReader.getFieldRef(SectionReader.java:183)
	at jadx.plugins.input.dex.sections.annotations.EncodedValueParser.parseValue(EncodedValueParser.java:69)
	at jadx.plugins.input.dex.sections.annotations.EncodedValueParser.parseEncodedArray(EncodedValueParser.java:95)
	at jadx.plugins.input.dex.sections.SectionReader.getCallSite(SectionReader.java:209)
	at jadx.plugins.input.dex.insns.DexInsnData.getIndexAsCallSite(DexInsnData.java:141)
	at jadx.core.utils.input.InsnDataUtils.getCallSite(InsnDataUtils.java:27)
	at jadx.core.dex.visitors.usage.UsageInfoVisitor.processInsn(UsageInfoVisitor.java:174)
	at jadx.core.dex.visitors.usage.UsageInfoVisitor.lambda$processInstructions$0(UsageInfoVisitor.java:130)
	at jadx.plugins.input.dex.sections.DexCodeReader.visitInstructions(DexCodeReader.java:86)
	at jadx.core.dex.visitors.usage.UsageInfoVisitor.processInstructions(UsageInfoVisitor.java:128)
	at jadx.core.dex.visitors.usage.UsageInfoVisitor.processMethod(UsageInfoVisitor.java:113)
	at jadx.core.dex.visitors.usage.UsageInfoVisitor.processClass(UsageInfoVisitor.java:101)
	at jadx.core.dex.visitors.usage.UsageInfoVisitor.buildUsageData(UsageInfoVisitor.java:81)
	at jadx.core.dex.visitors.usage.UsageInfoVisitor.init(UsageInfoVisitor.java:65)
	at jadx.core.dex.nodes.RootNode.runPreDecompileStage(RootNode.java:356)
	at jadx.api.JadxDecompiler.load(JadxDecompiler.java:136)
	at jadx.cli.JadxCLI.runSave(JadxCLI.java:71)
	at jadx.cli.JadxCLI.execute(JadxCLI.java:44)
	at jadx.cli.JadxCLI.execute(JadxCLI.java:33)
	at jadx.cli.JadxCLI.main(JadxCLI.java:26)
ERROR - Dependency scan failed at insn: 0x0002: CHECK_CAST r189 in method: com.shadow.kotlin.collections.EmptySet.equals(java.lang.Object):boolean, file: /workspace/xh/fixp_148608.dex
java.lang.IllegalArgumentException: newPosition < 0: (-910306828 < 0)
	at java.base/java.nio.Buffer.createPositionException(Buffer.java:351)
	at java.base/java.nio.Buffer.position(Buffer.java:326)
	at java.base/java.nio.ByteBuffer.position(ByteBuffer.java:1561)
	at jadx.plugins.input.dex.sections.SectionReader.absPos(SectionReader.java:82)
	at jadx.plugins.input.dex.sections.SectionReader.getString(SectionReader.java:175)
	at jadx.plugins.input.dex.sections.SectionReader.getType(SectionReader.java:165)
	at jadx.plugins.input.dex.insns.DexInsnData.getIndexAsType(DexInsnData.java:126)
	at jadx.core.dex.visitors.usage.UsageInfoVisitor.processInsn(UsageInfoVisitor.java:144)
	at jadx.core.dex.visitors.usage.UsageInfoVisitor.lambda$processInstructions$0(UsageInfoVisitor.java:130)
	at jadx.plugins.input.dex.sections.DexCodeReader.visitInstructions(DexCodeReader.java:86)
	at jadx.core.dex.visitors.usage.UsageInfoVisitor.processInstructions(UsageInfoVisitor.java:128)
	at jadx.core.dex.visitors.usage.UsageInfoVisitor.processMethod(UsageInfoVisitor.java:113)
	at jadx.core.dex.visitors.usage.UsageInfoVisitor.processClass(UsageInfoVisitor.java:101)
	at jadx.core.dex.visitors.usage.UsageInfoVisitor.buildUsageData(UsageInfoVisitor.java:81)
	at jadx.core.dex.visitors.usage.UsageInfoVisitor.init(UsageInfoVisitor.java:65)
	at jadx.core.dex.nodes.RootNode.runPreDecompileStage(RootNode.java:356)
	at jadx.api.JadxDecompiler.load(JadxDecompiler.java:136)
	at jadx.cli.JadxCLI.runSave(JadxCLI.java:71)
	at jadx.cli.JadxCLI.execute(JadxCLI.java:44)
	at jadx.cli.JadxCLI.execute(JadxCLI.java:33)
	at jadx.cli.JadxCLI.main(JadxCLI.java:26)
ERROR - Dependency scan failed at insn: 0x0008: IPUT r3, r5 in method: com.shadow.kotlin.collections.EmptySet.equals(java.lang.Object):boolean, file: /workspace/xh/fixp_148608.dex
java.lang.IllegalArgumentException: newPosition < 0: (-1849059776 < 0)
	at java.base/java.nio.Buffer.createPositionException(Buffer.java:351)
	at java.base/java.nio.Buffer.position(Buffer.java:326)
	at java.base/java.nio.ByteBuffer.position(ByteBuffer.java:1561)
	at jadx.plugins.input.dex.sections.SectionReader.absPos(SectionReader.java:82)
	at jadx.plugins.input.dex.sections.SectionReader.getString(SectionReader.java:175)
	at jadx.plugins.input.dex.sections.SectionReader.getType(SectionReader.java:165)
	at jadx.plugins.input.dex.sections.SectionReader.fillFieldData(SectionReader.java:194)
	at jadx.plugins.input.dex.sections.SectionReader.getFieldRef(SectionReader.java:183)
	at jadx.plugins.input.dex.insns.DexInsnData.getIndexAsField(DexInsnData.java:131)
	at jadx.core.dex.visitors.usage.UsageInfoVisitor.processInsn(UsageInfoVisitor.java:150)
	at jadx.core.dex.visitors.usage.UsageInfoVisitor.lambda$processInstructions$0(UsageInfoVisitor.java:130)
	at jadx.plugins.input.dex.sections.DexCodeReader.visitInstructions(DexCodeReader.java:86)
	at jadx.core.dex.visitors.usage.UsageInfoVisitor.processInstructions(UsageInfoVisitor.java:128)
	at jadx.core.dex.visitors.usage.UsageInfoVisitor.processMethod(UsageInfoVisitor.java:113)
	at jadx.core.dex.visitors.usage.UsageInfoVisitor.processClass(UsageInfoVisitor.java:101)
	at jadx.core.dex.visitors.usage.UsageInfoVisitor.buildUsageData(UsageInfoVisitor.java:81)
	at jadx.core.dex.visitors.usage.UsageInfoVisitor.init(UsageInfoVisitor.java:65)
	at jadx.core.dex.nodes.RootNode.runPreDecompileStage(RootNode.java:356)
	at jadx.api.JadxDecompiler.load(JadxDecompiler.java:136)
	at jadx.cli.JadxCLI.runSave(JadxCLI.java:71)
	at jadx.cli.JadxCLI.execute(JadxCLI.java:44)
	at jadx.cli.JadxCLI.execute(JadxCLI.java:33)
	at jadx.cli.JadxCLI.main(JadxCLI.java:26)
ERROR - Dependency scan failed at insn: 0x0000: SGET r171 in method: com.shadow.kotlin.collections.EmptySet.isEmpty():boolean, file: /workspace/xh/fixp_148608.dex
java.lang.IllegalArgumentException: newPosition > limit: (240915328 > 3323492)
	at java.base/java.nio.Buffer.createPositionException(Buffer.java:351)
	at java.base/java.nio.Buffer.position(Buffer.java:326)
	at java.base/java.nio.ByteBuffer.position(ByteBuffer.java:1561)
	at jadx.plugins.input.dex.sections.SectionReader.absPos(SectionReader.java:82)
	at jadx.plugins.input.dex.sections.SectionReader.getString(SectionReader.java:175)
	at jadx.plugins.input.dex.sections.SectionReader.getType(SectionReader.java:165)
	at jadx.plugins.input.dex.sections.SectionReader.fillFieldData(SectionReader.java:194)
	at jadx.plugins.input.dex.sections.SectionReader.getFieldRef(SectionReader.java:183)
	at jadx.plugins.input.dex.insns.DexInsnData.getIndexAsField(DexInsnData.java:131)
	at jadx.core.dex.visitors.usage.UsageInfoVisitor.processInsn(UsageInfoVisitor.java:150)
	at jadx.core.dex.visitors.usage.UsageInfoVisitor.lambda$processInstructions$0(UsageInfoVisitor.java:130)
	at jadx.plugins.input.dex.sections.DexCodeReader.visitInstructions(DexCodeReader.java:86)
	at jadx.core.dex.visitors.usage.UsageInfoVisitor.processInstructions(UsageInfoVisitor.java:128)
	at jadx.core.dex.visitors.usage.UsageInfoVisitor.processMethod(UsageInfoVisitor.java:113)
	at jadx.core.dex.visitors.usage.UsageInfoVisitor.processClass(UsageInfoVisitor.java:101)
	at jadx.core.dex.visitors.usage.UsageInfoVisitor.buildUsageData(UsageInfoVisitor.java:81)
	at jadx.core.dex.visitors.usage.UsageInfoVisitor.init(UsageInfoVisitor.java:65)
	at jadx.core.dex.nodes.RootNode.runPreDecompileStage(RootNode.java:356)
	at jadx.api.JadxDecompiler.load(JadxDecompiler.java:136)
	at jadx.cli.JadxCLI.runSave(JadxCLI.java:71)
	at jadx.cli.JadxCLI.execute(JadxCLI.java:44)
	at jadx.cli.JadxCLI.execute(JadxCLI.java:33)
	at jadx.cli.JadxCLI.main(JadxCLI.java:26)
ERROR - Dependency scan failed at insn: 0x0004: SGET r116 in method: com.shadow.kotlin.collections.EmptySet.removeAll(java.util.Collection):boolean, file: /workspace/xh/fixp_148608.dex
java.lang.IllegalArgumentException: newPosition < 0: (-1109541376 < 0)
	at java.base/java.nio.Buffer.createPositionException(Buffer.java:351)
	at java.base/java.nio.Buffer.position(Buffer.java:326)
	at java.base/java.nio.ByteBuffer.position(ByteBuffer.java:1561)
	at jadx.plugins.input.dex.sections.SectionReader.absPos(SectionReader.java:82)
	at jadx.plugins.input.dex.sections.SectionReader.getString(SectionReader.java:175)
	at jadx.plugins.input.dex.sections.SectionReader.getType(SectionReader.java:165)
	at jadx.plugins.input.dex.sections.SectionReader.fillFieldData(SectionReader.java:194)
	at jadx.plugins.input.dex.sections.SectionReader.getFieldRef(SectionReader.java:183)
	at jadx.plugins.input.dex.insns.DexInsnData.getIndexAsField(DexInsnData.java:131)
	at jadx.core.dex.visitors.usage.UsageInfoVisitor.processInsn(UsageInfoVisitor.java:150)
	at jadx.core.dex.visitors.usage.UsageInfoVisitor.lambda$processInstructions$0(UsageInfoVisitor.java:130)
	at jadx.plugins.input.dex.sections.DexCodeReader.visitInstructions(DexCodeReader.java:86)
	at jadx.core.dex.visitors.usage.UsageInfoVisitor.processInstructions(UsageInfoVisitor.java:128)
	at jadx.core.dex.visitors.usage.UsageInfoVisitor.processMethod(UsageInfoVisitor.java:113)
	at jadx.core.dex.visitors.usage.UsageInfoVisitor.processClass(UsageInfoVisitor.java:101)
	at jadx.core.dex.visitors.usage.UsageInfoVisitor.buildUsageData(UsageInfoVisitor.java:81)
	at jadx.core.dex.visitors.usage.UsageInfoVisitor.init(UsageInfoVisitor.java:65)
	at jadx.core.dex.nodes.RootNode.runPreDecompileStage(RootNode.java:356)
	at jadx.api.JadxDecompiler.load(JadxDecompiler.java:136)
	at jadx.cli.JadxCLI.runSave(JadxCLI.java:71)
	at jadx.cli.JadxCLI.execute(JadxCLI.java:44)
	at jadx.cli.JadxCLI.execute(JadxCLI.java:33)
	at jadx.cli.JadxCLI.main(JadxCLI.java:26)
ERROR - Dependency scan failed at insn: 0x0006: IGET r1, r0 in method: com.shadow.kotlin.collections.EmptySet.removeAll(java.util.Collection):boolean, file: /workspace/xh/fixp_148608.dex
java.lang.IllegalArgumentException: newPosition < 0: (-1190871552 < 0)
	at java.base/java.nio.Buffer.createPositionException(Buffer.java:351)
	at java.base/java.nio.Buffer.position(Buffer.java:326)
	at java.base/java.nio.ByteBuffer.position(ByteBuffer.java:1561)
	at jadx.plugins.input.dex.sections.SectionReader.absPos(SectionReader.java:82)
	at jadx.plugins.input.dex.sections.SectionReader.getString(SectionReader.java:175)
	at jadx.plugins.input.dex.sections.SectionReader.getType(SectionReader.java:165)
	at jadx.plugins.input.dex.sections.SectionReader.fillFieldData(SectionReader.java:194)
	at jadx.plugins.input.dex.sections.SectionReader.getFieldRef(SectionReader.java:183)
	at jadx.plugins.input.dex.insns.DexInsnData.getIndexAsField(DexInsnData.java:131)
	at jadx.core.dex.visitors.usage.UsageInfoVisitor.processInsn(UsageInfoVisitor.java:150)
	at jadx.core.dex.visitors.usage.UsageInfoVisitor.lambda$processInstructions$0(UsageInfoVisitor.java:130)
	at jadx.plugins.input.dex.sections.DexCodeReader.visitInstructions(DexCodeReader.java:86)
	at jadx.core.dex.visitors.usage.UsageInfoVisitor.processInstructions(UsageInfoVisitor.java:128)
	at jadx.core.dex.visitors.usage.UsageInfoVisitor.processMethod(UsageInfoVisitor.java:113)
	at jadx.core.dex.visitors.usage.UsageInfoVisitor.processClass(UsageInfoVisitor.java:101)
	at jadx.core.dex.visitors.usage.UsageInfoVisitor.buildUsageData(UsageInfoVisitor.java:81)
	at jadx.core.dex.visitors.usage.UsageInfoVisitor.init(UsageInfoVisitor.java:65)
	at jadx.core.dex.nodes.RootNode.runPreDecompileStage(RootNode.java:356)
	at jadx.api.JadxDecompiler.load(JadxDecompiler.java:136)
	at jadx.cli.JadxCLI.runSave(JadxCLI.java:71)
	at jadx.cli.JadxCLI.execute(JadxCLI.java:44)
	at jadx.cli.JadxCLI.execute(JadxCLI.java:33)
	at jadx.cli.JadxCLI.main(JadxCLI.java:26)
ERROR - Dependency scan failed in method: com.shadow.kotlin.collections.EmptySet.toArray(T[]):T[], file: /workspace/xh/fixp_148608.dex
java.lang.ArrayIndexOutOfBoundsException: Index 5 out of bounds for length 5
	at jadx.plugins.input.dex.insns.DexInsnData.toString(DexInsnData.java:251)
	at java.base/java.lang.String.valueOf(String.java:4530)
	at jadx.core.dex.visitors.usage.UsageInfoVisitor.lambda$processInstructions$0(UsageInfoVisitor.java:132)
	at jadx.plugins.input.dex.sections.DexCodeReader.visitInstructions(DexCodeReader.java:86)
	at jadx.core.dex.visitors.usage.UsageInfoVisitor.processInstructions(UsageInfoVisitor.java:128)
	at jadx.core.dex.visitors.usage.UsageInfoVisitor.processMethod(UsageInfoVisitor.java:113)
	at jadx.core.dex.visitors.usage.UsageInfoVisitor.processClass(UsageInfoVisitor.java:101)
	at jadx.core.dex.visitors.usage.UsageInfoVisitor.buildUsageData(UsageInfoVisitor.java:81)
	at jadx.core.dex.visitors.usage.UsageInfoVisitor.init(UsageInfoVisitor.java:65)
	at jadx.core.dex.nodes.RootNode.runPreDecompileStage(RootNode.java:356)
	at jadx.api.JadxDecompiler.load(JadxDecompiler.java:136)
	at jadx.cli.JadxCLI.runSave(JadxCLI.java:71)
	at jadx.cli.JadxCLI.execute(JadxCLI.java:44)
	at jadx.cli.JadxCLI.execute(JadxCLI.java:33)
	at jadx.cli.JadxCLI.main(JadxCLI.java:26)
ERROR - Dependency scan failed at insn: 0x0006: IGET r10, r3 in method: com.shadow.kotlin.collections.MapsKt.a():java.util.Map, file: /workspace/xh/fixp_148608.dex
java.lang.IllegalArgumentException: newPosition > limit: (8639440 > 3323492)
	at java.base/java.nio.Buffer.createPositionException(Buffer.java:351)
	at java.base/java.nio.Buffer.position(Buffer.java:326)
	at java.base/java.nio.ByteBuffer.position(ByteBuffer.java:1561)
	at jadx.plugins.input.dex.sections.SectionReader.absPos(SectionReader.java:82)
	at jadx.plugins.input.dex.sections.SectionReader.getString(SectionReader.java:175)
	at jadx.plugins.input.dex.sections.SectionReader.getType(SectionReader.java:165)
	at jadx.plugins.input.dex.sections.SectionReader.fillFieldData(SectionReader.java:194)
	at jadx.plugins.input.dex.sections.SectionReader.getFieldRef(SectionReader.java:183)
	at jadx.plugins.input.dex.insns.DexInsnData.getIndexAsField(DexInsnData.java:131)
	at jadx.core.dex.visitors.usage.UsageInfoVisitor.processInsn(UsageInfoVisitor.java:150)
	at jadx.core.dex.visitors.usage.UsageInfoVisitor.lambda$processInstructions$0(UsageInfoVisitor.java:130)
	at jadx.plugins.input.dex.sections.DexCodeReader.visitInstructions(DexCodeReader.java:86)
	at jadx.core.dex.visitors.usage.UsageInfoVisitor.processInstructions(UsageInfoVisitor.java:128)
	at jadx.core.dex.visitors.usage.UsageInfoVisitor.processMethod(UsageInfoVisitor.java:113)
	at jadx.core.dex.visitors.usage.UsageInfoVisitor.processClass(UsageInfoVisitor.java:101)
	at jadx.core.dex.visitors.usage.UsageInfoVisitor.buildUsageData(UsageInfoVisitor.java:81)
	at jadx.core.dex.visitors.usage.UsageInfoVisitor.init(UsageInfoVisitor.java:65)
	at jadx.core.dex.nodes.RootNode.runPreDecompileStage(RootNode.java:356)
	at jadx.api.JadxDecompiler.load(JadxDecompiler.java:136)
	at jadx.cli.JadxCLI.runSave(JadxCLI.java:71)
	at jadx.cli.JadxCLI.execute(JadxCLI.java:44)
	at jadx.cli.JadxCLI.execute(JadxCLI.java:33)
	at jadx.cli.JadxCLI.main(JadxCLI.java:26)
ERROR - Dependency scan failed in method: com.shadow.kotlin.collections.MapsKt.b(int):int, file: /workspace/xh/fixp_148608.dex
java.lang.ArrayIndexOutOfBoundsException: Index 5 out of bounds for length 5
	at jadx.plugins.input.dex.insns.DexInsnData.toString(DexInsnData.java:251)
	at java.base/java.lang.String.valueOf(String.java:4530)
	at jadx.core.dex.visitors.usage.UsageInfoVisitor.lambda$processInstructions$0(UsageInfoVisitor.java:132)
	at jadx.plugins.input.dex.sections.DexCodeReader.visitInstructions(DexCodeReader.java:86)
	at jadx.core.dex.visitors.usage.UsageInfoVisitor.processInstructions(UsageInfoVisitor.java:128)
	at jadx.core.dex.visitors.usage.UsageInfoVisitor.processMethod(UsageInfoVisitor.java:113)
	at jadx.core.dex.visitors.usage.UsageInfoVisitor.processClass(UsageInfoVisitor.java:101)
	at jadx.core.dex.visitors.usage.UsageInfoVisitor.buildUsageData(UsageInfoVisitor.java:81)
	at jadx.core.dex.visitors.usage.UsageInfoVisitor.init(UsageInfoVisitor.java:65)
	at jadx.core.dex.nodes.RootNode.runPreDecompileStage(RootNode.java:356)
	at jadx.api.JadxDecompiler.load(JadxDecompiler.java:136)
	at jadx.cli.JadxCLI.runSave(JadxCLI.java:71)
	at jadx.cli.JadxCLI.execute(JadxCLI.java:44)
	at jadx.cli.JadxCLI.execute(JadxCLI.java:33)
	at jadx.cli.JadxCLI.main(JadxCLI.java:26)
ERROR - Dependency scan failed at insn: 0x0008: INSTANCE_OF r2, r6 in method: com.shadow.kotlin.collections.MapsKt.c(java.util.Map):java.util.Map, file: /workspace/xh/fixp_148608.dex
java.lang.IllegalArgumentException: newPosition > limit: (8593584 > 3323492)
	at java.base/java.nio.Buffer.createPositionException(Buffer.java:351)
	at java.base/java.nio.Buffer.position(Buffer.java:326)
	at java.base/java.nio.ByteBuffer.position(ByteBuffer.java:1561)
	at jadx.plugins.input.dex.sections.SectionReader.absPos(SectionReader.java:82)
	at jadx.plugins.input.dex.sections.SectionReader.getString(SectionReader.java:175)
	at jadx.plugins.input.dex.sections.SectionReader.getType(SectionReader.java:165)
	at jadx.plugins.input.dex.insns.DexInsnData.getIndexAsType(DexInsnData.java:126)
	at jadx.core.dex.visitors.usage.UsageInfoVisitor.processInsn(UsageInfoVisitor.java:144)
	at jadx.core.dex.visitors.usage.UsageInfoVisitor.lambda$processInstructions$0(UsageInfoVisitor.java:130)
	at jadx.plugins.input.dex.sections.DexCodeReader.visitInstructions(DexCodeReader.java:86)
	at jadx.core.dex.visitors.usage.UsageInfoVisitor.processInstructions(UsageInfoVisitor.java:128)
	at jadx.core.dex.visitors.usage.UsageInfoVisitor.processMethod(UsageInfoVisitor.java:113)
	at jadx.core.dex.visitors.usage.UsageInfoVisitor.processClass(UsageInfoVisitor.java:101)
	at jadx.core.dex.visitors.usage.UsageInfoVisitor.buildUsageData(UsageInfoVisitor.java:81)
	at jadx.core.dex.visitors.usage.UsageInfoVisitor.init(UsageInfoVisitor.java:65)
	at jadx.core.dex.nodes.RootNode.runPreDecompileStage(RootNode.java:356)
	at jadx.api.JadxDecompiler.load(JadxDecompiler.java:136)
	at jadx.cli.JadxCLI.runSave(JadxCLI.java:71)
	at jadx.cli.JadxCLI.execute(JadxCLI.java:44)
	at jadx.cli.JadxCLI.execute(JadxCLI.java:33)
	at jadx.cli.JadxCLI.main(JadxCLI.java:26)
ERROR - Dependency scan failed in method: com.shadow.kotlin.collections.MapsKt.c(java.util.Map):java.util.Map, file: /workspace/xh/fixp_148608.dex
java.lang.ArrayIndexOutOfBoundsException: Index 5 out of bounds for length 5
	at jadx.plugins.input.dex.insns.DexInsnData.toString(DexInsnData.java:251)
	at java.base/java.lang.String.valueOf(String.java:4530)
	at jadx.core.dex.visitors.usage.UsageInfoVisitor.lambda$processInstructions$0(UsageInfoVisitor.java:132)
	at jadx.plugins.input.dex.sections.DexCodeReader.visitInstructions(DexCodeReader.java:86)
	at jadx.core.dex.visitors.usage.UsageInfoVisitor.processInstructions(UsageInfoVisitor.java:128)
	at jadx.core.dex.visitors.usage.UsageInfoVisitor.processMethod(UsageInfoVisitor.java:113)
	at jadx.core.dex.visitors.usage.UsageInfoVisitor.processClass(UsageInfoVisitor.java:101)
	at jadx.core.dex.visitors.usage.UsageInfoVisitor.buildUsageData(UsageInfoVisitor.java:81)
	at jadx.core.dex.visitors.usage.UsageInfoVisitor.init(UsageInfoVisitor.java:65)
	at jadx.core.dex.nodes.RootNode.runPreDecompileStage(RootNode.java:356)
	at jadx.api.JadxDecompiler.load(JadxDecompiler.java:136)
	at jadx.cli.JadxCLI.runSave(JadxCLI.java:71)
	at jadx.cli.JadxCLI.execute(JadxCLI.java:44)
	at jadx.cli.JadxCLI.execute(JadxCLI.java:33)
	at jadx.cli.JadxCLI.main(JadxCLI.java:26)
ERROR - Dependency scan failed at insn: 0x0000: INVOKE_STATIC_RANGE r13179, r13180, r13181, r13182 in method: com.shadow.kotlin.collections.builders.ListBuilder.<clinit>():void, file: /workspace/xh/fixp_148608.dex
java.lang.IllegalArgumentException: newPosition > limit: (4278355 > 3323492)
	at java.base/java.nio.Buffer.createPositionException(Buffer.java:351)
	at java.base/java.nio.Buffer.position(Buffer.java:326)
	at java.base/java.nio.ByteBuffer.position(ByteBuffer.java:1561)
	at jadx.plugins.input.dex.sections.SectionReader.absPos(SectionReader.java:82)
	at jadx.plugins.input.dex.sections.SectionReader.readTypeListAt(SectionReader.java:141)
	at jadx.plugins.input.dex.sections.SectionReader.loadMethodRef(SectionReader.java:269)
	at jadx.plugins.input.dex.sections.DexMethodRef.load(DexMethodRef.java:28)
	at jadx.core.dex.info.MethodInfo.fromRef(MethodInfo.java:47)
	at jadx.core.dex.visitors.usage.UsageInfoVisitor.processInsn(UsageInfoVisitor.java:165)
	at jadx.core.dex.visitors.usage.UsageInfoVisitor.lambda$processInstructions$0(UsageInfoVisitor.java:130)
	at jadx.plugins.input.dex.sections.DexCodeReader.visitInstructions(DexCodeReader.java:86)
	at jadx.core.dex.visitors.usage.UsageInfoVisitor.processInstructions(UsageInfoVisitor.java:128)
	at jadx.core.dex.visitors.usage.UsageInfoVisitor.processMethod(UsageInfoVisitor.java:113)
	at jadx.core.dex.visitors.usage.UsageInfoVisitor.processClass(UsageInfoVisitor.java:101)
	at jadx.core.dex.visitors.usage.UsageInfoVisitor.buildUsageData(UsageInfoVisitor.java:81)
	at jadx.core.dex.visitors.usage.UsageInfoVisitor.init(UsageInfoVisitor.java:65)
	at jadx.core.dex.nodes.RootNode.runPreDecompileStage(RootNode.java:356)
	at jadx.api.JadxDecompiler.load(JadxDecompiler.java:136)
	at jadx.cli.JadxCLI.runSave(JadxCLI.java:71)
	at jadx.cli.JadxCLI.execute(JadxCLI.java:44)
	at jadx.cli.JadxCLI.execute(JadxCLI.java:33)
	at jadx.cli.JadxCLI.main(JadxCLI.java:26)
ERROR - Dependency scan failed at insn: 0x000D: SGET r66 in method: com.shadow.kotlin.collections.builders.ListBuilder.<clinit>():void, file: /workspace/xh/fixp_148608.dex
java.lang.IllegalArgumentException: newPosition > limit: (8779408 > 3323492)
	at java.base/java.nio.Buffer.createPositionException(Buffer.java:351)
	at java.base/java.nio.Buffer.position(Buffer.java:326)
	at java.base/java.nio.ByteBuffer.position(ByteBuffer.java:1561)
	at jadx.plugins.input.dex.sections.SectionReader.absPos(SectionReader.java:82)
	at jadx.plugins.input.dex.sections.SectionReader.getString(SectionReader.java:175)
	at jadx.plugins.input.dex.sections.SectionReader.getType(SectionReader.java:165)
	at jadx.plugins.input.dex.sections.SectionReader.fillFieldData(SectionReader.java:194)
	at jadx.plugins.input.dex.sections.SectionReader.getFieldRef(SectionReader.java:183)
	at jadx.plugins.input.dex.insns.DexInsnData.getIndexAsField(DexInsnData.java:131)
	at jadx.core.dex.visitors.usage.UsageInfoVisitor.processInsn(UsageInfoVisitor.java:150)
	at jadx.core.dex.visitors.usage.UsageInfoVisitor.lambda$processInstructions$0(UsageInfoVisitor.java:130)
	at jadx.plugins.input.dex.sections.DexCodeReader.visitInstructions(DexCodeReader.java:86)
	at jadx.core.dex.visitors.usage.UsageInfoVisitor.processInstructions(UsageInfoVisitor.java:128)
	at jadx.core.dex.visitors.usage.UsageInfoVisitor.processMethod(UsageInfoVisitor.java:113)
	at jadx.core.dex.visitors.usage.UsageInfoVisitor.processClass(UsageInfoVisitor.java:101)
	at jadx.core.dex.visitors.usage.UsageInfoVisitor.buildUsageData(UsageInfoVisitor.java:81)
	at jadx.core.dex.visitors.usage.UsageInfoVisitor.init(UsageInfoVisitor.java:65)
	at jadx.core.dex.nodes.RootNode.runPreDecompileStage(RootNode.java:356)
	at jadx.api.JadxDecompiler.load(JadxDecompiler.java:136)
	at jadx.cli.JadxCLI.runSave(JadxCLI.java:71)
	at jadx.cli.JadxCLI.execute(JadxCLI.java:44)
	at jadx.cli.JadxCLI.execute(JadxCLI.java:33)
	at jadx.cli.JadxCLI.main(JadxCLI.java:26)
ERROR - Dependency scan failed in method: com.shadow.kotlin.collections.builders.ListBuilder.<init>(int):void, file: /workspace/xh/fixp_148608.dex
java.lang.ArrayIndexOutOfBoundsException: Index 5 out of bounds for length 5
	at jadx.plugins.input.dex.insns.DexInsnData.toString(DexInsnData.java:251)
	at java.base/java.lang.String.valueOf(String.java:4530)
	at jadx.core.dex.visitors.usage.UsageInfoVisitor.lambda$processInstructions$0(UsageInfoVisitor.java:132)
	at jadx.plugins.input.dex.sections.DexCodeReader.visitInstructions(DexCodeReader.java:86)
	at jadx.core.dex.visitors.usage.UsageInfoVisitor.processInstructions(UsageInfoVisitor.java:128)
	at jadx.core.dex.visitors.usage.UsageInfoVisitor.processMethod(UsageInfoVisitor.java:113)
	at jadx.core.dex.visitors.usage.UsageInfoVisitor.processClass(UsageInfoVisitor.java:101)
	at jadx.core.dex.visitors.usage.UsageInfoVisitor.buildUsageData(UsageInfoVisitor.java:81)
	at jadx.core.dex.visitors.usage.UsageInfoVisitor.init(UsageInfoVisitor.java:65)
	at jadx.core.dex.nodes.RootNode.runPreDecompileStage(RootNode.java:356)
	at jadx.api.JadxDecompiler.load(JadxDecompiler.java:136)
	at jadx.cli.JadxCLI.runSave(JadxCLI.java:71)
	at jadx.cli.JadxCLI.execute(JadxCLI.java:44)
	at jadx.cli.JadxCLI.execute(JadxCLI.java:33)
	at jadx.cli.JadxCLI.main(JadxCLI.java:26)
ERROR - Dependency scan failed at insn: 0x0001: FILLED_NEW_ARRAY_RANGE r44846, r44847, r44848, r44849, r44850, r44851, r44852, r44853, r44854, r44855, r44856, r44857, r44858, r44859, r44860, r44861, r44862, r44863, r44864, r44865, r44866, r44867, r44868, r44869, r44870, r44871, r44872, r44873, r44874, r44875, r44876, r44877, r44878, r44879, r44880, r44881, r44882, r44883, r44884, r44885, r44886, r44887, r44888, r44889, r44890, r44891, r44892, r44893, r44894, r44895, r44896, r44897, r44898, r44899, r44900, r44901, r44902, r44903, r44904, r44905, r44906, r44907, r44908, r44909, r44910, r44911, r44912, r44913, r44914, r44915, r44916, r44917, r44918, r44919, r44920, r44921, r44922, r44923, r44924, r44925, r44926, r44927, r44928, r44929, r44930, r44931, r44932, r44933, r44934, r44935, r44936, r44937, r44938 in method: com.shadow.kotlin.collections.builders.ListBuilder.<init>(E[], int, int, boolean, kotlin.collections.builders.ListBuilder<E>, kotlin.collections.builders.ListBuilder<E>):void, file: /workspace/xh/fixp_148608.dex
java.lang.IllegalArgumentException: newPosition > limit: (1032180180 > 3323492)
	at java.base/java.nio.Buffer.createPositionException(Buffer.java:351)
	at java.base/java.nio.Buffer.position(Buffer.java:326)
	at java.base/java.nio.ByteBuffer.position(ByteBuffer.java:1561)
	at jadx.plugins.input.dex.sections.SectionReader.absPos(SectionReader.java:82)
	at jadx.plugins.input.dex.sections.SectionReader.getString(SectionReader.java:175)
	at jadx.plugins.input.dex.sections.SectionReader.getType(SectionReader.java:165)
	at jadx.plugins.input.dex.insns.DexInsnData.getIndexAsType(DexInsnData.java:126)
	at jadx.core.dex.visitors.usage.UsageInfoVisitor.processInsn(UsageInfoVisitor.java:144)
	at jadx.core.dex.visitors.usage.UsageInfoVisitor.lambda$processInstructions$0(UsageInfoVisitor.java:130)
	at jadx.plugins.input.dex.sections.DexCodeReader.visitInstructions(DexCodeReader.java:86)
	at jadx.core.dex.visitors.usage.UsageInfoVisitor.processInstructions(UsageInfoVisitor.java:128)
	at jadx.core.dex.visitors.usage.UsageInfoVisitor.processMethod(UsageInfoVisitor.java:113)
	at jadx.core.dex.visitors.usage.UsageInfoVisitor.processClass(UsageInfoVisitor.java:101)
	at jadx.core.dex.visitors.usage.UsageInfoVisitor.buildUsageData(UsageInfoVisitor.java:81)
	at jadx.core.dex.visitors.usage.UsageInfoVisitor.init(UsageInfoVisitor.java:65)
	at jadx.core.dex.nodes.RootNode.runPreDecompileStage(RootNode.java:356)
	at jadx.api.JadxDecompiler.load(JadxDecompiler.java:136)
	at jadx.cli.JadxCLI.runSave(JadxCLI.java:71)
	at jadx.cli.JadxCLI.execute(JadxCLI.java:44)
	at jadx.cli.JadxCLI.execute(JadxCLI.java:33)
	at jadx.cli.JadxCLI.main(JadxCLI.java:26)
ERROR - Dependency scan failed at insn: 0x0005: INVOKE_SUPER r14, r1 in method: com.shadow.kotlin.collections.builders.ListBuilder.<init>(E[], int, int, boolean, kotlin.collections.builders.ListBuilder<E>, kotlin.collections.builders.ListBuilder<E>):void, file: /workspace/xh/fixp_148608.dex
java.lang.IllegalArgumentException: newPosition < 0: (-1478780197 < 0)
	at java.base/java.nio.Buffer.createPositionException(Buffer.java:351)
	at java.base/java.nio.Buffer.position(Buffer.java:326)
	at java.base/java.nio.ByteBuffer.position(ByteBuffer.java:1561)
	at jadx.plugins.input.dex.sections.SectionReader.absPos(SectionReader.java:82)
	at jadx.plugins.input.dex.sections.SectionReader.readTypeListAt(SectionReader.java:141)
	at jadx.plugins.input.dex.sections.SectionReader.loadMethodRef(SectionReader.java:269)
	at jadx.plugins.input.dex.sections.DexMethodRef.load(DexMethodRef.java:28)
	at jadx.core.dex.info.MethodInfo.fromRef(MethodInfo.java:47)
	at jadx.core.dex.visitors.usage.UsageInfoVisitor.processInsn(UsageInfoVisitor.java:165)
	at jadx.core.dex.visitors.usage.UsageInfoVisitor.lambda$processInstructions$0(UsageInfoVisitor.java:130)
	at jadx.plugins.input.dex.sections.DexCodeReader.visitInstructions(DexCodeReader.java:86)
	at jadx.core.dex.visitors.usage.UsageInfoVisitor.processInstructions(UsageInfoVisitor.java:128)
	at jadx.core.dex.visitors.usage.UsageInfoVisitor.processMethod(UsageInfoVisitor.java:113)
	at jadx.core.dex.visitors.usage.UsageInfoVisitor.processClass(UsageInfoVisitor.java:101)
	at jadx.core.dex.visitors.usage.UsageInfoVisitor.buildUsageData(UsageInfoVisitor.java:81)
	at jadx.core.dex.visitors.usage.UsageInfoVisitor.init(UsageInfoVisitor.java:65)
	at jadx.core.dex.nodes.RootNode.runPreDecompileStage(RootNode.java:356)
	at jadx.api.JadxDecompiler.load(JadxDecompiler.java:136)
	at jadx.cli.JadxCLI.runSave(JadxCLI.java:71)
	at jadx.cli.JadxCLI.execute(JadxCLI.java:44)
	at jadx.cli.JadxCLI.execute(JadxCLI.java:33)
	at jadx.cli.JadxCLI.main(JadxCLI.java:26)
ERROR - Dependency scan failed at insn: 0x0008: SPUT r74 in method: com.shadow.kotlin.collections.builders.ListBuilder.QYwWFk():void, file: /workspace/xh/fixp_148608.dex
java.lang.IllegalArgumentException: newPosition < 0: (-980071920 < 0)
	at java.base/java.nio.Buffer.createPositionException(Buffer.java:351)
	at java.base/java.nio.Buffer.position(Buffer.java:326)
	at java.base/java.nio.ByteBuffer.position(ByteBuffer.java:1561)
	at jadx.plugins.input.dex.sections.SectionReader.absPos(SectionReader.java:82)
	at jadx.plugins.input.dex.sections.SectionReader.getString(SectionReader.java:175)
	at jadx.plugins.input.dex.sections.SectionReader.fillFieldData(SectionReader.java:195)
	at jadx.plugins.input.dex.sections.SectionReader.getFieldRef(SectionReader.java:183)
	at jadx.plugins.input.dex.insns.DexInsnData.getIndexAsField(DexInsnData.java:131)
	at jadx.core.dex.visitors.usage.UsageInfoVisitor.processInsn(UsageInfoVisitor.java:150)
	at jadx.core.dex.visitors.usage.UsageInfoVisitor.lambda$processInstructions$0(UsageInfoVisitor.java:130)
	at jadx.plugins.input.dex.sections.DexCodeReader.visitInstructions(DexCodeReader.java:86)
	at jadx.core.dex.visitors.usage.UsageInfoVisitor.processInstructions(UsageInfoVisitor.java:128)
	at jadx.core.dex.visitors.usage.UsageInfoVisitor.processMethod(UsageInfoVisitor.java:113)
	at jadx.core.dex.visitors.usage.UsageInfoVisitor.processClass(UsageInfoVisitor.java:101)
	at jadx.core.dex.visitors.usage.UsageInfoVisitor.buildUsageData(UsageInfoVisitor.java:81)
	at jadx.core.dex.visitors.usage.UsageInfoVisitor.init(UsageInfoVisitor.java:65)
	at jadx.core.dex.nodes.RootNode.runPreDecompileStage(RootNode.java:356)
	at jadx.api.JadxDecompiler.load(JadxDecompiler.java:136)
	at jadx.cli.JadxCLI.runSave(JadxCLI.java:71)
	at jadx.cli.JadxCLI.execute(JadxCLI.java:44)
	at jadx.cli.JadxCLI.execute(JadxCLI.java:33)
	at jadx.cli.JadxCLI.main(JadxCLI.java:26)
ERROR - Dependency scan failed at insn: 0x000D: IGET r10, r14 in method: com.shadow.kotlin.collections.builders.ListBuilder.QYwWFk():void, file: /workspace/xh/fixp_148608.dex
java.lang.NullPointerException: Cannot invoke "jadx.core.dex.instructions.args.ArgType.hashCode()" because "this.type" is null
	at jadx.core.dex.info.FieldInfo.hashCode(FieldInfo.java:102)
	at java.base/java.util.HashMap.hash(HashMap.java:338)
	at java.base/java.util.HashMap.getNode(HashMap.java:577)
	at java.base/java.util.HashMap.get(HashMap.java:565)
	at jadx.core.dex.info.InfoStorage.getField(InfoStorage.java:57)
	at jadx.core.dex.info.FieldInfo.fromRef(FieldInfo.java:33)
	at jadx.core.dex.visitors.usage.UsageInfoVisitor.processInsn(UsageInfoVisitor.java:150)
	at jadx.core.dex.visitors.usage.UsageInfoVisitor.lambda$processInstructions$0(UsageInfoVisitor.java:130)
	at jadx.plugins.input.dex.sections.DexCodeReader.visitInstructions(DexCodeReader.java:86)
	at jadx.core.dex.visitors.usage.UsageInfoVisitor.processInstructions(UsageInfoVisitor.java:128)
	at jadx.core.dex.visitors.usage.UsageInfoVisitor.processMethod(UsageInfoVisitor.java:113)
	at jadx.core.dex.visitors.usage.UsageInfoVisitor.processClass(UsageInfoVisitor.java:101)
	at jadx.core.dex.visitors.usage.UsageInfoVisitor.buildUsageData(UsageInfoVisitor.java:81)
	at jadx.core.dex.visitors.usage.UsageInfoVisitor.init(UsageInfoVisitor.java:65)
	at jadx.core.dex.nodes.RootNode.runPreDecompileStage(RootNode.java:356)
	at jadx.api.JadxDecompiler.load(JadxDecompiler.java:136)
	at jadx.cli.JadxCLI.runSave(JadxCLI.java:71)
	at jadx.cli.JadxCLI.execute(JadxCLI.java:44)
	at jadx.cli.JadxCLI.execute(JadxCLI.java:33)
	at jadx.cli.JadxCLI.main(JadxCLI.java:26)
ERROR - Dependency scan failed at insn: 0x001D: IPUT r4, r13 in method: com.shadow.kotlin.collections.builders.ListBuilder.QYwWFk():void, file: /workspace/xh/fixp_148608.dex
java.lang.IllegalArgumentException: newPosition > limit: (1476457024 > 3323492)
	at java.base/java.nio.Buffer.createPositionException(Buffer.java:351)
	at java.base/java.nio.Buffer.position(Buffer.java:326)
	at java.base/java.nio.ByteBuffer.position(ByteBuffer.java:1561)
	at jadx.plugins.input.dex.sections.SectionReader.absPos(SectionReader.java:82)
	at jadx.plugins.input.dex.sections.SectionReader.getString(SectionReader.java:175)
	at jadx.plugins.input.dex.sections.SectionReader.fillFieldData(SectionReader.java:195)
	at jadx.plugins.input.dex.sections.SectionReader.getFieldRef(SectionReader.java:183)
	at jadx.plugins.input.dex.insns.DexInsnData.getIndexAsField(DexInsnData.java:131)
	at jadx.core.dex.visitors.usage.UsageInfoVisitor.processInsn(UsageInfoVisitor.java:150)
	at jadx.core.dex.visitors.usage.UsageInfoVisitor.lambda$processInstructions$0(UsageInfoVisitor.java:130)
	at jadx.plugins.input.dex.sections.DexCodeReader.visitInstructions(DexCodeReader.java:86)
	at jadx.core.dex.visitors.usage.UsageInfoVisitor.processInstructions(UsageInfoVisitor.java:128)
	at jadx.core.dex.visitors.usage.UsageInfoVisitor.processMethod(UsageInfoVisitor.java:113)
	at jadx.core.dex.visitors.usage.UsageInfoVisitor.processClass(UsageInfoVisitor.java:101)
	at jadx.core.dex.visitors.usage.UsageInfoVisitor.buildUsageData(UsageInfoVisitor.java:81)
	at jadx.core.dex.visitors.usage.UsageInfoVisitor.init(UsageInfoVisitor.java:65)
	at jadx.core.dex.nodes.RootNode.runPreDecompileStage(RootNode.java:356)
	at jadx.api.JadxDecompiler.load(JadxDecompiler.java:136)
	at jadx.cli.JadxCLI.runSave(JadxCLI.java:71)
	at jadx.cli.JadxCLI.execute(JadxCLI.java:44)
	at jadx.cli.JadxCLI.execute(JadxCLI.java:33)
	at jadx.cli.JadxCLI.main(JadxCLI.java:26)
ERROR - Dependency scan failed at insn: 0x002E: IGET r11, r14 in method: com.shadow.kotlin.collections.builders.ListBuilder.QYwWFk():void, file: /workspace/xh/fixp_148608.dex
java.lang.IllegalArgumentException: newPosition > limit: (1494026688 > 3323492)
	at java.base/java.nio.Buffer.createPositionException(Buffer.java:351)
	at java.base/java.nio.Buffer.position(Buffer.java:326)
	at java.base/java.nio.ByteBuffer.position(ByteBuffer.java:1561)
	at jadx.plugins.input.dex.sections.SectionReader.absPos(SectionReader.java:82)
	at jadx.plugins.input.dex.sections.SectionReader.getString(SectionReader.java:175)
	at jadx.plugins.input.dex.sections.SectionReader.getType(SectionReader.java:165)
	at jadx.plugins.input.dex.sections.SectionReader.fillFieldData(SectionReader.java:194)
	at jadx.plugins.input.dex.sections.SectionReader.getFieldRef(SectionReader.java:183)
	at jadx.plugins.input.dex.insns.DexInsnData.getIndexAsField(DexInsnData.java:131)
	at jadx.core.dex.visitors.usage.UsageInfoVisitor.processInsn(UsageInfoVisitor.java:150)
	at jadx.core.dex.visitors.usage.UsageInfoVisitor.lambda$processInstructions$0(UsageInfoVisitor.java:130)
	at jadx.plugins.input.dex.sections.DexCodeReader.visitInstructions(DexCodeReader.java:86)
	at jadx.core.dex.visitors.usage.UsageInfoVisitor.processInstructions(UsageInfoVisitor.java:128)
	at jadx.core.dex.visitors.usage.UsageInfoVisitor.processMethod(UsageInfoVisitor.java:113)
	at jadx.core.dex.visitors.usage.UsageInfoVisitor.processClass(UsageInfoVisitor.java:101)
	at jadx.core.dex.visitors.usage.UsageInfoVisitor.buildUsageData(UsageInfoVisitor.java:81)
	at jadx.core.dex.visitors.usage.UsageInfoVisitor.init(UsageInfoVisitor.java:65)
	at jadx.core.dex.nodes.RootNode.runPreDecompileStage(RootNode.java:356)
	at jadx.api.JadxDecompiler.load(JadxDecompiler.java:136)
	at jadx.cli.JadxCLI.runSave(JadxCLI.java:71)
	at jadx.cli.JadxCLI.execute(JadxCLI.java:44)
	at jadx.cli.JadxCLI.execute(JadxCLI.java:33)
	at jadx.cli.JadxCLI.main(JadxCLI.java:26)
ERROR - Dependency scan failed at insn: 0x0035: SGET r148 in method: com.shadow.kotlin.collections.builders.ListBuilder.QYwWFk():void, file: /workspace/xh/fixp_148608.dex
java.lang.NullPointerException: Cannot invoke "jadx.core.dex.instructions.args.ArgType.hashCode()" because "this.type" is null
	at jadx.core.dex.info.FieldInfo.hashCode(FieldInfo.java:102)
	at java.base/java.util.HashMap.hash(HashMap.java:338)
	at java.base/java.util.HashMap.getNode(HashMap.java:577)
	at java.base/java.util.HashMap.get(HashMap.java:565)
	at jadx.core.dex.info.InfoStorage.getField(InfoStorage.java:57)
	at jadx.core.dex.info.FieldInfo.fromRef(FieldInfo.java:33)
	at jadx.core.dex.visitors.usage.UsageInfoVisitor.processInsn(UsageInfoVisitor.java:150)
	at jadx.core.dex.visitors.usage.UsageInfoVisitor.lambda$processInstructions$0(UsageInfoVisitor.java:130)
	at jadx.plugins.input.dex.sections.DexCodeReader.visitInstructions(DexCodeReader.java:86)
	at jadx.core.dex.visitors.usage.UsageInfoVisitor.processInstructions(UsageInfoVisitor.java:128)
	at jadx.core.dex.visitors.usage.UsageInfoVisitor.processMethod(UsageInfoVisitor.java:113)
	at jadx.core.dex.visitors.usage.UsageInfoVisitor.processClass(UsageInfoVisitor.java:101)
	at jadx.core.dex.visitors.usage.UsageInfoVisitor.buildUsageData(UsageInfoVisitor.java:81)
	at jadx.core.dex.visitors.usage.UsageInfoVisitor.init(UsageInfoVisitor.java:65)
	at jadx.core.dex.nodes.RootNode.runPreDecompileStage(RootNode.java:356)
	at jadx.api.JadxDecompiler.load(JadxDecompiler.java:136)
	at jadx.cli.JadxCLI.runSave(JadxCLI.java:71)
	at jadx.cli.JadxCLI.execute(JadxCLI.java:44)
	at jadx.cli.JadxCLI.execute(JadxCLI.java:33)
	at jadx.cli.JadxCLI.main(JadxCLI.java:26)
ERROR - Dependency scan failed at insn: 0x003A: SGET r122 in method: com.shadow.kotlin.collections.builders.ListBuilder.QYwWFk():void, file: /workspace/xh/fixp_148608.dex
java.lang.IllegalArgumentException: newPosition < 0: (-1514288640 < 0)
	at java.base/java.nio.Buffer.createPositionException(Buffer.java:351)
	at java.base/java.nio.Buffer.position(Buffer.java:326)
	at java.base/java.nio.ByteBuffer.position(ByteBuffer.java:1561)
	at jadx.plugins.input.dex.sections.SectionReader.absPos(SectionReader.java:82)
	at jadx.plugins.input.dex.sections.SectionReader.getString(SectionReader.java:175)
	at jadx.plugins.input.dex.sections.SectionReader.getType(SectionReader.java:165)
	at jadx.plugins.input.dex.sections.SectionReader.fillFieldData(SectionReader.java:194)
	at jadx.plugins.input.dex.sections.SectionReader.getFieldRef(SectionReader.java:183)
	at jadx.plugins.input.dex.insns.DexInsnData.getIndexAsField(DexInsnData.java:131)
	at jadx.core.dex.visitors.usage.UsageInfoVisitor.processInsn(UsageInfoVisitor.java:150)
	at jadx.core.dex.visitors.usage.UsageInfoVisitor.lambda$processInstructions$0(UsageInfoVisitor.java:130)
	at jadx.plugins.input.dex.sections.DexCodeReader.visitInstructions(DexCodeReader.java:86)
	at jadx.core.dex.visitors.usage.UsageInfoVisitor.processInstructions(UsageInfoVisitor.java:128)
	at jadx.core.dex.visitors.usage.UsageInfoVisitor.processMethod(UsageInfoVisitor.java:113)
	at jadx.core.dex.visitors.usage.UsageInfoVisitor.processClass(UsageInfoVisitor.java:101)
	at jadx.core.dex.visitors.usage.UsageInfoVisitor.buildUsageData(UsageInfoVisitor.java:81)
	at jadx.core.dex.visitors.usage.UsageInfoVisitor.init(UsageInfoVisitor.java:65)
	at jadx.core.dex.nodes.RootNode.runPreDecompileStage(RootNode.java:356)
	at jadx.api.JadxDecompiler.load(JadxDecompiler.java:136)
	at jadx.cli.JadxCLI.runSave(JadxCLI.java:71)
	at jadx.cli.JadxCLI.execute(JadxCLI.java:44)
	at jadx.cli.JadxCLI.execute(JadxCLI.java:33)
	at jadx.cli.JadxCLI.main(JadxCLI.java:26)
ERROR - Dependency scan failed at insn: 0x0004: SPUT r3 in method: com.shadow.kotlin.collections.builders.ListBuilder.addAllInternal(int, java.util.Collection<? extends E>, int):void, file: /workspace/xh/fixp_148608.dex
java.lang.IllegalArgumentException: newPosition < 0: (-936116072 < 0)
	at java.base/java.nio.Buffer.createPositionException(Buffer.java:351)
	at java.base/java.nio.Buffer.position(Buffer.java:326)
	at java.base/java.nio.ByteBuffer.position(ByteBuffer.java:1561)
	at jadx.plugins.input.dex.sections.SectionReader.absPos(SectionReader.java:82)
	at jadx.plugins.input.dex.sections.SectionReader.getString(SectionReader.java:175)
	at jadx.plugins.input.dex.sections.SectionReader.getType(SectionReader.java:165)
	at jadx.plugins.input.dex.sections.SectionReader.fillFieldData(SectionReader.java:194)
	at jadx.plugins.input.dex.sections.SectionReader.getFieldRef(SectionReader.java:183)
	at jadx.plugins.input.dex.insns.DexInsnData.getIndexAsField(DexInsnData.java:131)
	at jadx.core.dex.visitors.usage.UsageInfoVisitor.processInsn(UsageInfoVisitor.java:150)
	at jadx.core.dex.visitors.usage.UsageInfoVisitor.lambda$processInstructions$0(UsageInfoVisitor.java:130)
	at jadx.plugins.input.dex.sections.DexCodeReader.visitInstructions(DexCodeReader.java:86)
	at jadx.core.dex.visitors.usage.UsageInfoVisitor.processInstructions(UsageInfoVisitor.java:128)
	at jadx.core.dex.visitors.usage.UsageInfoVisitor.processMethod(UsageInfoVisitor.java:113)
	at jadx.core.dex.visitors.usage.UsageInfoVisitor.processClass(UsageInfoVisitor.java:101)
	at jadx.core.dex.visitors.usage.UsageInfoVisitor.buildUsageData(UsageInfoVisitor.java:81)
	at jadx.core.dex.visitors.usage.UsageInfoVisitor.init(UsageInfoVisitor.java:65)
	at jadx.core.dex.nodes.RootNode.runPreDecompileStage(RootNode.java:356)
	at jadx.api.JadxDecompiler.load(JadxDecompiler.java:136)
	at jadx.cli.JadxCLI.runSave(JadxCLI.java:71)
	at jadx.cli.JadxCLI.execute(JadxCLI.java:44)
	at jadx.cli.JadxCLI.execute(JadxCLI.java:33)
	at jadx.cli.JadxCLI.main(JadxCLI.java:26)
ERROR - Dependency scan failed at insn: 0x0006: SGET r177 in method: com.shadow.kotlin.collections.builders.ListBuilder.addAllInternal(int, java.util.Collection<? extends E>, int):void, file: /workspace/xh/fixp_148608.dex
java.lang.IllegalArgumentException: newPosition < 0: (-2060426128 < 0)
	at java.base/java.nio.Buffer.createPositionException(Buffer.java:351)
	at java.base/java.nio.Buffer.position(Buffer.java:326)
	at java.base/java.nio.ByteBuffer.position(ByteBuffer.java:1561)
	at jadx.plugins.input.dex.sections.SectionReader.absPos(SectionReader.java:82)
	at jadx.plugins.input.dex.sections.SectionReader.getString(SectionReader.java:175)
	at jadx.plugins.input.dex.sections.SectionReader.fillFieldData(SectionReader.java:195)
	at jadx.plugins.input.dex.sections.SectionReader.getFieldRef(SectionReader.java:183)
	at jadx.plugins.input.dex.insns.DexInsnData.getIndexAsField(DexInsnData.java:131)
	at jadx.core.dex.visitors.usage.UsageInfoVisitor.processInsn(UsageInfoVisitor.java:150)
	at jadx.core.dex.visitors.usage.UsageInfoVisitor.lambda$processInstructions$0(UsageInfoVisitor.java:130)
	at jadx.plugins.input.dex.sections.DexCodeReader.visitInstructions(DexCodeReader.java:86)
	at jadx.core.dex.visitors.usage.UsageInfoVisitor.processInstructions(UsageInfoVisitor.java:128)
	at jadx.core.dex.visitors.usage.UsageInfoVisitor.processMethod(UsageInfoVisitor.java:113)
	at jadx.core.dex.visitors.usage.UsageInfoVisitor.processClass(UsageInfoVisitor.java:101)
	at jadx.core.dex.visitors.usage.UsageInfoVisitor.buildUsageData(UsageInfoVisitor.java:81)
	at jadx.core.dex.visitors.usage.UsageInfoVisitor.init(UsageInfoVisitor.java:65)
	at jadx.core.dex.nodes.RootNode.runPreDecompileStage(RootNode.java:356)
	at jadx.api.JadxDecompiler.load(JadxDecompiler.java:136)
	at jadx.cli.JadxCLI.runSave(JadxCLI.java:71)
	at jadx.cli.JadxCLI.execute(JadxCLI.java:44)
	at jadx.cli.JadxCLI.execute(JadxCLI.java:33)
	at jadx.cli.JadxCLI.main(JadxCLI.java:26)
ERROR - Dependency scan failed at insn: 0x0008: IGET r2, r11 in method: com.shadow.kotlin.collections.builders.ListBuilder.addAllInternal(int, java.util.Collection<? extends E>, int):void, file: /workspace/xh/fixp_148608.dex
java.lang.IllegalArgumentException: newPosition < 0: (-1849155472 < 0)
	at java.base/java.nio.Buffer.createPositionException(Buffer.java:351)
	at java.base/java.nio.Buffer.position(Buffer.java:326)
	at java.base/java.nio.ByteBuffer.position(ByteBuffer.java:1561)
	at jadx.plugins.input.dex.sections.SectionReader.absPos(SectionReader.java:82)
	at jadx.plugins.input.dex.sections.SectionReader.getString(SectionReader.java:175)
	at jadx.plugins.input.dex.sections.SectionReader.fillFieldData(SectionReader.java:195)
	at jadx.plugins.input.dex.sections.SectionReader.getFieldRef(SectionReader.java:183)
	at jadx.plugins.input.dex.insns.DexInsnData.getIndexAsField(DexInsnData.java:131)
	at jadx.core.dex.visitors.usage.UsageInfoVisitor.processInsn(UsageInfoVisitor.java:150)
	at jadx.core.dex.visitors.usage.UsageInfoVisitor.lambda$processInstructions$0(UsageInfoVisitor.java:130)
	at jadx.plugins.input.dex.sections.DexCodeReader.visitInstructions(DexCodeReader.java:86)
	at jadx.core.dex.visitors.usage.UsageInfoVisitor.processInstructions(UsageInfoVisitor.java:128)
	at jadx.core.dex.visitors.usage.UsageInfoVisitor.processMethod(UsageInfoVisitor.java:113)
	at jadx.core.dex.visitors.usage.UsageInfoVisitor.processClass(UsageInfoVisitor.java:101)
	at jadx.core.dex.visitors.usage.UsageInfoVisitor.buildUsageData(UsageInfoVisitor.java:81)
	at jadx.core.dex.visitors.usage.UsageInfoVisitor.init(UsageInfoVisitor.java:65)
	at jadx.core.dex.nodes.RootNode.runPreDecompileStage(RootNode.java:356)
	at jadx.api.JadxDecompiler.load(JadxDecompiler.java:136)
	at jadx.cli.JadxCLI.runSave(JadxCLI.java:71)
	at jadx.cli.JadxCLI.execute(JadxCLI.java:44)
	at jadx.cli.JadxCLI.execute(JadxCLI.java:33)
	at jadx.cli.JadxCLI.main(JadxCLI.java:26)
ERROR - Dependency scan failed at insn: 0x0010: IPUT r10, r14 in method: com.shadow.kotlin.collections.builders.ListBuilder.addAllInternal(int, java.util.Collection<? extends E>, int):void, file: /workspace/xh/fixp_148608.dex
java.lang.IllegalArgumentException: newPosition < 0: (-2051686912 < 0)
	at java.base/java.nio.Buffer.createPositionException(Buffer.java:351)
	at java.base/java.nio.Buffer.position(Buffer.java:326)
	at java.base/java.nio.ByteBuffer.position(ByteBuffer.java:1561)
	at jadx.plugins.input.dex.sections.SectionReader.absPos(SectionReader.java:82)
	at jadx.plugins.input.dex.sections.SectionReader.getString(SectionReader.java:175)
	at jadx.plugins.input.dex.sections.SectionReader.getType(SectionReader.java:165)
	at jadx.plugins.input.dex.sections.SectionReader.fillFieldData(SectionReader.java:194)
	at jadx.plugins.input.dex.sections.SectionReader.getFieldRef(SectionReader.java:183)
	at jadx.plugins.input.dex.insns.DexInsnData.getIndexAsField(DexInsnData.java:131)
	at jadx.core.dex.visitors.usage.UsageInfoVisitor.processInsn(UsageInfoVisitor.java:150)
	at jadx.core.dex.visitors.usage.UsageInfoVisitor.lambda$processInstructions$0(UsageInfoVisitor.java:130)
	at jadx.plugins.input.dex.sections.DexCodeReader.visitInstructions(DexCodeReader.java:86)
	at jadx.core.dex.visitors.usage.UsageInfoVisitor.processInstructions(UsageInfoVisitor.java:128)
	at jadx.core.dex.visitors.usage.UsageInfoVisitor.processMethod(UsageInfoVisitor.java:113)
	at jadx.core.dex.visitors.usage.UsageInfoVisitor.processClass(UsageInfoVisitor.java:101)
	at jadx.core.dex.visitors.usage.UsageInfoVisitor.buildUsageData(UsageInfoVisitor.java:81)
	at jadx.core.dex.visitors.usage.UsageInfoVisitor.init(UsageInfoVisitor.java:65)
	at jadx.core.dex.nodes.RootNode.runPreDecompileStage(RootNode.java:356)
	at jadx.api.JadxDecompiler.load(JadxDecompiler.java:136)
	at jadx.cli.JadxCLI.runSave(JadxCLI.java:71)
	at jadx.cli.JadxCLI.execute(JadxCLI.java:44)
	at jadx.cli.JadxCLI.execute(JadxCLI.java:33)
	at jadx.cli.JadxCLI.main(JadxCLI.java:26)
ERROR - Dependency scan failed in method: com.shadow.kotlin.collections.builders.ListBuilder.addAllInternal(int, java.util.Collection<? extends E>, int):void, file: /workspace/xh/fixp_148608.dex
java.lang.ArrayIndexOutOfBoundsException: Index 5 out of bounds for length 5
	at jadx.plugins.input.dex.insns.DexInsnData.toString(DexInsnData.java:251)
	at java.base/java.lang.String.valueOf(String.java:4530)
	at jadx.core.dex.visitors.usage.UsageInfoVisitor.lambda$processInstructions$0(UsageInfoVisitor.java:132)
	at jadx.plugins.input.dex.sections.DexCodeReader.visitInstructions(DexCodeReader.java:86)
	at jadx.core.dex.visitors.usage.UsageInfoVisitor.processInstructions(UsageInfoVisitor.java:128)
	at jadx.core.dex.visitors.usage.UsageInfoVisitor.processMethod(UsageInfoVisitor.java:113)
	at jadx.core.dex.visitors.usage.UsageInfoVisitor.processClass(UsageInfoVisitor.java:101)
	at jadx.core.dex.visitors.usage.UsageInfoVisitor.buildUsageData(UsageInfoVisitor.java:81)
	at jadx.core.dex.visitors.usage.UsageInfoVisitor.init(UsageInfoVisitor.java:65)
	at jadx.core.dex.nodes.RootNode.runPreDecompileStage(RootNode.java:356)
	at jadx.api.JadxDecompiler.load(JadxDecompiler.java:136)
	at jadx.cli.JadxCLI.runSave(JadxCLI.java:71)
	at jadx.cli.JadxCLI.execute(JadxCLI.java:44)
	at jadx.cli.JadxCLI.execute(JadxCLI.java:33)
	at jadx.cli.JadxCLI.main(JadxCLI.java:26)
ERROR - Dependency scan failed at insn: 0x0005: SPUT r106 in method: com.shadow.kotlin.collections.builders.ListBuilder.addAtInternal(int, E):void, file: /workspace/xh/fixp_148608.dex
java.lang.IllegalArgumentException: newPosition > limit: (467407276 > 3323492)
	at java.base/java.nio.Buffer.createPositionException(Buffer.java:351)
	at java.base/java.nio.Buffer.position(Buffer.java:326)
	at java.base/java.nio.ByteBuffer.position(ByteBuffer.java:1561)
	at jadx.plugins.input.dex.sections.SectionReader.absPos(SectionReader.java:82)
	at jadx.plugins.input.dex.sections.SectionReader.getString(SectionReader.java:175)
	at jadx.plugins.input.dex.sections.SectionReader.getType(SectionReader.java:165)
	at jadx.plugins.input.dex.sections.SectionReader.fillFieldData(SectionReader.java:194)
	at jadx.plugins.input.dex.sections.SectionReader.getFieldRef(SectionReader.java:183)
	at jadx.plugins.input.dex.insns.DexInsnData.getIndexAsField(DexInsnData.java:131)
	at jadx.core.dex.visitors.usage.UsageInfoVisitor.processInsn(UsageInfoVisitor.java:150)
	at jadx.core.dex.visitors.usage.UsageInfoVisitor.lambda$processInstructions$0(UsageInfoVisitor.java:130)
	at jadx.plugins.input.dex.sections.DexCodeReader.visitInstructions(DexCodeReader.java:86)
	at jadx.core.dex.visitors.usage.UsageInfoVisitor.processInstructions(UsageInfoVisitor.java:128)
	at jadx.core.dex.visitors.usage.UsageInfoVisitor.processMethod(UsageInfoVisitor.java:113)
	at jadx.core.dex.visitors.usage.UsageInfoVisitor.processClass(UsageInfoVisitor.java:101)
	at jadx.core.dex.visitors.usage.UsageInfoVisitor.buildUsageData(UsageInfoVisitor.java:81)
	at jadx.core.dex.visitors.usage.UsageInfoVisitor.init(UsageInfoVisitor.java:65)
	at jadx.core.dex.nodes.RootNode.runPreDecompileStage(RootNode.java:356)
	at jadx.api.JadxDecompiler.load(JadxDecompiler.java:136)
	at jadx.cli.JadxCLI.runSave(JadxCLI.java:71)
	at jadx.cli.JadxCLI.execute(JadxCLI.java:44)
	at jadx.cli.JadxCLI.execute(JadxCLI.java:33)
	at jadx.cli.JadxCLI.main(JadxCLI.java:26)
ERROR - Dependency scan failed in method: com.shadow.kotlin.collections.builders.ListBuilder.checkForComodification():void, file: /workspace/xh/fixp_148608.dex
java.lang.ArrayIndexOutOfBoundsException: Index 5 out of bounds for length 5
	at jadx.plugins.input.dex.insns.DexInsnData.toString(DexInsnData.java:251)
	at java.base/java.lang.String.valueOf(String.java:4530)
	at jadx.core.dex.visitors.usage.UsageInfoVisitor.lambda$processInstructions$0(UsageInfoVisitor.java:132)
	at jadx.plugins.input.dex.sections.DexCodeReader.visitInstructions(DexCodeReader.java:86)
	at jadx.core.dex.visitors.usage.UsageInfoVisitor.processInstructions(UsageInfoVisitor.java:128)
	at jadx.core.dex.visitors.usage.UsageInfoVisitor.processMethod(UsageInfoVisitor.java:113)
	at jadx.core.dex.visitors.usage.UsageInfoVisitor.processClass(UsageInfoVisitor.java:101)
	at jadx.core.dex.visitors.usage.UsageInfoVisitor.buildUsageData(UsageInfoVisitor.java:81)
	at jadx.core.dex.visitors.usage.UsageInfoVisitor.init(UsageInfoVisitor.java:65)
	at jadx.core.dex.nodes.RootNode.runPreDecompileStage(RootNode.java:356)
	at jadx.api.JadxDecompiler.load(JadxDecompiler.java:136)
	at jadx.cli.JadxCLI.runSave(JadxCLI.java:71)
	at jadx.cli.JadxCLI.execute(JadxCLI.java:44)
	at jadx.cli.JadxCLI.execute(JadxCLI.java:33)
	at jadx.cli.JadxCLI.main(JadxCLI.java:26)
ERROR - Dependency scan failed at insn: 0x0001: FILLED_NEW_ARRAY_RANGE r52902, r52903, r52904, r52905, r52906, r52907, r52908, r52909, r52910, r52911, r52912, r52913, r52914, r52915, r52916, r52917, r52918, r52919, r52920, r52921, r52922, r52923, r52924, r52925, r52926, r52927, r52928, r52929, r52930, r52931, r52932, r52933, r52934, r52935, r52936, r52937, r52938, r52939, r52940, r52941, r52942, r52943, r52944, r52945, r52946, r52947, r52948, r52949, r52950, r52951, r52952, r52953, r52954, r52955, r52956, r52957, r52958, r52959, r52960, r52961, r52962, r52963, r52964, r52965, r52966, r52967, r52968, r52969, r52970, r52971, r52972, r52973, r52974, r52975, r52976, r52977, r52978, r52979, r52980, r52981, r52982, r52983, r52984, r52985, r52986, r52987, r52988, r52989, r52990, r52991, r52992, r52993, r52994, r52995, r52996, r52997, r52998, r52999, r53000, r53001, r53002, r53003, r53004, r53005, r53006, r53007, r53008, r53009, r53010, r53011, r53012, r53013, r53014, r53015, r53016, r53017, r53018, r53019, r53020, r53021, r53022, r53023, r53024, r53025, r53026, r53027, r53028, r53029, r53030, r53031, r53032, r53033, r53034, r53035, r53036, r53037, r53038, r53039, r53040, r53041, r53042, r53043, r53044, r53045, r53046, r53047, r53048, r53049, r53050, r53051, r53052, r53053, r53054, r53055, r53056, r53057, r53058, r53059, r53060, r53061, r53062, r53063, r53064, r53065, r53066, r53067, r53068, r53069, r53070, r53071, r53072, r53073, r53074, r53075, r53076, r53077, r53078, r53079, r53080, r53081, r53082, r53083, r53084, r53085, r53086, r53087 in method: com.shadow.kotlin.collections.builders.ListBuilder.checkIsMutable():void, file: /workspace/xh/fixp_148608.dex
java.lang.IllegalArgumentException: newPosition > limit: (8630320 > 3323492)
	at java.base/java.nio.Buffer.createPositionException(Buffer.java:351)
	at java.base/java.nio.Buffer.position(Buffer.java:326)
	at java.base/java.nio.ByteBuffer.position(ByteBuffer.java:1561)
	at jadx.plugins.input.dex.sections.SectionReader.absPos(SectionReader.java:82)
	at jadx.plugins.input.dex.sections.SectionReader.getString(SectionReader.java:175)
	at jadx.plugins.input.dex.sections.SectionReader.getType(SectionReader.java:165)
	at jadx.plugins.input.dex.insns.DexInsnData.getIndexAsType(DexInsnData.java:126)
	at jadx.core.dex.visitors.usage.UsageInfoVisitor.processInsn(UsageInfoVisitor.java:144)
	at jadx.core.dex.visitors.usage.UsageInfoVisitor.lambda$processInstructions$0(UsageInfoVisitor.java:130)
	at jadx.plugins.input.dex.sections.DexCodeReader.visitInstructions(DexCodeReader.java:86)
	at jadx.core.dex.visitors.usage.UsageInfoVisitor.processInstructions(UsageInfoVisitor.java:128)
	at jadx.core.dex.visitors.usage.UsageInfoVisitor.processMethod(UsageInfoVisitor.java:113)
	at jadx.core.dex.visitors.usage.UsageInfoVisitor.processClass(UsageInfoVisitor.java:101)
	at jadx.core.dex.visitors.usage.UsageInfoVisitor.buildUsageData(UsageInfoVisitor.java:81)
	at jadx.core.dex.visitors.usage.UsageInfoVisitor.init(UsageInfoVisitor.java:65)
	at jadx.core.dex.nodes.RootNode.runPreDecompileStage(RootNode.java:356)
	at jadx.api.JadxDecompiler.load(JadxDecompiler.java:136)
	at jadx.cli.JadxCLI.runSave(JadxCLI.java:71)
	at jadx.cli.JadxCLI.execute(JadxCLI.java:44)
	at jadx.cli.JadxCLI.execute(JadxCLI.java:33)
	at jadx.cli.JadxCLI.main(JadxCLI.java:26)
ERROR - Dependency scan failed at insn: 0x0009: IGET r2, r2 in method: com.shadow.kotlin.collections.builders.ListBuilder.checkIsMutable():void, file: /workspace/xh/fixp_148608.dex
java.lang.IllegalArgumentException: newPosition < 0: (-776095192 < 0)
	at java.base/java.nio.Buffer.createPositionException(Buffer.java:351)
	at java.base/java.nio.Buffer.position(Buffer.java:326)
	at java.base/java.nio.ByteBuffer.position(ByteBuffer.java:1561)
	at jadx.plugins.input.dex.sections.SectionReader.absPos(SectionReader.java:82)
	at jadx.plugins.input.dex.sections.SectionReader.getString(SectionReader.java:175)
	at jadx.plugins.input.dex.sections.SectionReader.fillFieldData(SectionReader.java:195)
	at jadx.plugins.input.dex.sections.SectionReader.getFieldRef(SectionReader.java:183)
	at jadx.plugins.input.dex.insns.DexInsnData.getIndexAsField(DexInsnData.java:131)
	at jadx.core.dex.visitors.usage.UsageInfoVisitor.processInsn(UsageInfoVisitor.java:150)
	at jadx.core.dex.visitors.usage.UsageInfoVisitor.lambda$processInstructions$0(UsageInfoVisitor.java:130)
	at jadx.plugins.input.dex.sections.DexCodeReader.visitInstructions(DexCodeReader.java:86)
	at jadx.core.dex.visitors.usage.UsageInfoVisitor.processInstructions(UsageInfoVisitor.java:128)
	at jadx.core.dex.visitors.usage.UsageInfoVisitor.processMethod(UsageInfoVisitor.java:113)
	at jadx.core.dex.visitors.usage.UsageInfoVisitor.processClass(UsageInfoVisitor.java:101)
	at jadx.core.dex.visitors.usage.UsageInfoVisitor.buildUsageData(UsageInfoVisitor.java:81)
	at jadx.core.dex.visitors.usage.UsageInfoVisitor.init(UsageInfoVisitor.java:65)
	at jadx.core.dex.nodes.RootNode.runPreDecompileStage(RootNode.java:356)
	at jadx.api.JadxDecompiler.load(JadxDecompiler.java:136)
	at jadx.cli.JadxCLI.runSave(JadxCLI.java:71)
	at jadx.cli.JadxCLI.execute(JadxCLI.java:44)
	at jadx.cli.JadxCLI.execute(JadxCLI.java:33)
	at jadx.cli.JadxCLI.main(JadxCLI.java:26)
ERROR - Dependency scan failed at insn: 0x000F: SPUT r233 in method: com.shadow.kotlin.collections.builders.ListBuilder.checkIsMutable():void, file: /workspace/xh/fixp_148608.dex
java.lang.IllegalArgumentException: newPosition > limit: (1162351728 > 3323492)
	at java.base/java.nio.Buffer.createPositionException(Buffer.java:351)
	at java.base/java.nio.Buffer.position(Buffer.java:326)
	at java.base/java.nio.ByteBuffer.position(ByteBuffer.java:1561)
	at jadx.plugins.input.dex.sections.SectionReader.absPos(SectionReader.java:82)
	at jadx.plugins.input.dex.sections.SectionReader.getString(SectionReader.java:175)
	at jadx.plugins.input.dex.sections.SectionReader.getType(SectionReader.java:165)
	at jadx.plugins.input.dex.sections.SectionReader.fillFieldData(SectionReader.java:194)
	at jadx.plugins.input.dex.sections.SectionReader.getFieldRef(SectionReader.java:183)
	at jadx.plugins.input.dex.insns.DexInsnData.getIndexAsField(DexInsnData.java:131)
	at jadx.core.dex.visitors.usage.UsageInfoVisitor.processInsn(UsageInfoVisitor.java:150)
	at jadx.core.dex.visitors.usage.UsageInfoVisitor.lambda$processInstructions$0(UsageInfoVisitor.java:130)
	at jadx.plugins.input.dex.sections.DexCodeReader.visitInstructions(DexCodeReader.java:86)
	at jadx.core.dex.visitors.usage.UsageInfoVisitor.processInstructions(UsageInfoVisitor.java:128)
	at jadx.core.dex.visitors.usage.UsageInfoVisitor.processMethod(UsageInfoVisitor.java:113)
	at jadx.core.dex.visitors.usage.UsageInfoVisitor.processClass(UsageInfoVisitor.java:101)
	at jadx.core.dex.visitors.usage.UsageInfoVisitor.buildUsageData(UsageInfoVisitor.java:81)
	at jadx.core.dex.visitors.usage.UsageInfoVisitor.init(UsageInfoVisitor.java:65)
	at jadx.core.dex.nodes.RootNode.runPreDecompileStage(RootNode.java:356)
	at jadx.api.JadxDecompiler.load(JadxDecompiler.java:136)
	at jadx.cli.JadxCLI.runSave(JadxCLI.java:71)
	at jadx.cli.JadxCLI.execute(JadxCLI.java:44)
	at jadx.cli.JadxCLI.execute(JadxCLI.java:33)
	at jadx.cli.JadxCLI.main(JadxCLI.java:26)
ERROR - Dependency scan failed at insn: 0x000D: INVOKE_DIRECT_RANGE r62530, r62531, r62532, r62533, r62534, r62535, r62536, r62537, r62538, r62539, r62540, r62541, r62542, r62543, r62544, r62545, r62546, r62547, r62548, r62549, r62550, r62551, r62552, r62553, r62554, r62555, r62556, r62557, r62558, r62559, r62560, r62561, r62562, r62563, r62564, r62565, r62566, r62567, r62568, r62569, r62570, r62571, r62572, r62573, r62574, r62575, r62576, r62577, r62578, r62579, r62580, r62581, r62582, r62583, r62584, r62585, r62586, r62587, r62588, r62589, r62590, r62591, r62592, r62593, r62594, r62595, r62596, r62597, r62598, r62599, r62600, r62601, r62602, r62603, r62604, r62605, r62606, r62607, r62608, r62609, r62610, r62611, r62612, r62613, r62614, r62615, r62616, r62617, r62618, r62619, r62620, r62621, r62622, r62623, r62624, r62625, r62626, r62627, r62628, r62629, r62630, r62631, r62632, r62633, r62634, r62635, r62636, r62637, r62638, r62639, r62640, r62641, r62642, r62643, r62644, r62645, r62646, r62647, r62648, r62649, r62650, r62651, r62652, r62653, r62654, r62655, r62656, r62657, r62658, r62659, r62660, r62661, r62662, r62663, r62664, r62665, r62666, r62667, r62668, r62669, r62670, r62671, r62672, r62673, r62674, r62675, r62676, r62677, r62678, r62679 in method: com.shadow.kotlin.collections.builders.ListBuilder.insertAtInternal(int, int):void, file: /workspace/xh/fixp_148608.dex
java.lang.IllegalArgumentException: newPosition > limit: (1701402212 > 3323492)
	at java.base/java.nio.Buffer.createPositionException(Buffer.java:351)
	at java.base/java.nio.Buffer.position(Buffer.java:326)
	at java.base/java.nio.ByteBuffer.position(ByteBuffer.java:1561)
	at jadx.plugins.input.dex.sections.SectionReader.absPos(SectionReader.java:82)
	at jadx.plugins.input.dex.sections.SectionReader.readTypeListAt(SectionReader.java:141)
	at jadx.plugins.input.dex.sections.SectionReader.loadMethodRef(SectionReader.java:269)
	at jadx.plugins.input.dex.sections.DexMethodRef.load(DexMethodRef.java:28)
	at jadx.core.dex.info.MethodInfo.fromRef(MethodInfo.java:47)
	at jadx.core.dex.visitors.usage.UsageInfoVisitor.processInsn(UsageInfoVisitor.java:165)
	at jadx.core.dex.visitors.usage.UsageInfoVisitor.lambda$processInstructions$0(UsageInfoVisitor.java:130)
	at jadx.plugins.input.dex.sections.DexCodeReader.visitInstructions(DexCodeReader.java:86)
	at jadx.core.dex.visitors.usage.UsageInfoVisitor.processInstructions(UsageInfoVisitor.java:128)
	at jadx.core.dex.visitors.usage.UsageInfoVisitor.processMethod(UsageInfoVisitor.java:113)
	at jadx.core.dex.visitors.usage.UsageInfoVisitor.processClass(UsageInfoVisitor.java:101)
	at jadx.core.dex.visitors.usage.UsageInfoVisitor.buildUsageData(UsageInfoVisitor.java:81)
	at jadx.core.dex.visitors.usage.UsageInfoVisitor.init(UsageInfoVisitor.java:65)
	at jadx.core.dex.nodes.RootNode.runPreDecompileStage(RootNode.java:356)
	at jadx.api.JadxDecompiler.load(JadxDecompiler.java:136)
	at jadx.cli.JadxCLI.runSave(JadxCLI.java:71)
	at jadx.cli.JadxCLI.execute(JadxCLI.java:44)
	at jadx.cli.JadxCLI.execute(JadxCLI.java:33)
	at jadx.cli.JadxCLI.main(JadxCLI.java:26)
ERROR - Dependency scan failed at insn: 0x002D: SGET r110 in method: com.shadow.kotlin.collections.builders.ListBuilder.insertAtInternal(int, int):void, file: /workspace/xh/fixp_148608.dex
java.lang.IllegalArgumentException: newPosition > limit: (1295855996 > 3323492)
	at java.base/java.nio.Buffer.createPositionException(Buffer.java:351)
	at java.base/java.nio.Buffer.position(Buffer.java:326)
	at java.base/java.nio.ByteBuffer.position(ByteBuffer.java:1561)
	at jadx.plugins.input.dex.sections.SectionReader.absPos(SectionReader.java:82)
	at jadx.plugins.input.dex.sections.SectionReader.getString(SectionReader.java:175)
	at jadx.plugins.input.dex.sections.SectionReader.getType(SectionReader.java:165)
	at jadx.plugins.input.dex.sections.SectionReader.fillFieldData(SectionReader.java:194)
	at jadx.plugins.input.dex.sections.SectionReader.getFieldRef(SectionReader.java:183)
	at jadx.plugins.input.dex.insns.DexInsnData.getIndexAsField(DexInsnData.java:131)
	at jadx.core.dex.visitors.usage.UsageInfoVisitor.processInsn(UsageInfoVisitor.java:150)
	at jadx.core.dex.visitors.usage.UsageInfoVisitor.lambda$processInstructions$0(UsageInfoVisitor.java:130)
	at jadx.plugins.input.dex.sections.DexCodeReader.visitInstructions(DexCodeReader.java:86)
	at jadx.core.dex.visitors.usage.UsageInfoVisitor.processInstructions(UsageInfoVisitor.java:128)
	at jadx.core.dex.visitors.usage.UsageInfoVisitor.processMethod(UsageInfoVisitor.java:113)
	at jadx.core.dex.visitors.usage.UsageInfoVisitor.processClass(UsageInfoVisitor.java:101)
	at jadx.core.dex.visitors.usage.UsageInfoVisitor.buildUsageData(UsageInfoVisitor.java:81)
	at jadx.core.dex.visitors.usage.UsageInfoVisitor.init(UsageInfoVisitor.java:65)
	at jadx.core.dex.nodes.RootNode.runPreDecompileStage(RootNode.java:356)
	at jadx.api.JadxDecompiler.load(JadxDecompiler.java:136)
	at jadx.cli.JadxCLI.runSave(JadxCLI.java:71)
	at jadx.cli.JadxCLI.execute(JadxCLI.java:44)
	at jadx.cli.JadxCLI.execute(JadxCLI.java:33)
	at jadx.cli.JadxCLI.main(JadxCLI.java:26)
ERROR - Dependency scan failed at insn: 0x0031: IGET r8, r10 in method: com.shadow.kotlin.collections.builders.ListBuilder.insertAtInternal(int, int):void, file: /workspace/xh/fixp_148608.dex
java.lang.IllegalArgumentException: newPosition < 0: (-174222988 < 0)
	at java.base/java.nio.Buffer.createPositionException(Buffer.java:351)
	at java.base/java.nio.Buffer.position(Buffer.java:326)
	at java.base/java.nio.ByteBuffer.position(ByteBuffer.java:1561)
	at jadx.plugins.input.dex.sections.SectionReader.absPos(SectionReader.java:82)
	at jadx.plugins.input.dex.sections.SectionReader.getString(SectionReader.java:175)
	at jadx.plugins.input.dex.sections.SectionReader.getType(SectionReader.java:165)
	at jadx.plugins.input.dex.sections.SectionReader.fillFieldData(SectionReader.java:194)
	at jadx.plugins.input.dex.sections.SectionReader.getFieldRef(SectionReader.java:183)
	at jadx.plugins.input.dex.insns.DexInsnData.getIndexAsField(DexInsnData.java:131)
	at jadx.core.dex.visitors.usage.UsageInfoVisitor.processInsn(UsageInfoVisitor.java:150)
	at jadx.core.dex.visitors.usage.UsageInfoVisitor.lambda$processInstructions$0(UsageInfoVisitor.java:130)
	at jadx.plugins.input.dex.sections.DexCodeReader.visitInstructions(DexCodeReader.java:86)
	at jadx.core.dex.visitors.usage.UsageInfoVisitor.processInstructions(UsageInfoVisitor.java:128)
	at jadx.core.dex.visitors.usage.UsageInfoVisitor.processMethod(UsageInfoVisitor.java:113)
	at jadx.core.dex.visitors.usage.UsageInfoVisitor.processClass(UsageInfoVisitor.java:101)
	at jadx.core.dex.visitors.usage.UsageInfoVisitor.buildUsageData(UsageInfoVisitor.java:81)
	at jadx.core.dex.visitors.usage.UsageInfoVisitor.init(UsageInfoVisitor.java:65)
	at jadx.core.dex.nodes.RootNode.runPreDecompileStage(RootNode.java:356)
	at jadx.api.JadxDecompiler.load(JadxDecompiler.java:136)
	at jadx.cli.JadxCLI.runSave(JadxCLI.java:71)
	at jadx.cli.JadxCLI.execute(JadxCLI.java:44)
	at jadx.cli.JadxCLI.execute(JadxCLI.java:33)
	at jadx.cli.JadxCLI.main(JadxCLI.java:26)
ERROR - Dependency scan failed at insn: 0x0033: IPUT r6, r7 in method: com.shadow.kotlin.collections.builders.ListBuilder.insertAtInternal(int, int):void, file: /workspace/xh/fixp_148608.dex
java.lang.IllegalArgumentException: newPosition < 0: (-725243328 < 0)
	at java.base/java.nio.Buffer.createPositionException(Buffer.java:351)
	at java.base/java.nio.Buffer.position(Buffer.java:326)
	at java.base/java.nio.ByteBuffer.position(ByteBuffer.java:1561)
	at jadx.plugins.input.dex.sections.SectionReader.absPos(SectionReader.java:82)
	at jadx.plugins.input.dex.sections.SectionReader.getString(SectionReader.java:175)
	at jadx.plugins.input.dex.sections.SectionReader.getType(SectionReader.java:165)
	at jadx.plugins.input.dex.sections.SectionReader.fillFieldData(SectionReader.java:194)
	at jadx.plugins.input.dex.sections.SectionReader.getFieldRef(SectionReader.java:183)
	at jadx.plugins.input.dex.insns.DexInsnData.getIndexAsField(DexInsnData.java:131)
	at jadx.core.dex.visitors.usage.UsageInfoVisitor.processInsn(UsageInfoVisitor.java:150)
	at jadx.core.dex.visitors.usage.UsageInfoVisitor.lambda$processInstructions$0(UsageInfoVisitor.java:130)
	at jadx.plugins.input.dex.sections.DexCodeReader.visitInstructions(DexCodeReader.java:86)
	at jadx.core.dex.visitors.usage.UsageInfoVisitor.processInstructions(UsageInfoVisitor.java:128)
	at jadx.core.dex.visitors.usage.UsageInfoVisitor.processMethod(UsageInfoVisitor.java:113)
	at jadx.core.dex.visitors.usage.UsageInfoVisitor.processClass(UsageInfoVisitor.java:101)
	at jadx.core.dex.visitors.usage.UsageInfoVisitor.buildUsageData(UsageInfoVisitor.java:81)
	at jadx.core.dex.visitors.usage.UsageInfoVisitor.init(UsageInfoVisitor.java:65)
	at jadx.core.dex.nodes.RootNode.runPreDecompileStage(RootNode.java:356)
	at jadx.api.JadxDecompiler.load(JadxDecompiler.java:136)
	at jadx.cli.JadxCLI.runSave(JadxCLI.java:71)
	at jadx.cli.JadxCLI.execute(JadxCLI.java:44)
	at jadx.cli.JadxCLI.execute(JadxCLI.java:33)
	at jadx.cli.JadxCLI.main(JadxCLI.java:26)
ERROR - Dependency scan failed at insn: 0x003A: IPUT r9, r9 in method: com.shadow.kotlin.collections.builders.ListBuilder.insertAtInternal(int, int):void, file: /workspace/xh/fixp_148608.dex
java.lang.IllegalArgumentException: newPosition < 0: (-1929014744 < 0)
	at java.base/java.nio.Buffer.createPositionException(Buffer.java:351)
	at java.base/java.nio.Buffer.position(Buffer.java:326)
	at java.base/java.nio.ByteBuffer.position(ByteBuffer.java:1561)
	at jadx.plugins.input.dex.sections.SectionReader.absPos(SectionReader.java:82)
	at jadx.plugins.input.dex.sections.SectionReader.getString(SectionReader.java:175)
	at jadx.plugins.input.dex.sections.SectionReader.fillFieldData(SectionReader.java:195)
	at jadx.plugins.input.dex.sections.SectionReader.getFieldRef(SectionReader.java:183)
	at jadx.plugins.input.dex.insns.DexInsnData.getIndexAsField(DexInsnData.java:131)
	at jadx.core.dex.visitors.usage.UsageInfoVisitor.processInsn(UsageInfoVisitor.java:150)
	at jadx.core.dex.visitors.usage.UsageInfoVisitor.lambda$processInstructions$0(UsageInfoVisitor.java:130)
	at jadx.plugins.input.dex.sections.DexCodeReader.visitInstructions(DexCodeReader.java:86)
	at jadx.core.dex.visitors.usage.UsageInfoVisitor.processInstructions(UsageInfoVisitor.java:128)
	at jadx.core.dex.visitors.usage.UsageInfoVisitor.processMethod(UsageInfoVisitor.java:113)
	at jadx.core.dex.visitors.usage.UsageInfoVisitor.processClass(UsageInfoVisitor.java:101)
	at jadx.core.dex.visitors.usage.UsageInfoVisitor.buildUsageData(UsageInfoVisitor.java:81)
	at jadx.core.dex.visitors.usage.UsageInfoVisitor.init(UsageInfoVisitor.java:65)
	at jadx.core.dex.nodes.RootNode.runPreDecompileStage(RootNode.java:356)
	at jadx.api.JadxDecompiler.load(JadxDecompiler.java:136)
	at jadx.cli.JadxCLI.runSave(JadxCLI.java:71)
	at jadx.cli.JadxCLI.execute(JadxCLI.java:44)
	at jadx.cli.JadxCLI.execute(JadxCLI.java:33)
	at jadx.cli.JadxCLI.main(JadxCLI.java:26)
ERROR - Dependency scan failed at insn: 0x0009: IGET r11, r9 in method: com.shadow.kotlin.collections.builders.ListBuilder.removeAtInternal(int):E, file: /workspace/xh/fixp_148608.dex
java.lang.IllegalArgumentException: newPosition < 0: (-1924274828 < 0)
	at java.base/java.nio.Buffer.createPositionException(Buffer.java:351)
	at java.base/java.nio.Buffer.position(Buffer.java:326)
	at java.base/java.nio.ByteBuffer.position(ByteBuffer.java:1561)
	at jadx.plugins.input.dex.sections.SectionReader.absPos(SectionReader.java:82)
	at jadx.plugins.input.dex.sections.SectionReader.getString(SectionReader.java:175)
	at jadx.plugins.input.dex.sections.SectionReader.fillFieldData(SectionReader.java:195)
	at jadx.plugins.input.dex.sections.SectionReader.getFieldRef(SectionReader.java:183)
	at jadx.plugins.input.dex.insns.DexInsnData.getIndexAsField(DexInsnData.java:131)
	at jadx.core.dex.visitors.usage.UsageInfoVisitor.processInsn(UsageInfoVisitor.java:150)
	at jadx.core.dex.visitors.usage.UsageInfoVisitor.lambda$processInstructions$0(UsageInfoVisitor.java:130)
	at jadx.plugins.input.dex.sections.DexCodeReader.visitInstructions(DexCodeReader.java:86)
	at jadx.core.dex.visitors.usage.UsageInfoVisitor.processInstructions(UsageInfoVisitor.java:128)
	at jadx.core.dex.visitors.usage.UsageInfoVisitor.processMethod(UsageInfoVisitor.java:113)
	at jadx.core.dex.visitors.usage.UsageInfoVisitor.processClass(UsageInfoVisitor.java:101)
	at jadx.core.dex.visitors.usage.UsageInfoVisitor.buildUsageData(UsageInfoVisitor.java:81)
	at jadx.core.dex.visitors.usage.UsageInfoVisitor.init(UsageInfoVisitor.java:65)
	at jadx.core.dex.nodes.RootNode.runPreDecompileStage(RootNode.java:356)
	at jadx.api.JadxDecompiler.load(JadxDecompiler.java:136)
	at jadx.cli.JadxCLI.runSave(JadxCLI.java:71)
	at jadx.cli.JadxCLI.execute(JadxCLI.java:44)
	at jadx.cli.JadxCLI.execute(JadxCLI.java:33)
	at jadx.cli.JadxCLI.main(JadxCLI.java:26)
ERROR - Dependency scan failed at insn: 0x0022: INSTANCE_OF r15, r14 in method: com.shadow.kotlin.collections.builders.ListBuilder.removeAtInternal(int):E, file: /workspace/xh/fixp_148608.dex
java.lang.IllegalArgumentException: newPosition < 0: (-1180327364 < 0)
	at java.base/java.nio.Buffer.createPositionException(Buffer.java:351)
	at java.base/java.nio.Buffer.position(Buffer.java:326)
	at java.base/java.nio.ByteBuffer.position(ByteBuffer.java:1561)
	at jadx.plugins.input.dex.sections.SectionReader.absPos(SectionReader.java:82)
	at jadx.plugins.input.dex.sections.SectionReader.getString(SectionReader.java:175)
	at jadx.plugins.input.dex.sections.SectionReader.getType(SectionReader.java:165)
	at jadx.plugins.input.dex.insns.DexInsnData.getIndexAsType(DexInsnData.java:126)
	at jadx.core.dex.visitors.usage.UsageInfoVisitor.processInsn(UsageInfoVisitor.java:144)
	at jadx.core.dex.visitors.usage.UsageInfoVisitor.lambda$processInstructions$0(UsageInfoVisitor.java:130)
	at jadx.plugins.input.dex.sections.DexCodeReader.visitInstructions(DexCodeReader.java:86)
	at jadx.core.dex.visitors.usage.UsageInfoVisitor.processInstructions(UsageInfoVisitor.java:128)
	at jadx.core.dex.visitors.usage.UsageInfoVisitor.processMethod(UsageInfoVisitor.java:113)
	at jadx.core.dex.visitors.usage.UsageInfoVisitor.processClass(UsageInfoVisitor.java:101)
	at jadx.core.dex.visitors.usage.UsageInfoVisitor.buildUsageData(UsageInfoVisitor.java:81)
	at jadx.core.dex.visitors.usage.UsageInfoVisitor.init(UsageInfoVisitor.java:65)
	at jadx.core.dex.nodes.RootNode.runPreDecompileStage(RootNode.java:356)
	at jadx.api.JadxDecompiler.load(JadxDecompiler.java:136)
	at jadx.cli.JadxCLI.runSave(JadxCLI.java:71)
	at jadx.cli.JadxCLI.execute(JadxCLI.java:44)
	at jadx.cli.JadxCLI.execute(JadxCLI.java:33)
	at jadx.cli.JadxCLI.main(JadxCLI.java:26)
ERROR - Dependency scan failed at insn: 0x002C: SPUT r166 in method: com.shadow.kotlin.collections.builders.ListBuilder.removeAtInternal(int):E, file: /workspace/xh/fixp_148608.dex
java.lang.IllegalArgumentException: newPosition < 0: (-1178753476 < 0)
	at java.base/java.nio.Buffer.createPositionException(Buffer.java:351)
	at java.base/java.nio.Buffer.position(Buffer.java:326)
	at java.base/java.nio.ByteBuffer.position(ByteBuffer.java:1561)
	at jadx.plugins.input.dex.sections.SectionReader.absPos(SectionReader.java:82)
	at jadx.plugins.input.dex.sections.SectionReader.getString(SectionReader.java:175)
	at jadx.plugins.input.dex.sections.SectionReader.fillFieldData(SectionReader.java:195)
	at jadx.plugins.input.dex.sections.SectionReader.getFieldRef(SectionReader.java:183)
	at jadx.plugins.input.dex.insns.DexInsnData.getIndexAsField(DexInsnData.java:131)
	at jadx.core.dex.visitors.usage.UsageInfoVisitor.processInsn(UsageInfoVisitor.java:150)
	at jadx.core.dex.visitors.usage.UsageInfoVisitor.lambda$processInstructions$0(UsageInfoVisitor.java:130)
	at jadx.plugins.input.dex.sections.DexCodeReader.visitInstructions(DexCodeReader.java:86)
	at jadx.core.dex.visitors.usage.UsageInfoVisitor.processInstructions(UsageInfoVisitor.java:128)
	at jadx.core.dex.visitors.usage.UsageInfoVisitor.processMethod(UsageInfoVisitor.java:113)
	at jadx.core.dex.visitors.usage.UsageInfoVisitor.processClass(UsageInfoVisitor.java:101)
	at jadx.core.dex.visitors.usage.UsageInfoVisitor.buildUsageData(UsageInfoVisitor.java:81)
	at jadx.core.dex.visitors.usage.UsageInfoVisitor.init(UsageInfoVisitor.java:65)
	at jadx.core.dex.nodes.RootNode.runPreDecompileStage(RootNode.java:356)
	at jadx.api.JadxDecompiler.load(JadxDecompiler.java:136)
	at jadx.cli.JadxCLI.runSave(JadxCLI.java:71)
	at jadx.cli.JadxCLI.execute(JadxCLI.java:44)
	at jadx.cli.JadxCLI.execute(JadxCLI.java:33)
	at jadx.cli.JadxCLI.main(JadxCLI.java:26)
ERROR - Dependency scan failed at insn: 0x0037: INVOKE_SUPER_RANGE r55093, r55094, r55095, r55096, r55097, r55098, r55099, r55100, r55101, r55102, r55103, r55104, r55105, r55106, r55107, r55108, r55109, r55110, r55111, r55112, r55113, r55114, r55115, r55116, r55117, r55118, r55119, r55120, r55121, r55122, r55123, r55124, r55125, r55126, r55127, r55128, r55129, r55130, r55131, r55132, r55133, r55134, r55135, r55136, r55137, r55138, r55139, r55140, r55141, r55142, r55143, r55144, r55145, r55146, r55147, r55148, r55149, r55150, r55151, r55152, r55153, r55154, r55155, r55156, r55157, r55158, r55159, r55160, r55161, r55162, r55163, r55164, r55165, r55166, r55167, r55168, r55169, r55170, r55171, r55172, r55173, r55174, r55175, r55176, r55177, r55178, r55179, r55180, r55181, r55182, r55183, r55184, r55185, r55186, r55187, r55188, r55189, r55190, r55191, r55192, r55193, r55194, r55195, r55196, r55197, r55198, r55199, r55200, r55201, r55202, r55203, r55204, r55205, r55206, r55207, r55208, r55209, r55210, r55211, r55212, r55213, r55214, r55215, r55216, r55217, r55218, r55219, r55220, r55221, r55222, r55223, r55224, r55225, r55226, r55227, r55228, r55229, r55230, r55231, r55232, r55233, r55234, r55235, r55236, r55237, r55238, r55239, r55240, r55241, r55242, r55243, r55244, r55245, r55246, r55247, r55248, r55249, r55250, r55251, r55252, r55253, r55254, r55255, r55256, r55257, r55258, r55259, r55260, r55261, r55262, r55263, r55264, r55265, r55266, r55267, r55268, r55269, r55270, r55271, r55272, r55273, r55274, r55275, r55276, r55277, r55278, r55279, r55280, r55281, r55282, r55283, r55284, r55285, r55286, r55287, r55288, r55289, r55290, r55291, r55292, r55293, r55294, r55295, r55296, r55297, r55298, r55299, r55300, r55301, r55302, r55303, r55304, r55305, r55306, r55307, r55308, r55309, r55310, r55311, r55312, r55313, r55314, r55315, r55316, r55317, r55318, r55319, r55320, r55321, r55322, r55323, r55324 in method: com.shadow.kotlin.collections.builders.ListBuilder.removeAtInternal(int):E, file: /workspace/xh/fixp_148608.dex
java.lang.IllegalArgumentException: newPosition > limit: (1852120832 > 3323492)
	at java.base/java.nio.Buffer.createPositionException(Buffer.java:351)
	at java.base/java.nio.Buffer.position(Buffer.java:326)
	at java.base/java.nio.ByteBuffer.position(ByteBuffer.java:1561)
	at jadx.plugins.input.dex.sections.SectionReader.absPos(SectionReader.java:82)
	at jadx.plugins.input.dex.sections.SectionReader.readTypeListAt(SectionReader.java:141)
	at jadx.plugins.input.dex.sections.SectionReader.loadMethodRef(SectionReader.java:269)
	at jadx.plugins.input.dex.sections.DexMethodRef.load(DexMethodRef.java:28)
	at jadx.core.dex.info.MethodInfo.fromRef(MethodInfo.java:47)
	at jadx.core.dex.visitors.usage.UsageInfoVisitor.processInsn(UsageInfoVisitor.java:165)
	at jadx.core.dex.visitors.usage.UsageInfoVisitor.lambda$processInstructions$0(UsageInfoVisitor.java:130)
	at jadx.plugins.input.dex.sections.DexCodeReader.visitInstructions(DexCodeReader.java:86)
	at jadx.core.dex.visitors.usage.UsageInfoVisitor.processInstructions(UsageInfoVisitor.java:128)
	at jadx.core.dex.visitors.usage.UsageInfoVisitor.processMethod(UsageInfoVisitor.java:113)
	at jadx.core.dex.visitors.usage.UsageInfoVisitor.processClass(UsageInfoVisitor.java:101)
	at jadx.core.dex.visitors.usage.UsageInfoVisitor.buildUsageData(UsageInfoVisitor.java:81)
	at jadx.core.dex.visitors.usage.UsageInfoVisitor.init(UsageInfoVisitor.java:65)
	at jadx.core.dex.nodes.RootNode.runPreDecompileStage(RootNode.java:356)
	at jadx.api.JadxDecompiler.load(JadxDecompiler.java:136)
	at jadx.cli.JadxCLI.runSave(JadxCLI.java:71)
	at jadx.cli.JadxCLI.execute(JadxCLI.java:44)
	at jadx.cli.JadxCLI.execute(JadxCLI.java:33)
	at jadx.cli.JadxCLI.main(JadxCLI.java:26)
ERROR - Process error:
java.lang.OutOfMemoryError: Java heap space
	at jadx.plugins.input.dex.sections.SectionReader.readUShortArray(SectionReader.java:126)
	at jadx.plugins.input.dex.sections.SectionReader.readTypeList(SectionReader.java:149)
	at jadx.plugins.input.dex.sections.SectionReader.readTypeListAt(SectionReader.java:141)
	at jadx.plugins.input.dex.sections.SectionReader.loadMethodRef(SectionReader.java:269)
	at jadx.plugins.input.dex.sections.DexMethodRef.load(DexMethodRef.java:28)
	at jadx.core.dex.info.MethodInfo.fromRef(MethodInfo.java:47)
	at jadx.core.dex.visitors.usage.UsageInfoVisitor.processInsn(UsageInfoVisitor.java:165)
	at jadx.core.dex.visitors.usage.UsageInfoVisitor.lambda$processInstructions$0(UsageInfoVisitor.java:130)
	at jadx.core.dex.visitors.usage.UsageInfoVisitor$$Lambda/0x0000000083156448.accept(Unknown Source)
	at jadx.plugins.input.dex.sections.DexCodeReader.visitInstructions(DexCodeReader.java:86)
	at jadx.core.dex.visitors.usage.UsageInfoVisitor.processInstructions(UsageInfoVisitor.java:128)
	at jadx.core.dex.visitors.usage.UsageInfoVisitor.processMethod(UsageInfoVisitor.java:113)
	at jadx.core.dex.visitors.usage.UsageInfoVisitor.processClass(UsageInfoVisitor.java:101)
	at jadx.core.dex.visitors.usage.UsageInfoVisitor.buildUsageData(UsageInfoVisitor.java:81)
	at jadx.core.dex.visitors.usage.UsageInfoVisitor.init(UsageInfoVisitor.java:65)
	at jadx.core.dex.nodes.RootNode.runPreDecompileStage(RootNode.java:356)
	at jadx.api.JadxDecompiler.load(JadxDecompiler.java:136)
	at jadx.cli.JadxCLI.runSave(JadxCLI.java:71)
	at jadx.cli.JadxCLI.execute(JadxCLI.java:44)
	at jadx.cli.JadxCLI.execute(JadxCLI.java:33)
	at jadx.cli.JadxCLI.main(JadxCLI.java:26)
